"Question","Intent","Answer"
"Hi","greeting_help","Hello! How can I help you today?"
"Hello","greeting_help","Hello! How can I help you today?"
"Hey","greeting_help","Hello! How can I help you today?"
"Hey there","greeting_help","Hello! How can I help you today?"
"Hi there","greeting_help","Hello! How can I help you today?"
"Hello there","greeting_help","Hello! How can I help you today?"
"Good morning","greeting_help","Hello! How can I help you today?"
"Good afternoon","greeting_help","Hello! How can I help you today?"
"Good evening","greeting_help","Hello! How can I help you today?"
"Greetings","greeting_help","Hello! How can I help you today?"
"Hi chatbot","greeting_help","Hello! How can I help you today?"
"Hello chatbot","greeting_help","Hello! How can I help you today?"
"Hey bot","greeting_help","Hello! How can I help you today?"
"Hi assistant","greeting_help","Hello! How can I help you today?"
"Hello assistant","greeting_help","Hello! How can I help you today?"
"Hi AI","greeting_help","Hello! How can I help you today?"
"Hello AI","greeting_help","Hello! How can I help you today?"
"Hey AI","greeting_help","Hello! How can I help you today?"
"Hi GPGC bot","greeting_help","Hello! How can I help you today?"
"Hello GPGC assistant","greeting_help","Hello! How can I help you today?"
"Can you help me?","greeting_help","Hello! How can I help you today?"
"I need help","greeting_help","Hello! How can I help you today?"
"Please help me","greeting_help","Hello! How can I help you today?"
"Help me","greeting_help","Hello! How can I help you today?"
"Need assistance","greeting_help","Hello! How can I help you today?"
"I need assistance","greeting_help","Hello! How can I help you today?"
"Can you assist me?","greeting_help","Hello! How can I help you today?"
"I want some help","greeting_help","Hello! How can I help you today?"
"I need some help","greeting_help","Hello! How can I help you today?"
"Can you guide me?","greeting_help","Hello! How can I help you today?"
"Guide me please","greeting_help","Hello! How can I help you today?"
"I have a question","greeting_help","Hello! How can I help you today?"
"I want to ask something","greeting_help","Hello! How can I help you today?"
"Can I ask a question?","greeting_help","Hello! How can I help you today?"
"May I ask something?","greeting_help","Hello! How can I help you today?"
"I need information","greeting_help","Hello! How can I help you today?"
"Looking for information","greeting_help","Hello! How can I help you today?"
"Can you give information?","greeting_help","Hello! How can I help you today?"
"Can you provide info?","greeting_help","Hello! How can I help you today?"
"Hello can you help?","greeting_help","Hello! How can I help you today?"
"Hi can you assist?","greeting_help","Hello! How can I help you today?"
"Hey I need help","greeting_help","Hello! How can I help you today?"
"Hello I have a query","greeting_help","Hello! How can I help you today?"
"Hi I have a question","greeting_help","Hello! How can I help you today?"
"Need guidance","greeting_help","Hello! How can I help you today?"
"I need guidance","greeting_help","Hello! How can I help you today?"
"Please guide me","greeting_help","Hello! How can I help you today?"
"Support needed","greeting_help","Hello! How can I help you today?"
"I need support","greeting_help","Hello! How can I help you today?"
"Can you support me?","greeting_help","Hello! How can I help you today?"
"Hello support","greeting_help","Hello! How can I help you today?"
"Hi support team","greeting_help","Hello! How can I help you today?"
"Hello help desk","greeting_help","Hello! How can I help you today?"
"Hi help desk","greeting_help","Hello! How can I help you today?"
"Hey help me please","greeting_help","Hello! How can I help you today?"
"Hello please help","greeting_help","Hello! How can I help you today?"
"Hi I need info","greeting_help","Hello! How can I help you today?"
"Hello I need info","greeting_help","Hello! How can I help you today?"
"Hi can I get help?","greeting_help","Hello! How can I help you today?"
"Hello can I ask?","greeting_help","Hello! How can I help you today?"
"I want assistance","greeting_help","Hello! How can I help you today?"
"I want help now","greeting_help","Hello! How can I help you today?"
"Help required","greeting_help","Hello! How can I help you today?"
"Need help urgently","greeting_help","Hello! How can I help you today?"
"Hello I need assistance","greeting_help","Hello! How can I help you today?"
"Hi I need assistance","greeting_help","Hello! How can I help you today?"
"Hey can you help me?","greeting_help","Hello! How can I help you today?"
"Hello can you guide me?","greeting_help","Hello! How can I help you today?"
"Hi can you guide me?","greeting_help","Hello! How can I help you today?"
"I am looking for help","greeting_help","Hello! How can I help you today?"
"I am looking for assistance","greeting_help","Hello! How can I help you today?"
"Greetings I need help","greeting_help","Hello! How can I help you today?"
"Good day","greeting_help","Hello! How can I help you today?"
"Good day can you help?","greeting_help","Hello! How can I help you today?"
"Hello there I need help","greeting_help","Hello! How can I help you today?"
"Hi there I need help","greeting_help","Hello! How can I help you today?"
"Hey there can you assist?","greeting_help","Hello! How can I help you today?"
"What is Government Postgraduate College Mansehra?","college_introduction","Government Postgraduate College Mansehra is a public-sector educational institution serving students since 1958 with intermediate, degree, postgraduate, and BS programs."
"Tell me about Government Postgraduate College Mansehra.","college_introduction","Government Postgraduate College Mansehra is a public-sector educational institution serving students since 1958 with intermediate, degree, postgraduate, and BS programs."
"Give an introduction of GC Mansehra.","college_introduction","Government Postgraduate College Mansehra is a public-sector educational institution serving students since 1958 with intermediate, degree, postgraduate, and BS programs."
"Describe Government Postgraduate College Mansehra.","college_introduction","Government Postgraduate College Mansehra is a public-sector educational institution serving students since 1958 with intermediate, degree, postgraduate, and BS programs."
"Provide details about GC Mansehra.","college_introduction","Government Postgraduate College Mansehra is a public-sector educational institution serving students since 1958 with intermediate, degree, postgraduate, and BS programs."
"Introduce GC Mansehra.","college_introduction","Government Postgraduate College Mansehra is a public-sector educational institution serving students since 1958 with intermediate, degree, postgraduate, and BS programs."
"What kind of college is GC Mansehra?","college_introduction","Government Postgraduate College Mansehra is a public-sector educational institution serving students since 1958 with intermediate, degree, postgraduate, and BS programs."
"Give a brief about GC Mansehra.","college_introduction","Government Postgraduate College Mansehra is a public-sector educational institution serving students since 1958 with intermediate, degree, postgraduate, and BS programs."
"GC Mansehra introduction?","college_introduction","Government Postgraduate College Mansehra is a public-sector educational institution serving students since 1958 with intermediate, degree, postgraduate, and BS programs."
"Information about Government Postgraduate College Mansehra?","college_introduction","Government Postgraduate College Mansehra is a public-sector educational institution serving students since 1958 with intermediate, degree, postgraduate, and BS programs."
"Tell me something about GC Mansehra.","college_introduction","Government Postgraduate College Mansehra is a public-sector educational institution serving students since 1958 with intermediate, degree, postgraduate, and BS programs."
"Give me a summary of GC Mansehra.","college_introduction","Government Postgraduate College Mansehra is a public-sector educational institution serving students since 1958 with intermediate, degree, postgraduate, and BS programs."
"Provide an overview of GC Mansehra.","college_introduction","Government Postgraduate College Mansehra is a public-sector educational institution serving students since 1958 with intermediate, degree, postgraduate, and BS programs."
"GC Mansehra details?","college_introduction","Government Postgraduate College Mansehra is a public-sector educational institution serving students since 1958 with intermediate, degree, postgraduate, and BS programs."
"Explain GC Mansehra.","college_introduction","Government Postgraduate College Mansehra is a public-sector educational institution serving students since 1958 with intermediate, degree, postgraduate, and BS programs."
"Information on GC Mansehra?","college_introduction","Government Postgraduate College Mansehra is a public-sector educational institution serving students since 1958 with intermediate, degree, postgraduate, and BS programs."
"Brief about Government Postgraduate College Mansehra.","college_introduction","Government Postgraduate College Mansehra is a public-sector educational institution serving students since 1958 with intermediate, degree, postgraduate, and BS programs."
"What is GC Mansehra all about?","college_introduction","Government Postgraduate College Mansehra is a public-sector educational institution serving students since 1958 with intermediate, degree, postgraduate, and BS programs."
"Give GC Mansehra info.","college_introduction","Government Postgraduate College Mansehra is a public-sector educational institution serving students since 1958 with intermediate, degree, postgraduate, and BS programs."
"Explain Government Postgraduate College Mansehra briefly.","college_introduction","Government Postgraduate College Mansehra is a public-sector educational institution serving students since 1958 with intermediate, degree, postgraduate, and BS programs."
"When was GC Mansehra established?","college_establishment_year","GC Mansehra was established in 1958 in a small building in Mansehra town."
"In which year was GC Mansehra founded?","college_establishment_year","GC Mansehra was established in 1958 in a small building in Mansehra town."
"What year did GC Mansehra start?","college_establishment_year","GC Mansehra was established in 1958 in a small building in Mansehra town."
"When did the college begin?","college_establishment_year","GC Mansehra was established in 1958 in a small building in Mansehra town."
"When was Government College Mansehra founded?","college_establishment_year","GC Mansehra was established in 1958 in a small building in Mansehra town."
"GC Mansehra founding year?","college_establishment_year","GC Mansehra was established in 1958 in a small building in Mansehra town."
"When was GC Mansehra officially established?","college_establishment_year","GC Mansehra was established in 1958 in a small building in Mansehra town."
"In what year did GC Mansehra start operating?","college_establishment_year","GC Mansehra was established in 1958 in a small building in Mansehra town."
"What year did GC Mansehra open?","college_establishment_year","GC Mansehra was established in 1958 in a small building in Mansehra town."
"Establishment year of GC Mansehra?","college_establishment_year","GC Mansehra was established in 1958 in a small building in Mansehra town."
"When did GC Mansehra first open?","college_establishment_year","GC Mansehra was established in 1958 in a small building in Mansehra town."
"GC Mansehra origin year?","college_establishment_year","GC Mansehra was established in 1958 in a small building in Mansehra town."
"What is the foundation year of GC Mansehra?","college_establishment_year","GC Mansehra was established in 1958 in a small building in Mansehra town."
"When did Government College Mansehra start?","college_establishment_year","GC Mansehra was established in 1958 in a small building in Mansehra town."
"GC Mansehra founding date?","college_establishment_year","GC Mansehra was established in 1958 in a small building in Mansehra town."
"Tell me when GC Mansehra was established.","college_establishment_year","GC Mansehra was established in 1958 in a small building in Mansehra town."
"In which year was Government College Mansehra started?","college_establishment_year","GC Mansehra was established in 1958 in a small building in Mansehra town."
"GC Mansehra started in which year?","college_establishment_year","GC Mansehra was established in 1958 in a small building in Mansehra town."
"When was the college founded?","college_establishment_year","GC Mansehra was established in 1958 in a small building in Mansehra town."
"Year GC Mansehra was established?","college_establishment_year","GC Mansehra was established in 1958 in a small building in Mansehra town."
"Who supports development work at the college?","development_support","Development work at GC Mansehra is carried out with the cooperation of different sources and organizations."
"Who helps with development projects at GC Mansehra?","development_support","Development work at GC Mansehra is carried out with the cooperation of different sources and organizations."
"Which organizations support development at the college?","development_support","Development work at GC Mansehra is carried out with the cooperation of different sources and organizations."
"Who funds development activities at GC Mansehra?","development_support","Development work at GC Mansehra is carried out with the cooperation of different sources and organizations."
"Who is responsible for development work at GC Mansehra?","development_support","Development work at GC Mansehra is carried out with the cooperation of different sources and organizations."
"Which entities assist in college development?","development_support","Development work at GC Mansehra is carried out with the cooperation of different sources and organizations."
"Who collaborates on development projects at GC Mansehra?","development_support","Development work at GC Mansehra is carried out with the cooperation of different sources and organizations."
"Who participates in GC Mansehra’s development work?","development_support","Development work at GC Mansehra is carried out with the cooperation of different sources and organizations."
"Which partners support GC Mansehra development?","development_support","Development work at GC Mansehra is carried out with the cooperation of different sources and organizations."
"Who helps the college with development?","development_support","Development work at GC Mansehra is carried out with the cooperation of different sources and organizations."
"Which organizations cooperate in GC Mansehra development?","development_support","Development work at GC Mansehra is carried out with the cooperation of different sources and organizations."
"Who provides assistance for college projects?","development_support","Development work at GC Mansehra is carried out with the cooperation of different sources and organizations."
"Who backs development initiatives at GC Mansehra?","development_support","Development work at GC Mansehra is carried out with the cooperation of different sources and organizations."
"Who participates in development work?","development_support","Development work at GC Mansehra is carried out with the cooperation of different sources and organizations."
"Who is involved in college development activities?","development_support","Development work at GC Mansehra is carried out with the cooperation of different sources and organizations."
"Who helps implement development projects?","development_support","Development work at GC Mansehra is carried out with the cooperation of different sources and organizations."
"Who supports infrastructure and development work at GC Mansehra?","development_support","Development work at GC Mansehra is carried out with the cooperation of different sources and organizations."
"Which organizations help with college development?","development_support","Development work at GC Mansehra is carried out with the cooperation of different sources and organizations."
"Who coordinates development programs at GC Mansehra?","development_support","Development work at GC Mansehra is carried out with the cooperation of different sources and organizations."
"Who contributes to GC Mansehra development work?","development_support","Development work at GC Mansehra is carried out with the cooperation of different sources and organizations."
"Why should students choose GC Mansehra?","college_selection_reason","GC Mansehra offers quality education, experienced faculty, modern facilities, and a supportive learning environment."
"What makes GC Mansehra a good choice for students?","college_selection_reason","GC Mansehra offers quality education, experienced faculty, modern facilities, and a supportive learning environment."
"Why pick GC Mansehra for higher education?","college_selection_reason","GC Mansehra offers quality education, experienced faculty, modern facilities, and a supportive learning environment."
"Reasons to choose GC Mansehra?","college_selection_reason","GC Mansehra offers quality education, experienced faculty, modern facilities, and a supportive learning environment."
"Why attend GC Mansehra?","college_selection_reason","GC Mansehra offers quality education, experienced faculty, modern facilities, and a supportive learning environment."
"Why should students enroll at GC Mansehra?","college_selection_reason","GC Mansehra offers quality education, experienced faculty, modern facilities, and a supportive learning environment."
"What benefits do students get at GC Mansehra?","college_selection_reason","GC Mansehra offers quality education, experienced faculty, modern facilities, and a supportive learning environment."
"Why is GC Mansehra recommended for students?","college_selection_reason","GC Mansehra offers quality education, experienced faculty, modern facilities, and a supportive learning environment."
"What makes GC Mansehra ideal for students?","college_selection_reason","GC Mansehra offers quality education, experienced faculty, modern facilities, and a supportive learning environment."
"Why choose GC Mansehra over other colleges?","college_selection_reason","GC Mansehra offers quality education, experienced faculty, modern facilities, and a supportive learning environment."
"Why is GC Mansehra preferred by students?","college_selection_reason","GC Mansehra offers quality education, experienced faculty, modern facilities, and a supportive learning environment."
"Why should one join GC Mansehra?","college_selection_reason","GC Mansehra offers quality education, experienced faculty, modern facilities, and a supportive learning environment."
"What advantages does GC Mansehra provide?","college_selection_reason","GC Mansehra offers quality education, experienced faculty, modern facilities, and a supportive learning environment."
"Why select GC Mansehra for studies?","college_selection_reason","GC Mansehra offers quality education, experienced faculty, modern facilities, and a supportive learning environment."
"Why is GC Mansehra an excellent choice?","college_selection_reason","GC Mansehra offers quality education, experienced faculty, modern facilities, and a supportive learning environment."
"Why enroll in GC Mansehra?","college_selection_reason","GC Mansehra offers quality education, experienced faculty, modern facilities, and a supportive learning environment."
"What makes GC Mansehra suitable for students?","college_selection_reason","GC Mansehra offers quality education, experienced faculty, modern facilities, and a supportive learning environment."
"Why GC Mansehra is a good option for education?","college_selection_reason","GC Mansehra offers quality education, experienced faculty, modern facilities, and a supportive learning environment."
"Why students prefer GC Mansehra?","college_selection_reason","GC Mansehra offers quality education, experienced faculty, modern facilities, and a supportive learning environment."
"Reasons to study at GC Mansehra?","college_selection_reason","GC Mansehra offers quality education, experienced faculty, modern facilities, and a supportive learning environment."
"How does GC Mansehra help students succeed?","student_support","The college has dedicated and qualified staff who guide students academically and personally."
"How does the college support students' success?","student_support","The college has dedicated and qualified staff who guide students academically and personally."
"In what ways does GC Mansehra assist students?","student_support","The college has dedicated and qualified staff who guide students academically and personally."
"How does GC Mansehra help students achieve goals?","student_support","The college has dedicated and qualified staff who guide students academically and personally."
"How are students guided at GC Mansehra?","student_support","The college has dedicated and qualified staff who guide students academically and personally."
"How does GC Mansehra ensure student success?","student_support","The college has dedicated and qualified staff who guide students academically and personally."
"What support do students get at GC Mansehra?","student_support","The college has dedicated and qualified staff who guide students academically and personally."
"How does the college guide students?","student_support","The college has dedicated and qualified staff who guide students academically and personally."
"In what ways does GC Mansehra provide student support?","student_support","The college has dedicated and qualified staff who guide students academically and personally."
"How does GC Mansehra mentor students?","student_support","The college has dedicated and qualified staff who guide students academically and personally."
"How are students helped at GC Mansehra?","student_support","The college has dedicated and qualified staff who guide students academically and personally."
"How does GC Mansehra ensure academic guidance?","student_support","The college has dedicated and qualified staff who guide students academically and personally."
"How does GC Mansehra facilitate learning for students?","student_support","The college has dedicated and qualified staff who guide students academically and personally."
"What academic support is provided at GC Mansehra?","student_support","The college has dedicated and qualified staff who guide students academically and personally."
"How does GC Mansehra assist students personally and academically?","student_support","The college has dedicated and qualified staff who guide students academically and personally."
"How does GC Mansehra help students progress?","student_support","The college has dedicated and qualified staff who guide students academically and personally."
"In which ways does GC Mansehra support learners?","student_support","The college has dedicated and qualified staff who guide students academically and personally."
"What guidance is offered at GC Mansehra?","student_support","The college has dedicated and qualified staff who guide students academically and personally."
"How is student success achieved at GC Mansehra?","student_support","The college has dedicated and qualified staff who guide students academically and personally."
"How are students mentored at GC Mansehra?","student_support","The college has dedicated and qualified staff who guide students academically and personally."
"What kind of learning environment does GC Mansehra offer?","learning_environment","The college provides a vibrant, lively, and student-friendly learning environment."
"What type of learning environment is available at GC Mansehra?","learning_environment","The college provides a vibrant, lively, and student-friendly learning environment."
"Describe GC Mansehra's learning environment.","learning_environment","The college provides a vibrant, lively, and student-friendly learning environment."
"How is the learning environment at GC Mansehra?","learning_environment","The college provides a vibrant, lively, and student-friendly learning environment."
"What kind of academic atmosphere exists at GC Mansehra?","learning_environment","The college provides a vibrant, lively, and student-friendly learning environment."
"How does GC Mansehra create a learning environment?","learning_environment","The college provides a vibrant, lively, and student-friendly learning environment."
"What kind of campus atmosphere does GC Mansehra have?","learning_environment","The college provides a vibrant, lively, and student-friendly learning environment."
"Describe the educational environment at GC Mansehra.","learning_environment","The college provides a vibrant, lively, and student-friendly learning environment."
"What is the learning atmosphere like at GC Mansehra?","learning_environment","The college provides a vibrant, lively, and student-friendly learning environment."
"How is the academic environment at GC Mansehra?","learning_environment","The college provides a vibrant, lively, and student-friendly learning environment."
"What environment does GC Mansehra provide for students?","learning_environment","The college provides a vibrant, lively, and student-friendly learning environment."
"Tell me about GC Mansehra's learning environment.","learning_environment","The college provides a vibrant, lively, and student-friendly learning environment."
"What kind of student-friendly environment is offered?","learning_environment","The college provides a vibrant, lively, and student-friendly learning environment."
"What is the campus like at GC Mansehra?","learning_environment","The college provides a vibrant, lively, and student-friendly learning environment."
"How student-centered is GC Mansehra?","learning_environment","The college provides a vibrant, lively, and student-friendly learning environment."
"What makes GC Mansehra's learning environment special?","learning_environment","The college provides a vibrant, lively, and student-friendly learning environment."
"What kind of student experience does GC Mansehra provide?","learning_environment","The college provides a vibrant, lively, and student-friendly learning environment."
"How conducive is GC Mansehra for learning?","learning_environment","The college provides a vibrant, lively, and student-friendly learning environment."
"Describe the student atmosphere at GC Mansehra.","learning_environment","The college provides a vibrant, lively, and student-friendly learning environment."
"How is the environment for learning at GC Mansehra?","learning_environment","The college provides a vibrant, lively, and student-friendly learning environment."
"Are teachers at GC Mansehra well qualified?","faculty_qualification","Yes, the teachers are well qualified and continuously update their skills and expertise."
"Are the faculty members at GC Mansehra highly qualified?","faculty_qualification","Yes, the teachers are well qualified and continuously update their skills and expertise."
"Do GC Mansehra teachers have good qualifications?","faculty_qualification","Yes, the teachers are well qualified and continuously update their skills and expertise."
"Is the teaching staff at GC Mansehra competent?","faculty_qualification","Yes, the teachers are well qualified and continuously update their skills and expertise."
"Are GC Mansehra teachers skilled and experienced?","faculty_qualification","Yes, the teachers are well qualified and continuously update their skills and expertise."
"Do GC Mansehra teachers have proper credentials?","faculty_qualification","Yes, the teachers are well qualified and continuously update their skills and expertise."
"Are the professors at GC Mansehra well trained?","faculty_qualification","Yes, the teachers are well qualified and continuously update their skills and expertise."
"Are the faculty members competent at GC Mansehra?","faculty_qualification","Yes, the teachers are well qualified and continuously update their skills and expertise."
"Is the teaching staff qualified at GC Mansehra?","faculty_qualification","Yes, the teachers are well qualified and continuously update their skills and expertise."
"Are the teachers at GC Mansehra professionally qualified?","faculty_qualification","Yes, the teachers are well qualified and continuously update their skills and expertise."
"Do teachers at GC Mansehra have expertise?","faculty_qualification","Yes, the teachers are well qualified and continuously update their skills and expertise."
"Are GC Mansehra teachers experienced in their subjects?","faculty_qualification","Yes, the teachers are well qualified and continuously update their skills and expertise."
"Are the instructors at GC Mansehra well qualified?","faculty_qualification","Yes, the teachers are well qualified and continuously update their skills and expertise."
"Is the faculty at GC Mansehra highly skilled?","faculty_qualification","Yes, the teachers are well qualified and continuously update their skills and expertise."
"Are GC Mansehra teachers proficient?","faculty_qualification","Yes, the teachers are well qualified and continuously update their skills and expertise."
"Do the teachers at GC Mansehra update their skills?","faculty_qualification","Yes, the teachers are well qualified and continuously update their skills and expertise."
"Are the professors skilled at GC Mansehra?","faculty_qualification","Yes, the teachers are well qualified and continuously update their skills and expertise."
"Are GC Mansehra lecturers highly qualified?","faculty_qualification","Yes, the teachers are well qualified and continuously update their skills and expertise."
"Are GC Mansehra faculty members competent?","faculty_qualification","Yes, the teachers are well qualified and continuously update their skills and expertise."
"Do the faculty at GC Mansehra maintain expertise?","faculty_qualification","Yes, the teachers are well qualified and continuously update their skills and expertise."
"What is the teaching reputation of the college?","teaching_quality","GC Mansehra is known for outstanding teaching and excellent academic results."
"Does the college focus only on academics?","holistic_education","No, the college believes in holistic development beyond academics."
"Is GC Mansehra only concerned with academic studies?","holistic_education","No, the college believes in holistic development beyond academics."
"Does GC Mansehra support overall student growth?","holistic_education","No, the college believes in holistic development beyond academics."
"Is the college’s focus purely academic?","holistic_education","No, the college believes in holistic development beyond academics."
"Does the college provide a balanced education beyond academics?","holistic_education","No, the college believes in holistic development beyond academics."
"Does GC Mansehra encourage personal development too?","holistic_education","No, the college believes in holistic development beyond academics."
"Is holistic development considered at GC Mansehra?","holistic_education","No, the college believes in holistic development beyond academics."
"Does the college offer activities besides studies?","holistic_education","No, the college believes in holistic development beyond academics."
"Are students guided beyond academics at GC Mansehra?","holistic_education","No, the college believes in holistic development beyond academics."
"Is student growth at GC Mansehra only academic?","holistic_education","No, the college believes in holistic development beyond academics."
"Does the college promote mental, physical, and social growth?","holistic_education","No, the college believes in holistic development beyond academics."
"Is education at GC Mansehra well-rounded?","holistic_education","No, the college believes in holistic development beyond academics."
"Does GC Mansehra focus on character building as well?","holistic_education","No, the college believes in holistic development beyond academics."
"Are students’ skills beyond academics developed at GC Mansehra?","holistic_education","No, the college believes in holistic development beyond academics."
"Is there support for all-round development at the college?","holistic_education","No, the college believes in holistic development beyond academics."
"What qualities does GC Mansehra promote in students?","student_character","The college promotes self-confidence, energy, ambition, and a desire to learn and succeed."
"What traits are encouraged among students?","student_character","The college promotes self-confidence, energy, ambition, and a desire to learn and succeed."
"Which qualities does the college develop in its students?","student_character","The college promotes self-confidence, energy, ambition, and a desire to learn and succeed."
"What characteristics are fostered at GC Mansehra?","student_character","The college promotes self-confidence, energy, ambition, and a desire to learn and succeed."
"What personality traits are emphasized?","student_character","The college promotes self-confidence, energy, ambition, and a desire to learn and succeed."
"Does GC Mansehra cultivate ambition in students?","student_character","The college promotes self-confidence, energy, ambition, and a desire to learn and succeed."
"Are students encouraged to be confident and motivated?","student_character","The college promotes self-confidence, energy, ambition, and a desire to learn and succeed."
"What skills and attributes are developed at GC Mansehra?","student_character","The college promotes self-confidence, energy, ambition, and a desire to learn and succeed."
"How does the college shape student character?","student_character","The college promotes self-confidence, energy, ambition, and a desire to learn and succeed."
"Does GC Mansehra promote leadership qualities?","student_character","The college promotes self-confidence, energy, ambition, and a desire to learn and succeed."
"Which positive habits are cultivated in students?","student_character","The college promotes self-confidence, energy, ambition, and a desire to learn and succeed."
"What kind of attitude does GC Mansehra encourage?","student_character","The college promotes self-confidence, energy, ambition, and a desire to learn and succeed."
"Are students taught to be energetic and ambitious?","student_character","The college promotes self-confidence, energy, ambition, and a desire to learn and succeed."
"Does GC Mansehra instill a love for learning?","student_character","The college promotes self-confidence, energy, ambition, and a desire to learn and succeed."
"What mindset is promoted in students?","student_character","The college promotes self-confidence, energy, ambition, and a desire to learn and succeed."
"What values are emphasized at GC Mansehra?","institutional_values","The college promotes respect, integrity, honesty, and openness."
"Which values does GC Mansehra uphold?","institutional_values","The college promotes respect, integrity, honesty, and openness."
"What principles are encouraged at the college?","institutional_values","The college promotes respect, integrity, honesty, and openness."
"What ethical standards are emphasized in students?","institutional_values","The college promotes respect, integrity, honesty, and openness."
"Does the college focus on honesty and respect?","institutional_values","The college promotes respect, integrity, honesty, and openness."
"What moral values are taught at GC Mansehra?","institutional_values","The college promotes respect, integrity, honesty, and openness."
"How does GC Mansehra promote integrity among students?","institutional_values","The college promotes respect, integrity, honesty, and openness."
"Which character values are encouraged at GC Mansehra?","institutional_values","The college promotes respect, integrity, honesty, and openness."
"Are students taught to be respectful and honest?","institutional_values","The college promotes respect, integrity, honesty, and openness."
"What ethical principles guide students?","institutional_values","The college promotes respect, integrity, honesty, and openness."
"Does the college promote openness and integrity?","institutional_values","The college promotes respect, integrity, honesty, and openness."
"What kind of values are highlighted at GC Mansehra?","institutional_values","The college promotes respect, integrity, honesty, and openness."
"Which qualities does the college emphasize in students?","institutional_values","The college promotes respect, integrity, honesty, and openness."
"Are ethical standards a focus at GC Mansehra?","institutional_values","The college promotes respect, integrity, honesty, and openness."
"How are honesty and respect instilled in students?","institutional_values","The college promotes respect, integrity, honesty, and openness."
"What discipline standards are expected from students?","student_discipline","Students are expected to be punctual, disciplined, attend regularly, and work hard."
"What rules must students follow?","student_discipline","Students are expected to be punctual, disciplined, attend regularly, and work hard."
"How should students maintain discipline at GC Mansehra?","student_discipline","Students are expected to be punctual, disciplined, attend regularly, and work hard."
"What behavioral standards are expected from students?","student_discipline","Students are expected to be punctual, disciplined, attend regularly, and work hard."
"Are students required to be punctual and disciplined?","student_discipline","Students are expected to be punctual, disciplined, attend regularly, and work hard."
"What expectations exist for student discipline?","student_discipline","Students are expected to be punctual, disciplined, attend regularly, and work hard."
"How should students behave at GC Mansehra?","student_discipline","Students are expected to be punctual, disciplined, attend regularly, and work hard."
"Which habits are important for students to follow?","student_discipline","Students are expected to be punctual, disciplined, attend regularly, and work hard."
"Are students expected to attend regularly?","student_discipline","Students are expected to be punctual, disciplined, attend regularly, and work hard."
"What are the college rules for student discipline?","student_discipline","Students are expected to be punctual, disciplined, attend regularly, and work hard."
"How does GC Mansehra enforce discipline?","student_discipline","Students are expected to be punctual, disciplined, attend regularly, and work hard."
"Which standards should students adhere to?","student_discipline","Students are expected to be punctual, disciplined, attend regularly, and work hard."
"Are students expected to work hard consistently?","student_discipline","Students are expected to be punctual, disciplined, attend regularly, and work hard."
"Does GC Mansehra require disciplined behavior?","student_discipline","Students are expected to be punctual, disciplined, attend regularly, and work hard."
"What is expected from students regarding discipline?","student_discipline","Students are expected to be punctual, disciplined, attend regularly, and work hard."
"Does the college offer extracurricular activities?","extracurricular_activities","Yes, GC Mansehra offers various extracurricular and co-curricular activities."
"Are there extracurricular activities at GC Mansehra?","extracurricular_activities","Yes, GC Mansehra offers various extracurricular and co-curricular activities."
"Does GC Mansehra provide co-curricular opportunities?","extracurricular_activities","Yes, GC Mansehra offers various extracurricular and co-curricular activities."
"Can students participate in activities outside class?","extracurricular_activities","Yes, GC Mansehra offers various extracurricular and co-curricular activities."
"Are sports and clubs available for students?","extracurricular_activities","Yes, GC Mansehra offers various extracurricular and co-curricular activities."
"Does GC Mansehra organize student activities?","extracurricular_activities","Yes, GC Mansehra offers various extracurricular and co-curricular activities."
"Are co-curricular events conducted at the college?","extracurricular_activities","Yes, GC Mansehra offers various extracurricular and co-curricular activities."
"What kind of extracurricular programs are offered?","extracurricular_activities","Yes, GC Mansehra offers various extracurricular and co-curricular activities."
"Does the college promote student engagement outside academics?","extracurricular_activities","Yes, GC Mansehra offers various extracurricular and co-curricular activities."
"Are students encouraged to join clubs and societies?","extracurricular_activities","Yes, GC Mansehra offers various extracurricular and co-curricular activities."
"Does GC Mansehra host cultural and sports events?","extracurricular_activities","Yes, GC Mansehra offers various extracurricular and co-curricular activities."
"Are there programs besides classes at the college?","extracurricular_activities","Yes, GC Mansehra offers various extracurricular and co-curricular activities."
"Can students take part in arts and sports activities?","extracurricular_activities","Yes, GC Mansehra offers various extracurricular and co-curricular activities."
"Are extra programs organized for student growth?","extracurricular_activities","Yes, GC Mansehra offers various extracurricular and co-curricular activities."
"Does the college arrange competitions and activities?","extracurricular_activities","Yes, GC Mansehra offers various extracurricular and co-curricular activities."
"Are sports events organized at the college?","sports_activities","Yes, sports galas are organized to promote physical fitness and teamwork."
"Does GC Mansehra host sports competitions?","sports_activities","Yes, sports galas are organized to promote physical fitness and teamwork."
"Are athletic events arranged at the college?","sports_activities","Yes, sports galas are organized to promote physical fitness and teamwork."
"Does the college hold annual sports galas?","sports_activities","Yes, sports galas are organized to promote physical fitness and teamwork."
"Are students encouraged to participate in sports?","sports_activities","Yes, sports galas are organized to promote physical fitness and teamwork."
"Are physical fitness events conducted at GC Mansehra?","sports_activities","Yes, sports galas are organized to promote physical fitness and teamwork."
"Does GC Mansehra promote teamwork through sports?","sports_activities","Yes, sports galas are organized to promote physical fitness and teamwork."
"Are sports competitions part of college activities?","sports_activities","Yes, sports galas are organized to promote physical fitness and teamwork."
"Does the college organize inter-class sports events?","sports_activities","Yes, sports galas are organized to promote physical fitness and teamwork."
"Are athletic galas held to encourage students?","sports_activities","Yes, sports galas are organized to promote physical fitness and teamwork."
"Does the college arrange team sports activities?","sports_activities","Yes, sports galas are organized to promote physical fitness and teamwork."
"Are outdoor sports programs part of the curriculum?","sports_activities","Yes, sports galas are organized to promote physical fitness and teamwork."
"Does GC Mansehra conduct sports tournaments?","sports_activities","Yes, sports galas are organized to promote physical fitness and teamwork."
"Are physical education events organized regularly?","sports_activities","Yes, sports galas are organized to promote physical fitness and teamwork."
"Do students engage in fitness and team activities?","sports_activities","Yes, sports galas are organized to promote physical fitness and teamwork."
"Does the college arrange educational trips?","student_trips","Yes, hiking, adventure trips, and visits to historical places are arranged."
"Does GC Mansehra encourage social work?","social_responsibility","Yes, students participate in social work activities and awareness walks."
"Are students at GC Mansehra involved in community service?","social_responsibility","Yes, students participate in social work activities and awareness walks."
"Does the college promote volunteer and social work?","social_responsibility","Yes, students participate in social work activities and awareness walks."
"Are social awareness activities conducted by students?","social_responsibility","Yes, students participate in social work activities and awareness walks."
"Does GC Mansehra organize social responsibility programs?","social_responsibility","Yes, students participate in social work activities and awareness walks."
"Are students encouraged to engage in social work?","social_responsibility","Yes, students participate in social work activities and awareness walks."
"Do students participate in community outreach programs?","social_responsibility","Yes, students participate in social work activities and awareness walks."
"Is social work part of student activities at the college?","social_responsibility","Yes, students participate in social work activities and awareness walks."
"Does the college motivate students for social contributions?","social_responsibility","Yes, students participate in social work activities and awareness walks."
"Are students at GC Mansehra active in social causes?","social_responsibility","Yes, students participate in social work activities and awareness walks."
"Does GC Mansehra involve students in charity work?","social_responsibility","Yes, students participate in social work activities and awareness walks."
"Are awareness walks organized by the college?","social_responsibility","Yes, students participate in social work activities and awareness walks."
"Are students trained for social responsibility?","social_responsibility","Yes, students participate in social work activities and awareness walks."
"Does the college run social initiatives with students?","social_responsibility","Yes, students participate in social work activities and awareness walks."
"Are students encouraged to help the community?","social_responsibility","Yes, students participate in social work activities and awareness walks."
"Are fun events held on campus?","fun_events","Yes, fun fairs and recreational events are organized regularly."
"Does GC Mansehra organize recreational events?","fun_events","Yes, fun fairs and recreational events are organized regularly."
"Are students entertained with campus events?","fun_events","Yes, fun fairs and recreational events are organized regularly."
"Does the college host fun and cultural activities?","fun_events","Yes, fun fairs and recreational events are organized regularly."
"Are fairs and entertainment programs conducted?","fun_events","Yes, fun fairs and recreational events are organized regularly."
"Do students enjoy campus fun events?","fun_events","Yes, fun fairs and recreational events are organized regularly."
"Are festivals or fairs arranged at GC Mansehra?","fun_events","Yes, fun fairs and recreational events are organized regularly."
"Does the college organize leisure and fun activities?","fun_events","Yes, fun fairs and recreational events are organized regularly."
"Are amusement events arranged for students?","fun_events","Yes, fun fairs and recreational events are organized regularly."
"Does GC Mansehra provide recreational programs?","fun_events","Yes, fun fairs and recreational events are organized regularly."
"Are fun activities part of student life?","fun_events","Yes, fun fairs and recreational events are organized regularly."
"Do students participate in cultural events at the college?","fun_events","Yes, fun fairs and recreational events are organized regularly."
"Are social and fun fairs held regularly?","fun_events","Yes, fun fairs and recreational events are organized regularly."
"Does the college organize regular fun gatherings?","fun_events","Yes, fun fairs and recreational events are organized regularly."
"Are events designed for student enjoyment conducted?","fun_events","Yes, fun fairs and recreational events are organized regularly."
"Where is GC Mansehra currently located?","college_location","The college is currently located at College Doraha Mansehra."
"What is the address of GC Mansehra?","college_location","The college is currently located at College Doraha Mansehra."
"Where can I find Government College Mansehra?","college_location","The college is currently located at College Doraha Mansehra."
"Where is the college campus situated?","college_location","The college is currently located at College Doraha Mansehra."
"What is the current location of GC Mansehra?","college_location","The college is currently located at College Doraha Mansehra."
"Where is the main campus of the college?","college_location","The college is currently located at College Doraha Mansehra."
"Where is GC Mansehra situated now?","college_location","The college is currently located at College Doraha Mansehra."
"Can you tell me the location of GC Mansehra?","college_location","The college is currently located at College Doraha Mansehra."
"What is the physical address of the college?","college_location","The college is currently located at College Doraha Mansehra."
"Where is the college located for visits?","college_location","The college is currently located at College Doraha Mansehra."
"Which area is GC Mansehra located in?","college_location","The college is currently located at College Doraha Mansehra."
"Where do classes take place at GC Mansehra?","college_location","The college is currently located at College Doraha Mansehra."
"Where is the college building located?","college_location","The college is currently located at College Doraha Mansehra."
"What is the exact campus address of GC Mansehra?","college_location","The college is currently located at College Doraha Mansehra."
"Where should I go to visit GC Mansehra?","college_location","The college is currently located at College Doraha Mansehra."
"What is the official phone number of the college?","contact_phone","The official phone number is 0997-530913."
"Can I get GC Mansehra’s phone contact?","contact_phone","The official phone number is 0997-530913."
"What is the college contact number?","contact_phone","The official phone number is 0997-530913."
"How can I reach GC Mansehra by phone?","contact_phone","The official phone number is 0997-530913."
"Which number can I call for GC Mansehra?","contact_phone","The official phone number is 0997-530913."
"Is there a phone line for the college?","contact_phone","The official phone number is 0997-530913."
"How to contact GC Mansehra via phone?","contact_phone","The official phone number is 0997-530913."
"What is the telephone number for the college?","contact_phone","The official phone number is 0997-530913."
"Can you share the official phone number?","contact_phone","The official phone number is 0997-530913."
"Which phone number is for GC Mansehra?","contact_phone","The official phone number is 0997-530913."
"How do I call the college office?","contact_phone","The official phone number is 0997-530913."
"What is GC Mansehra’s contact number?","contact_phone","The official phone number is 0997-530913."
"Which number connects to the college?","contact_phone","The official phone number is 0997-530913."
"Can I contact the college via telephone?","contact_phone","The official phone number is 0997-530913."
"What is the official contact line of GC Mansehra?","contact_phone","The official phone number is 0997-530913."
"What is the official email address of GC Mansehra?","contact_email","The official email address is info@gcmansehra.edu.pk."
"Can I email GC Mansehra?","contact_email","The official email address is info@gcmansehra.edu.pk."
"What is the college’s official email?","contact_email","The official email address is info@gcmansehra.edu.pk."
"Which email can I use to contact the college?","contact_email","The official email address is info@gcmansehra.edu.pk."
"How do I send an email to GC Mansehra?","contact_email","The official email address is info@gcmansehra.edu.pk."
"What is the email ID for GC Mansehra?","contact_email","The official email address is info@gcmansehra.edu.pk."
"Which email address is official for the college?","contact_email","The official email address is info@gcmansehra.edu.pk."
"Can I contact the college via email?","contact_email","The official email address is info@gcmansehra.edu.pk."
"What is the email to reach GC Mansehra?","contact_email","The official email address is info@gcmansehra.edu.pk."
"How can I contact the college electronically?","contact_email","The official email address is info@gcmansehra.edu.pk."
"Which is the official email ID of the college?","contact_email","The official email address is info@gcmansehra.edu.pk."
"Is there an official email for GC Mansehra?","contact_email","The official email address is info@gcmansehra.edu.pk."
"What email should I use for college inquiries?","contact_email","The official email address is info@gcmansehra.edu.pk."
"Can I email the administrative office of GC Mansehra?","contact_email","The official email address is info@gcmansehra.edu.pk."
"What is GC Mansehra’s administrative email?","contact_email","The official email address is info@gcmansehra.edu.pk."
"Is the college focused on continuous improvement?","continuous_improvement","Yes, the college continuously works to improve facilities, programs, and infrastructure."
"Does GC Mansehra strive for ongoing development?","continuous_improvement","Yes, the college continuously works to improve facilities, programs, and infrastructure."
"Is the college always improving its infrastructure and programs?","continuous_improvement","Yes, the college continuously works to improve facilities, programs, and infrastructure."
"Does GC Mansehra focus on upgrading its facilities?","continuous_improvement","Yes, the college continuously works to improve facilities, programs, and infrastructure."
"Is continuous development a goal at the college?","continuous_improvement","Yes, the college continuously works to improve facilities, programs, and infrastructure."
"Does the college constantly enhance its programs?","continuous_improvement","Yes, the college continuously works to improve facilities, programs, and infrastructure."
"Is improvement a regular focus at GC Mansehra?","continuous_improvement","Yes, the college continuously works to improve facilities, programs, and infrastructure."
"Does the college work on developing new facilities?","continuous_improvement","Yes, the college continuously works to improve facilities, programs, and infrastructure."
"Are programs and infrastructure regularly upgraded?","continuous_improvement","Yes, the college continuously works to improve facilities, programs, and infrastructure."
"Does GC Mansehra emphasize constant enhancement?","continuous_improvement","Yes, the college continuously works to improve facilities, programs, and infrastructure."
"Is progress and development prioritized at the college?","continuous_improvement","Yes, the college continuously works to improve facilities, programs, and infrastructure."
"Does the college focus on bettering its services?","continuous_improvement","Yes, the college continuously works to improve facilities, programs, and infrastructure."
"Is there ongoing improvement at GC Mansehra?","continuous_improvement","Yes, the college continuously works to improve facilities, programs, and infrastructure."
"Does the college keep updating programs and infrastructure?","continuous_improvement","Yes, the college continuously works to improve facilities, programs, and infrastructure."
"Does GC Mansehra work continuously to enhance quality?","continuous_improvement","Yes, the college continuously works to improve facilities, programs, and infrastructure."
"How long has GC Mansehra been serving students?","institutional_legacy","GC Mansehra has been serving students for more than six decades."
"For how many years has the college been operational?","institutional_legacy","GC Mansehra has been serving students for more than six decades."
"Since when has GC Mansehra been educating students?","institutional_legacy","GC Mansehra has been serving students for more than six decades."
"How old is GC Mansehra as an institution?","institutional_legacy","GC Mansehra has been serving students for more than six decades."
"How long has the college been in existence?","institutional_legacy","GC Mansehra has been serving students for more than six decades."
"For how many decades has GC Mansehra been active?","institutional_legacy","GC Mansehra has been serving students for more than six decades."
"How many years has the college served the community?","institutional_legacy","GC Mansehra has been serving students for more than six decades."
"Since what year has GC Mansehra been serving students?","institutional_legacy","GC Mansehra has been serving students for more than six decades."
"How long has GC Mansehra contributed to education?","institutional_legacy","GC Mansehra has been serving students for more than six decades."
"For how many years has the college been functioning?","institutional_legacy","GC Mansehra has been serving students for more than six decades."
"How long has GC Mansehra been providing education?","institutional_legacy","GC Mansehra has been serving students for more than six decades."
"What is the historical legacy of GC Mansehra?","institutional_legacy","GC Mansehra has been serving students for more than six decades."
"How many years has the college existed?","institutional_legacy","GC Mansehra has been serving students for more than six decades."
"How long has GC Mansehra educated generations?","institutional_legacy","GC Mansehra has been serving students for more than six decades."
"Since when has GC Mansehra been part of the education system?","institutional_legacy","GC Mansehra has been serving students for more than six decades."
"What makes GC Mansehra unique?","unique_selling_point","Its long history, government status, quality teaching, strong values, and balanced student life make it unique."
"What are the unique features of GC Mansehra?","unique_selling_point","Its long history, government status, quality teaching, strong values, and balanced student life make it unique."
"Why is GC Mansehra considered special?","unique_selling_point","Its long history, government status, quality teaching, strong values, and balanced student life make it unique."
"What distinguishes GC Mansehra from other colleges?","unique_selling_point","Its long history, government status, quality teaching, strong values, and balanced student life make it unique."
"Why choose GC Mansehra over other colleges?","unique_selling_point","Its long history, government status, quality teaching, strong values, and balanced student life make it unique."
"What makes Government Postgraduate College Mansehra stand out?","unique_selling_point","Its long history, government status, quality teaching, strong values, and balanced student life make it unique."
"What are the highlights of GC Mansehra?","unique_selling_point","Its long history, government status, quality teaching, strong values, and balanced student life make it unique."
"What sets GC Mansehra apart?","unique_selling_point","Its long history, government status, quality teaching, strong values, and balanced student life make it unique."
"What is special about studying at GC Mansehra?","unique_selling_point","Its long history, government status, quality teaching, strong values, and balanced student life make it unique."
"Why is GC Mansehra notable?","unique_selling_point","Its long history, government status, quality teaching, strong values, and balanced student life make it unique."
"What makes GC Mansehra different from other colleges?","unique_selling_point","Its long history, government status, quality teaching, strong values, and balanced student life make it unique."
"What key aspects make GC Mansehra distinct?","unique_selling_point","Its long history, government status, quality teaching, strong values, and balanced student life make it unique."
"Which features make GC Mansehra exceptional?","unique_selling_point","Its long history, government status, quality teaching, strong values, and balanced student life make it unique."
"Why is GC Mansehra recognized as unique?","unique_selling_point","Its long history, government status, quality teaching, strong values, and balanced student life make it unique."
"What qualities make GC Mansehra remarkable?","unique_selling_point","Its long history, government status, quality teaching, strong values, and balanced student life make it unique."
"Can students build lifelong memories at GC Mansehra?","student_experience","Yes, the college focuses on skills, experiences, and memories that last a lifetime."
"Do students create lasting memories at GC Mansehra?","student_experience","Yes, the college focuses on skills, experiences, and memories that last a lifetime."
"Is student life memorable at GC Mansehra?","student_experience","Yes, the college focuses on skills, experiences, and memories that last a lifetime."
"Can experiences at GC Mansehra impact students long-term?","student_experience","Yes, the college focuses on skills, experiences, and memories that last a lifetime."
"Do students enjoy meaningful experiences at GC Mansehra?","student_experience","Yes, the college focuses on skills, experiences, and memories that last a lifetime."
"Are students able to build life-long skills at GC Mansehra?","student_experience","Yes, the college focuses on skills, experiences, and memories that last a lifetime."
"Does GC Mansehra provide unforgettable experiences?","student_experience","Yes, the college focuses on skills, experiences, and memories that last a lifetime."
"Do students gain memorable experiences in college life?","student_experience","Yes, the college focuses on skills, experiences, and memories that last a lifetime."
"Can students make lifelong connections at GC Mansehra?","student_experience","Yes, the college focuses on skills, experiences, and memories that last a lifetime."
"Is the student experience at GC Mansehra meaningful?","student_experience","Yes, the college focuses on skills, experiences, and memories that last a lifetime."
"Do students create lasting memories during college years?","student_experience","Yes, the college focuses on skills, experiences, and memories that last a lifetime."
"Can students gain valuable memories at GC Mansehra?","student_experience","Yes, the college focuses on skills, experiences, and memories that last a lifetime."
"Are life-long memories part of student life at GC Mansehra?","student_experience","Yes, the college focuses on skills, experiences, and memories that last a lifetime."
"Does GC Mansehra emphasize student experiences?","student_experience","Yes, the college focuses on skills, experiences, and memories that last a lifetime."
"Do students have enriching experiences at GC Mansehra?","student_experience","Yes, the college focuses on skills, experiences, and memories that last a lifetime."
"What is the administrative background of GPGC Mansehra?","administration_overview","GPGC Mansehra was established in 1958 and has grown from an intermediate college to a postgraduate and BS-level institution."
"What is the administrative history of GC Mansehra?","administration_overview","GPGC Mansehra was established in 1958 and has grown from an intermediate college to a postgraduate and BS-level institution."
"Can you provide an overview of the college administration?","administration_overview","GPGC Mansehra was established in 1958 and has grown from an intermediate college to a postgraduate and BS-level institution."
"What is the governance history of GC Mansehra?","administration_overview","GPGC Mansehra was established in 1958 and has grown from an intermediate college to a postgraduate and BS-level institution."
"How has the administration evolved at GPGC Mansehra?","administration_overview","GPGC Mansehra was established in 1958 and has grown from an intermediate college to a postgraduate and BS-level institution."
"What is the historical background of GC Mansehra administration?","administration_overview","GPGC Mansehra was established in 1958 and has grown from an intermediate college to a postgraduate and BS-level institution."
"Can you explain the administrative evolution of GC Mansehra?","administration_overview","GPGC Mansehra was established in 1958 and has grown from an intermediate college to a postgraduate and BS-level institution."
"What is the college's administrative profile?","administration_overview","GPGC Mansehra was established in 1958 and has grown from an intermediate college to a postgraduate and BS-level institution."
"How did GC Mansehra develop administratively?","administration_overview","GPGC Mansehra was established in 1958 and has grown from an intermediate college to a postgraduate and BS-level institution."
"Can you describe the college administration history?","administration_overview","GPGC Mansehra was established in 1958 and has grown from an intermediate college to a postgraduate and BS-level institution."
"What is the administrative setup of GC Mansehra?","administration_overview","GPGC Mansehra was established in 1958 and has grown from an intermediate college to a postgraduate and BS-level institution."
"What background does GC Mansehra administration have?","administration_overview","GPGC Mansehra was established in 1958 and has grown from an intermediate college to a postgraduate and BS-level institution."
"Can you outline the administrative history?","administration_overview","GPGC Mansehra was established in 1958 and has grown from an intermediate college to a postgraduate and BS-level institution."
"What is the governance overview of GC Mansehra?","administration_overview","GPGC Mansehra was established in 1958 and has grown from an intermediate college to a postgraduate and BS-level institution."
"How has GPGC Mansehra grown administratively?","administration_overview","GPGC Mansehra was established in 1958 and has grown from an intermediate college to a postgraduate and BS-level institution."
"When was Government Postgraduate College Mansehra established?","college_establishment_year","The college was established in 1958 in a small building in Mansehra town."
"In which year was GC Mansehra founded?","college_establishment_year","The college was established in 1958 in a small building in Mansehra town."
"What is the founding year of GC Mansehra?","college_establishment_year","The college was established in 1958 in a small building in Mansehra town."
"When did GC Mansehra begin its educational services?","college_establishment_year","The college was established in 1958 in a small building in Mansehra town."
"What year marks the establishment of GC Mansehra?","college_establishment_year","The college was established in 1958 in a small building in Mansehra town."
"When was Government Postgraduate College Mansehra inaugurated?","college_establishment_year","The college was established in 1958 in a small building in Mansehra town."
"What year did GC Mansehra start functioning?","college_establishment_year","The college was established in 1958 in a small building in Mansehra town."
"Can you tell me the year GC Mansehra was established?","college_establishment_year","The college was established in 1958 in a small building in Mansehra town."
"When did Government Postgraduate College Mansehra open?","college_establishment_year","The college was established in 1958 in a small building in Mansehra town."
"What is the year of foundation for GC Mansehra?","college_establishment_year","The college was established in 1958 in a small building in Mansehra town."
"In what year was the college set up?","college_establishment_year","The college was established in 1958 in a small building in Mansehra town."
"When did GC Mansehra start?","college_establishment_year","The college was established in 1958 in a small building in Mansehra town."
"Which year marks GC Mansehra's foundation?","college_establishment_year","The college was established in 1958 in a small building in Mansehra town."
"When was the educational institution GC Mansehra formed?","college_establishment_year","The college was established in 1958 in a small building in Mansehra town."
"Can you provide the founding year of GC Mansehra?","college_establishment_year","The college was established in 1958 in a small building in Mansehra town."
"What level was the college initially?","initial_college_level","Initially the college was an intermediate-level institution."
"What was the starting academic level of GC Mansehra?","initial_college_level","Initially the college was an intermediate-level institution."
"What was GC Mansehra's initial status?","initial_college_level","Initially the college was an intermediate-level institution."
"At what level did the college begin?","initial_college_level","Initially the college was an intermediate-level institution."
"What was the first academic offering at GC Mansehra?","initial_college_level","Initially the college was an intermediate-level institution."
"What was the initial course level at the college?","initial_college_level","Initially the college was an intermediate-level institution."
"How did GC Mansehra start academically?","initial_college_level","Initially the college was an intermediate-level institution."
"Which level did GC Mansehra offer at inception?","initial_college_level","Initially the college was an intermediate-level institution."
"What was the original academic stage of the college?","initial_college_level","Initially the college was an intermediate-level institution."
"At first, what level did GC Mansehra serve?","initial_college_level","Initially the college was an intermediate-level institution."
"What was the entry-level program of GC Mansehra?","initial_college_level","Initially the college was an intermediate-level institution."
"Initially, what type of college was GC Mansehra?","initial_college_level","Initially the college was an intermediate-level institution."
"What was the first academic designation of the college?","initial_college_level","Initially the college was an intermediate-level institution."
"At the beginning, what level was offered?","initial_college_level","Initially the college was an intermediate-level institution."
"What was the starting status of GC Mansehra?","initial_college_level","Initially the college was an intermediate-level institution."
"When was the college upgraded to degree level?","degree_upgrade_year","The college was upgraded to degree level in 1989."
"In which year did GC Mansehra start offering degree programs?","degree_upgrade_year","The college was upgraded to degree level in 1989."
"When did GC Mansehra achieve degree college status?","degree_upgrade_year","The college was upgraded to degree level in 1989."
"What year was GC Mansehra promoted to degree level?","degree_upgrade_year","The college was upgraded to degree level in 1989."
"When did the college transition from intermediate to degree level?","degree_upgrade_year","The college was upgraded to degree level in 1989."
"At what year did GC Mansehra become a degree college?","degree_upgrade_year","The college was upgraded to degree level in 1989."
"When was the degree program introduced at GC Mansehra?","degree_upgrade_year","The college was upgraded to degree level in 1989."
"In which year was GC Mansehra upgraded academically?","degree_upgrade_year","The college was upgraded to degree level in 1989."
"When did GC Mansehra start offering bachelor-level programs?","degree_upgrade_year","The college was upgraded to degree level in 1989."
"What year marks the college’s degree-level inception?","degree_upgrade_year","The college was upgraded to degree level in 1989."
"When did the college rise to degree level?","degree_upgrade_year","The college was upgraded to degree level in 1989."
"What year did GC Mansehra elevate to degree college?","degree_upgrade_year","The college was upgraded to degree level in 1989."
"When was the transition to degree programs at GC Mansehra?","degree_upgrade_year","The college was upgraded to degree level in 1989."
"Which year did GC Mansehra upgrade to degree status?","degree_upgrade_year","The college was upgraded to degree level in 1989."
"When was the academic level upgraded to degree at the college?","degree_upgrade_year","The college was upgraded to degree level in 1989."
"When did GPGC Mansehra become a postgraduate college?","postgraduate_upgrade_year","GPGC Mansehra was elevated to postgraduate level in 1989."
"In which year did GC Mansehra start postgraduate programs?","postgraduate_upgrade_year","GPGC Mansehra was elevated to postgraduate level in 1989."
"When was the college promoted to postgraduate level?","postgraduate_upgrade_year","GPGC Mansehra was elevated to postgraduate level in 1989."
"What year did GPGC Mansehra attain postgraduate status?","postgraduate_upgrade_year","GPGC Mansehra was elevated to postgraduate level in 1989."
"When did GC Mansehra upgrade to postgraduate college?","postgraduate_upgrade_year","GPGC Mansehra was elevated to postgraduate level in 1989."
"In which year did the college become a postgraduate institution?","postgraduate_upgrade_year","GPGC Mansehra was elevated to postgraduate level in 1989."
"When were postgraduate courses introduced at GC Mansehra?","postgraduate_upgrade_year","GPGC Mansehra was elevated to postgraduate level in 1989."
"What year marks GC Mansehra’s postgraduate launch?","postgraduate_upgrade_year","GPGC Mansehra was elevated to postgraduate level in 1989."
"When did the college begin postgraduate education?","postgraduate_upgrade_year","GPGC Mansehra was elevated to postgraduate level in 1989."
"In which year were postgraduate programs started at GC Mansehra?","postgraduate_upgrade_year","GPGC Mansehra was elevated to postgraduate level in 1989."
"When did GC Mansehra elevate to postgraduate level?","postgraduate_upgrade_year","GPGC Mansehra was elevated to postgraduate level in 1989."
"What is the year GC Mansehra became postgraduate?","postgraduate_upgrade_year","GPGC Mansehra was elevated to postgraduate level in 1989."
"When did GPGC Mansehra upgrade academically to postgraduate?","postgraduate_upgrade_year","GPGC Mansehra was elevated to postgraduate level in 1989."
"What year did the college begin offering postgraduate studies?","postgraduate_upgrade_year","GPGC Mansehra was elevated to postgraduate level in 1989."
"When was the postgraduate status granted to GC Mansehra?","postgraduate_upgrade_year","GPGC Mansehra was elevated to postgraduate level in 1989."
"When were BS programs launched at the college?","bs_program_start_year","BS programs were launched in 2010 following the education policy of the Government of Khyber Pakhtunkhwa."
"In which year did GC Mansehra start BS programs?","bs_program_start_year","BS programs were launched in 2010 following the education policy of the Government of Khyber Pakhtunkhwa."
"When did the college introduce BS programs?","bs_program_start_year","BS programs were launched in 2010 following the education policy of the Government of Khyber Pakhtunkhwa."
"What year were BS courses started at GC Mansehra?","bs_program_start_year","BS programs were launched in 2010 following the education policy of the Government of Khyber Pakhtunkhwa."
"When did GC Mansehra begin offering BS degrees?","bs_program_start_year","BS programs were launched in 2010 following the education policy of the Government of Khyber Pakhtunkhwa."
"What year marks the launch of BS programs at GC Mansehra?","bs_program_start_year","BS programs were launched in 2010 following the education policy of the Government of Khyber Pakhtunkhwa."
"When were bachelor programs initiated at the college?","bs_program_start_year","BS programs were launched in 2010 following the education policy of the Government of Khyber Pakhtunkhwa."
"In which year were BS-level courses introduced?","bs_program_start_year","BS programs were launched in 2010 following the education policy of the Government of Khyber Pakhtunkhwa."
"When did GC Mansehra start its BS program offerings?","bs_program_start_year","BS programs were launched in 2010 following the education policy of the Government of Khyber Pakhtunkhwa."
"What is the launch year of BS programs at GC Mansehra?","bs_program_start_year","BS programs were launched in 2010 following the education policy of the Government of Khyber Pakhtunkhwa."
"When did the college initiate BS degrees?","bs_program_start_year","BS programs were launched in 2010 following the education policy of the Government of Khyber Pakhtunkhwa."
"What year did GC Mansehra introduce BS studies?","bs_program_start_year","BS programs were launched in 2010 following the education policy of the Government of Khyber Pakhtunkhwa."
"When were bachelor-level programs established at GC Mansehra?","bs_program_start_year","BS programs were launched in 2010 following the education policy of the Government of Khyber Pakhtunkhwa."
"When did GC Mansehra implement BS programs?","bs_program_start_year","BS programs were launched in 2010 following the education policy of the Government of Khyber Pakhtunkhwa."
"In which year were BS courses started at the college?","bs_program_start_year","BS programs were launched in 2010 following the education policy of the Government of Khyber Pakhtunkhwa."
"How did the college respond to the launch of BS programs?","bs_program_implementation","The college initiated BS programs with full vigor and enthusiasm."
"How did GC Mansehra implement BS programs?","bs_program_implementation","The college initiated BS programs with full vigor and enthusiasm."
"What was the college’s reaction to the BS program launch?","bs_program_implementation","The college initiated BS programs with full vigor and enthusiasm."
"How were BS programs executed at GC Mansehra?","bs_program_implementation","The college initiated BS programs with full vigor and enthusiasm."
"What steps did the college take for BS program initiation?","bs_program_implementation","The college initiated BS programs with full vigor and enthusiasm."
"How enthusiastically did GC Mansehra start BS programs?","bs_program_implementation","The college initiated BS programs with full vigor and enthusiasm."
"What efforts did the college make for BS program implementation?","bs_program_implementation","The college initiated BS programs with full vigor and enthusiasm."
"How did GC Mansehra respond to new BS courses?","bs_program_implementation","The college initiated BS programs with full vigor and enthusiasm."
"What was the college’s approach to BS program launch?","bs_program_implementation","The college initiated BS programs with full vigor and enthusiasm."
"How were BS studies introduced by GC Mansehra?","bs_program_implementation","The college initiated BS programs with full vigor and enthusiasm."
"In what way did the college implement BS programs?","bs_program_implementation","The college initiated BS programs with full vigor and enthusiasm."
"How proactive was GC Mansehra in starting BS programs?","bs_program_implementation","The college initiated BS programs with full vigor and enthusiasm."
"What measures did GC Mansehra take for BS program execution?","bs_program_implementation","The college initiated BS programs with full vigor and enthusiasm."
"How did the college manage the start of BS programs?","bs_program_implementation","The college initiated BS programs with full vigor and enthusiasm."
"What was the response of GC Mansehra to BS program introduction?","bs_program_implementation","The college initiated BS programs with full vigor and enthusiasm."
"Is the college following government education policies?","education_policy_compliance","Yes GPGC Mansehra follows the education policies of the Government of Khyber Pakhtunkhwa."
"Does GC Mansehra comply with government education guidelines?","education_policy_compliance","Yes GPGC Mansehra follows the education policies of the Government of Khyber Pakhtunkhwa."
"Are the college programs aligned with government policies?","education_policy_compliance","Yes GPGC Mansehra follows the education policies of the Government of Khyber Pakhtunkhwa."
"Is GPGC Mansehra adhering to provincial education regulations?","education_policy_compliance","Yes GPGC Mansehra follows the education policies of the Government of Khyber Pakhtunkhwa."
"Does the college follow KP government education policies?","education_policy_compliance","Yes GPGC Mansehra follows the education policies of the Government of Khyber Pakhtunkhwa."
"Is GC Mansehra governed by government educational rules?","education_policy_compliance","Yes GPGC Mansehra follows the education policies of the Government of Khyber Pakhtunkhwa."
"Are college programs compliant with government policy?","education_policy_compliance","Yes GPGC Mansehra follows the education policies of the Government of Khyber Pakhtunkhwa."
"Does GPGC Mansehra operate under government policy?","education_policy_compliance","Yes GPGC Mansehra follows the education policies of the Government of Khyber Pakhtunkhwa."
"Is the college following KP education authority guidelines?","education_policy_compliance","Yes GPGC Mansehra follows the education policies of the Government of Khyber Pakhtunkhwa."
"Does the institution observe government educational regulations?","education_policy_compliance","Yes GPGC Mansehra follows the education policies of the Government of Khyber Pakhtunkhwa."
"Is GC Mansehra aligned with provincial education directives?","education_policy_compliance","Yes GPGC Mansehra follows the education policies of the Government of Khyber Pakhtunkhwa."
"Does GC Mansehra follow government educational frameworks?","education_policy_compliance","Yes GPGC Mansehra follows the education policies of the Government of Khyber Pakhtunkhwa."
"Are educational policies of KP implemented at GC Mansehra?","education_policy_compliance","Yes GPGC Mansehra follows the education policies of the Government of Khyber Pakhtunkhwa."
"Is GPGC Mansehra policy-compliant?","education_policy_compliance","Yes GPGC Mansehra follows the education policies of the Government of Khyber Pakhtunkhwa."
"Do college programs follow government rules?","education_policy_compliance","Yes GPGC Mansehra follows the education policies of the Government of Khyber Pakhtunkhwa."
"How does the principal describe the teaching and learning process?","teaching_learning_approach","The teaching and learning process is described as unique, creative, and student-centered."
"In what way does the principal describe teaching at GC Mansehra?","teaching_learning_approach","The teaching and learning process is described as unique, creative, and student-centered."
"How is the teaching and learning process characterized by the principal?","teaching_learning_approach","The teaching and learning process is described as unique, creative, and student-centered."
"What approach to teaching does the principal highlight?","teaching_learning_approach","The teaching and learning process is described as unique, creative, and student-centered."
"How does GC Mansehra's principal explain the learning methods?","teaching_learning_approach","The teaching and learning process is described as unique, creative, and student-centered."
"What is the principal’s perspective on teaching and learning?","teaching_learning_approach","The teaching and learning process is described as unique, creative, and student-centered."
"How are classes conducted according to the principal?","teaching_learning_approach","The teaching and learning process is described as unique, creative, and student-centered."
"How does the principal define the learning experience?","teaching_learning_approach","The teaching and learning process is described as unique, creative, and student-centered."
"What is unique about the teaching style at GC Mansehra?","teaching_learning_approach","The teaching and learning process is described as unique, creative, and student-centered."
"How does the principal ensure student-centered learning?","teaching_learning_approach","The teaching and learning process is described as unique, creative, and student-centered."
"What kind of learning environment is promoted by the principal?","teaching_learning_approach","The teaching and learning process is described as unique, creative, and student-centered."
"How does the principal encourage creativity in learning?","teaching_learning_approach","The teaching and learning process is described as unique, creative, and student-centered."
"How is student engagement ensured by the principal?","teaching_learning_approach","The teaching and learning process is described as unique, creative, and student-centered."
"What teaching philosophy does the principal follow?","teaching_learning_approach","The teaching and learning process is described as unique, creative, and student-centered."
"How does GC Mansehra implement a student-centered approach?","teaching_learning_approach","The teaching and learning process is described as unique, creative, and student-centered."
"Does the college focus on self-improvement?","institutional_self_improvement","Yes, the college continuously identifies its deficiencies and works to improve itself."
"Is continuous improvement a priority at GC Mansehra?","institutional_self_improvement","Yes, the college continuously identifies its deficiencies and works to improve itself."
"How does the college pursue self-improvement?","institutional_self_improvement","Yes, the college continuously identifies its deficiencies and works to improve itself."
"Does GPGC Mansehra work on improving itself?","institutional_self_improvement","Yes, the college continuously identifies its deficiencies and works to improve itself."
"Is institutional growth emphasized at the college?","institutional_self_improvement","Yes, the college continuously identifies its deficiencies and works to improve itself."
"How does GC Mansehra enhance its programs and services?","institutional_self_improvement","Yes, the college continuously identifies its deficiencies and works to improve itself."
"Does the college evaluate its performance regularly?","institutional_self_improvement","Yes, the college continuously identifies its deficiencies and works to improve itself."
"Is self-assessment a practice at GC Mansehra?","institutional_self_improvement","Yes, the college continuously identifies its deficiencies and works to improve itself."
"Does the college strive for continuous improvement?","institutional_self_improvement","Yes, the college continuously identifies its deficiencies and works to improve itself."
"How is self-improvement implemented at GC Mansehra?","institutional_self_improvement","Yes, the college continuously identifies its deficiencies and works to improve itself."
"Does GC Mansehra monitor its own performance?","institutional_self_improvement","Yes, the college continuously identifies its deficiencies and works to improve itself."
"Are improvements and reforms part of the college strategy?","institutional_self_improvement","Yes, the college continuously identifies its deficiencies and works to improve itself."
"Is continuous institutional development a goal?","institutional_self_improvement","Yes, the college continuously identifies its deficiencies and works to improve itself."
"Does the college actively work on enhancing itself?","institutional_self_improvement","Yes, the college continuously identifies its deficiencies and works to improve itself."
"How does the institution ensure self-improvement?","institutional_self_improvement","Yes, the college continuously identifies its deficiencies and works to improve itself."
"Has GPGC Mansehra achieved recognition in recent years?","institutional_achievements","Yes, the college has achieved many milestones and set standards for other government colleges."
"Has the college received awards or recognition?","institutional_achievements","Yes, the college has achieved many milestones and set standards for other government colleges."
"What recent achievements has GC Mansehra made?","institutional_achievements","Yes, the college has achieved many milestones and set standards for other government colleges."
"Is GC Mansehra recognized for its excellence?","institutional_achievements","Yes, the college has achieved many milestones and set standards for other government colleges."
"What milestones has the college reached recently?","institutional_achievements","Yes, the college has achieved many milestones and set standards for other government colleges."
"Has the institution gained prominence in recent years?","institutional_achievements","Yes, the college has achieved many milestones and set standards for other government colleges."
"Is GPGC Mansehra setting standards for other colleges?","institutional_achievements","Yes, the college has achieved many milestones and set standards for other government colleges."
"What notable successes has GC Mansehra achieved?","institutional_achievements","Yes, the college has achieved many milestones and set standards for other government colleges."
"Has the college been recognized for academic excellence?","institutional_achievements","Yes, the college has achieved many milestones and set standards for other government colleges."
"Are there any recent awards or honors for GC Mansehra?","institutional_achievements","Yes, the college has achieved many milestones and set standards for other government colleges."
"Has the college excelled in education recently?","institutional_achievements","Yes, the college has achieved many milestones and set standards for other government colleges."
"What progress has GPGC Mansehra made lately?","institutional_achievements","Yes, the college has achieved many milestones and set standards for other government colleges."
"Is GC Mansehra considered a model college?","institutional_achievements","Yes, the college has achieved many milestones and set standards for other government colleges."
"Has the college been recognized regionally or nationally?","institutional_achievements","Yes, the college has achieved many milestones and set standards for other government colleges."
"What accomplishments highlight GC Mansehra’s success?","institutional_achievements","Yes, the college has achieved many milestones and set standards for other government colleges."
"Does the college support marginalized communities?","social_sensitivity","Yes the college strives to be sensitive and compassionate toward marginalized and needy people."
"Is the college inclusive of underprivileged groups?","social_sensitivity","Yes the college strives to be sensitive and compassionate toward marginalized and needy people."
"Does GPGC Mansehra care about needy people?","social_sensitivity","Yes the college strives to be sensitive and compassionate toward marginalized and needy people."
"What is the stance on social sensitivity?","social_sensitivity","Yes the college strives to be sensitive and compassionate toward marginalized and needy people."
"Are marginalized students supported here?","social_sensitivity","Yes the college strives to be sensitive and compassionate toward marginalized and needy people."
"Is there compassion for the poor at this college?","social_sensitivity","Yes the college strives to be sensitive and compassionate toward marginalized and needy people."
"Does the administration care about the less fortunate?","social_sensitivity","Yes the college strives to be sensitive and compassionate toward marginalized and needy people."
"Is social compassion a priority here?","social_sensitivity","Yes the college strives to be sensitive and compassionate toward marginalized and needy people."
"How does the college treat the needy?","social_sensitivity","Yes the college strives to be sensitive and compassionate toward marginalized and needy people."
"Is the college sensitive to social issues?","social_sensitivity","Yes the college strives to be sensitive and compassionate toward marginalized and needy people."
"Does the college help those from marginalized backgrounds?","social_sensitivity","Yes the college strives to be sensitive and compassionate toward marginalized and needy people."
"Is there a focus on helping the needy?","social_sensitivity","Yes the college strives to be sensitive and compassionate toward marginalized and needy people."
"Does the college exclude marginalized communities?","social_sensitivity","Yes the college strives to be sensitive and compassionate toward marginalized and needy people."
"Is the environment compassionate for all?","social_sensitivity","Yes the college strives to be sensitive and compassionate toward marginalized and needy people."
"Does the college demonstrate social responsibility?","social_sensitivity","Yes the college strives to be sensitive and compassionate toward marginalized and needy people."
"Does GPGC Mansehra focus on all-round student development?","holistic_student_development","Yes equal attention is given to academic co-curricular and extra-curricular development."
"Is the focus only on academics?","holistic_student_development","Yes equal attention is given to academic co-curricular and extra-curricular development."
"Does the college care about extra-curriculars?","holistic_student_development","Yes equal attention is given to academic co-curricular and extra-curricular development."
"Is student development balanced here?","holistic_student_development","Yes equal attention is given to academic co-curricular and extra-curricular development."
"Do they focus on co-curricular activities?","holistic_student_development","Yes equal attention is given to academic co-curricular and extra-curricular development."
"Is holistic growth a priority?","holistic_student_development","Yes equal attention is given to academic co-curricular and extra-curricular development."
"Does the college develop the whole student?","holistic_student_development","Yes equal attention is given to academic co-curricular and extra-curricular development."
"Are sports and arts as important as books?","holistic_student_development","Yes equal attention is given to academic co-curricular and extra-curricular development."
"Is attention given to non-academic growth?","holistic_student_development","Yes equal attention is given to academic co-curricular and extra-curricular development."
"Does the college produce well-rounded graduates?","holistic_student_development","Yes equal attention is given to academic co-curricular and extra-curricular development."
"Is there a balance between study and play?","holistic_student_development","Yes equal attention is given to academic co-curricular and extra-curricular development."
"Does the curriculum support overall personality development?","holistic_student_development","Yes equal attention is given to academic co-curricular and extra-curricular development."
"Are extra-curriculars ignored?","holistic_student_development","Yes equal attention is given to academic co-curricular and extra-curricular development."
"How does the college approach student growth?","holistic_student_development","Yes equal attention is given to academic co-curricular and extra-curricular development."
"Is equal weight given to all activities?","holistic_student_development","Yes equal attention is given to academic co-curricular and extra-curricular development."
"What opportunities are provided for student creativity?","student_creativity_support","Students are encouraged to express literary creative artistic talents and sportsmanship."
"Can students express their artistic side?","student_creativity_support","Students are encouraged to express literary creative artistic talents and sportsmanship."
"Is there support for literary talent?","student_creativity_support","Students are encouraged to express literary creative artistic talents and sportsmanship."
"Are students encouraged to be creative?","student_creativity_support","Students are encouraged to express literary creative artistic talents and sportsmanship."
"What about sportsmanship and art?","student_creativity_support","Students are encouraged to express literary creative artistic talents and sportsmanship."
"Does the college support creative expression?","student_creativity_support","Students are encouraged to express literary creative artistic talents and sportsmanship."
"Are there outlets for student talent?","student_creativity_support","Students are encouraged to express literary creative artistic talents and sportsmanship."
"How can I show my artistic skills?","student_creativity_support","Students are encouraged to express literary creative artistic talents and sportsmanship."
"Is creativity valued here?","student_creativity_support","Students are encouraged to express literary creative artistic talents and sportsmanship."
"Are there literary activities?","student_creativity_support","Students are encouraged to express literary creative artistic talents and sportsmanship."
"Does the college encourage talent?","student_creativity_support","Students are encouraged to express literary creative artistic talents and sportsmanship."
"Is sportsmanship promoted?","student_creativity_support","Students are encouraged to express literary creative artistic talents and sportsmanship."
"Can students engage in creative arts?","student_creativity_support","Students are encouraged to express literary creative artistic talents and sportsmanship."
"Is there room for hobbies and talents?","student_creativity_support","Students are encouraged to express literary creative artistic talents and sportsmanship."
"How is student talent nurtured?","student_creativity_support","Students are encouraged to express literary creative artistic talents and sportsmanship."
"What qualities does the college expect from students?","student_expected_qualities","Students are expected to be educated disciplined well behaved and responsible citizens."
"How should students behave?","student_expected_qualities","Students are expected to be educated disciplined well behaved and responsible citizens."
"What makes a good student here?","student_expected_qualities","Students are expected to be educated disciplined well behaved and responsible citizens."
"Is discipline important?","student_expected_qualities","Students are expected to be educated disciplined well behaved and responsible citizens."
"Are students expected to be responsible?","student_expected_qualities","Students are expected to be educated disciplined well behaved and responsible citizens."
"What constitutes a model student?","student_expected_qualities","Students are expected to be educated disciplined well behaved and responsible citizens."
"What are the behavioral expectations?","student_expected_qualities","Students are expected to be educated disciplined well behaved and responsible citizens."
"Does the college value good citizenship?","student_expected_qualities","Students are expected to be educated disciplined well behaved and responsible citizens."
"Are students expected to be well-mannered?","student_expected_qualities","Students are expected to be educated disciplined well behaved and responsible citizens."
"What standards are students held to?","student_expected_qualities","Students are expected to be educated disciplined well behaved and responsible citizens."
"Is education the only expectation?","student_expected_qualities","Students are expected to be educated disciplined well behaved and responsible citizens."
"Must students be disciplined?","student_expected_qualities","Students are expected to be educated disciplined well behaved and responsible citizens."
"What kind of citizens does the college want?","student_expected_qualities","Students are expected to be educated disciplined well behaved and responsible citizens."
"What is expected regarding student conduct?","student_expected_qualities","Students are expected to be educated disciplined well behaved and responsible citizens."
"Are students expected to be educated and disciplined?","student_expected_qualities","Students are expected to be educated disciplined well behaved and responsible citizens."
"What makes the principal most proud of students?","principal_pride","The principal is proud when students perform well academically and in other activities."
"When does the principal feel pride?","principal_pride","The principal is proud when students perform well academically and in other activities."
"What student achievements make the principal happy?","principal_pride","The principal is proud when students perform well academically and in other activities."
"Does the principal care about performance?","principal_pride","The principal is proud when students perform well academically and in other activities."
"What creates pride for the administration?","principal_pride","The principal is proud when students perform well academically and in other activities."
"Is the principal proud of academic success?","principal_pride","The principal is proud when students perform well academically and in other activities."
"What about non-academic success?","principal_pride","The principal is proud when students perform well academically and in other activities."
"When is the principal most pleased?","principal_pride","The principal is proud when students perform well academically and in other activities."
"What brings pride to the college head?","principal_pride","The principal is proud when students perform well academically and in other activities."
"Do good results make the principal proud?","principal_pride","The principal is proud when students perform well academically and in other activities."
"Is the principal proud of student activities?","principal_pride","The principal is proud when students perform well academically and in other activities."
"What is a source of pride for the principal?","principal_pride","The principal is proud when students perform well academically and in other activities."
"Does student performance matter to the principal?","principal_pride","The principal is proud when students perform well academically and in other activities."
"What makes the principal boast about students?","principal_pride","The principal is proud when students perform well academically and in other activities."
"How can students make the principal proud?","principal_pride","The principal is proud when students perform well academically and in other activities."
"What gives the principal the greatest satisfaction?","principal_satisfaction","Seeing weak students from rural backgrounds improve and move toward excellence gives the greatest satisfaction."
"What satisfies the principal the most?","principal_satisfaction","Seeing weak students from rural backgrounds improve and move toward excellence gives the greatest satisfaction."
"Does the principal like seeing improvement?","principal_satisfaction","Seeing weak students from rural backgrounds improve and move toward excellence gives the greatest satisfaction."
"What about students from rural backgrounds?","principal_satisfaction","Seeing weak students from rural backgrounds improve and move toward excellence gives the greatest satisfaction."
"Is the principal happy when weak students improve?","principal_satisfaction","Seeing weak students from rural backgrounds improve and move toward excellence gives the greatest satisfaction."
"What is the greatest joy for the principal?","principal_satisfaction","Seeing weak students from rural backgrounds improve and move toward excellence gives the greatest satisfaction."
"Does the college value progress over perfection?","principal_satisfaction","Seeing weak students from rural backgrounds improve and move toward excellence gives the greatest satisfaction."
"What constitutes excellence to the principal?","principal_satisfaction","Seeing weak students from rural backgrounds improve and move toward excellence gives the greatest satisfaction."
"Does the principal focus on rural students?","principal_satisfaction","Seeing weak students from rural backgrounds improve and move toward excellence gives the greatest satisfaction."
"What moves the principal the most?","principal_satisfaction","Seeing weak students from rural backgrounds improve and move toward excellence gives the greatest satisfaction."
"Is witnessing growth satisfying to the principal?","principal_satisfaction","Seeing weak students from rural backgrounds improve and move toward excellence gives the greatest satisfaction."
"What is the principal's favorite success story?","principal_satisfaction","Seeing weak students from rural backgrounds improve and move toward excellence gives the greatest satisfaction."
"Does the principal care about student progression?","principal_satisfaction","Seeing weak students from rural backgrounds improve and move toward excellence gives the greatest satisfaction."
"What brings the principal the most joy?","principal_satisfaction","Seeing weak students from rural backgrounds improve and move toward excellence gives the greatest satisfaction."
"Is seeing students excel satisfying?","principal_satisfaction","Seeing weak students from rural backgrounds improve and move toward excellence gives the greatest satisfaction."
"What message does the principal give to students?","principal_message","The principal encourages students to work hard and believe that great effort leads to lasting success."
"What is the principal's advice?","principal_message","The principal encourages students to work hard and believe that great effort leads to lasting success."
"How does the principal motivate students?","principal_message","The principal encourages students to work hard and believe that great effort leads to lasting success."
"What is the key to success according to the principal?","principal_message","The principal encourages students to work hard and believe that great effort leads to lasting success."
"Does hard work lead to success?","principal_message","The principal encourages students to work hard and believe that great effort leads to lasting success."
"What should students believe in?","principal_message","The principal encourages students to work hard and believe that great effort leads to lasting success."
"Is effort important to the principal?","principal_message","The principal encourages students to work hard and believe that great effort leads to lasting success."
"What words of wisdom does the principal share?","principal_message","The principal encourages students to work hard and believe that great effort leads to lasting success."
"Does the principal encourage hard work?","principal_message","The principal encourages students to work hard and believe that great effort leads to lasting success."
"What leads to lasting success?","principal_message","The principal encourages students to work hard and believe that great effort leads to lasting success."
"What does the principal tell the students?","principal_message","The principal encourages students to work hard and believe that great effort leads to lasting success."
"Is there a message for the student body?","principal_message","The principal encourages students to work hard and believe that great effort leads to lasting success."
"How can students achieve success?","principal_message","The principal encourages students to work hard and believe that great effort leads to lasting success."
"What is the path to success here?","principal_message","The principal encourages students to work hard and believe that great effort leads to lasting success."
"What philosophy does the principal teach?","principal_message","The principal encourages students to work hard and believe that great effort leads to lasting success."
"Who is the current principal of GPGC Mansehra?","principal_identity","Professor Riaz Hussain is the Principal of Government Postgraduate College Mansehra."
"Who heads GC Mansehra?","principal_identity","Professor Riaz Hussain is the Principal of Government Postgraduate College Mansehra."
"Who is the leader of GPGC Mansehra?","principal_identity","Professor Riaz Hussain is the Principal of Government Postgraduate College Mansehra."
"Who is in charge at GC Mansehra?","principal_identity","Professor Riaz Hussain is the Principal of Government Postgraduate College Mansehra."
"Who manages GC Mansehra?","principal_identity","Professor Riaz Hussain is the Principal of Government Postgraduate College Mansehra."
"Who is the chief of GPGC Mansehra?","principal_identity","Professor Riaz Hussain is the Principal of Government Postgraduate College Mansehra."
"Who runs GC Mansehra?","principal_identity","Professor Riaz Hussain is the Principal of Government Postgraduate College Mansehra."
"Who is the principal at GC Mansehra currently?","principal_identity","Professor Riaz Hussain is the Principal of Government Postgraduate College Mansehra."
"Who holds the position of principal at GPGC Mansehra?","principal_identity","Professor Riaz Hussain is the Principal of Government Postgraduate College Mansehra."
"Who leads the college administration at GC Mansehra?","principal_identity","Professor Riaz Hussain is the Principal of Government Postgraduate College Mansehra."
"Who is serving as principal at GPGC Mansehra?","principal_identity","Professor Riaz Hussain is the Principal of Government Postgraduate College Mansehra."
"Who is appointed as principal of GC Mansehra?","principal_identity","Professor Riaz Hussain is the Principal of Government Postgraduate College Mansehra."
"Who is the head of GPGC Mansehra?","principal_identity","Professor Riaz Hussain is the Principal of Government Postgraduate College Mansehra."
"Who is leading GC Mansehra as principal?","principal_identity","Professor Riaz Hussain is the Principal of Government Postgraduate College Mansehra."
"Who is the current head principal at GPGC Mansehra?","principal_identity","Professor Riaz Hussain is the Principal of Government Postgraduate College Mansehra."
"What motivates students according to the principal?","student_motivation","Students are motivated to face challenges with effort as success brings lifelong confidence."
"What inspires students at GC Mansehra?","student_motivation","Students are motivated to face challenges with effort as success brings lifelong confidence."
"How does the principal motivate students?","student_motivation","Students are motivated to face challenges with effort as success brings lifelong confidence."
"What drives students to succeed at GPGC Mansehra?","student_motivation","Students are motivated to face challenges with effort as success brings lifelong confidence."
"What encouragement is given to students by the principal?","student_motivation","Students are motivated to face challenges with effort as success brings lifelong confidence."
"How are students inspired according to the principal?","student_motivation","Students are motivated to face challenges with effort as success brings lifelong confidence."
"What keeps students motivated at GC Mansehra?","student_motivation","Students are motivated to face challenges with effort as success brings lifelong confidence."
"What guidance motivates students at GPGC Mansehra?","student_motivation","Students are motivated to face challenges with effort as success brings lifelong confidence."
"How does GC Mansehra encourage student effort?","student_motivation","Students are motivated to face challenges with effort as success brings lifelong confidence."
"How are students guided to achieve success?","student_motivation","Students are motivated to face challenges with effort as success brings lifelong confidence."
"What is the principal’s approach to student motivation?","student_motivation","Students are motivated to face challenges with effort as success brings lifelong confidence."
"How does the principal inspire confidence in students?","student_motivation","Students are motivated to face challenges with effort as success brings lifelong confidence."
"What factors motivate students at GPGC Mansehra?","student_motivation","Students are motivated to face challenges with effort as success brings lifelong confidence."
"How does the college foster student motivation?","student_motivation","Students are motivated to face challenges with effort as success brings lifelong confidence."
"What techniques are used to encourage students?","student_motivation","Students are motivated to face challenges with effort as success brings lifelong confidence."
"What is the Department of Artificial Intelligence at GPGC Mansehra?","ai_department_overview","The Department of Artificial Intelligence focuses on modern AI and computing education to prepare students for emerging technological challenges."
"What does the AI department teach at GC Mansehra?","ai_department_overview","The Department of Artificial Intelligence focuses on modern AI and computing education to prepare students for emerging technological challenges."
"What is the role of the AI department at GPGC Mansehra?","ai_department_overview","The Department of Artificial Intelligence focuses on modern AI and computing education to prepare students for emerging technological challenges."
"Describe the AI department at GC Mansehra.","ai_department_overview","The Department of Artificial Intelligence focuses on modern AI and computing education to prepare students for emerging technological challenges."
"What programs are offered by the AI department?","ai_department_overview","The Department of Artificial Intelligence focuses on modern AI and computing education to prepare students for emerging technological challenges."
"What is the purpose of the AI department at GPGC Mansehra?","ai_department_overview","The Department of Artificial Intelligence focuses on modern AI and computing education to prepare students for emerging technological challenges."
"What courses are available in the AI department?","ai_department_overview","The Department of Artificial Intelligence focuses on modern AI and computing education to prepare students for emerging technological challenges."
"How does the AI department contribute to education at GC Mansehra?","ai_department_overview","The Department of Artificial Intelligence focuses on modern AI and computing education to prepare students for emerging technological challenges."
"What is GC Mansehra's AI department known for?","ai_department_overview","The Department of Artificial Intelligence focuses on modern AI and computing education to prepare students for emerging technological challenges."
"What focus does the AI department have at GPGC Mansehra?","ai_department_overview","The Department of Artificial Intelligence focuses on modern AI and computing education to prepare students for emerging technological challenges."
"What students learn in the AI department?","ai_department_overview","The Department of Artificial Intelligence focuses on modern AI and computing education to prepare students for emerging technological challenges."
"How is the AI department structured at GC Mansehra?","ai_department_overview","The Department of Artificial Intelligence focuses on modern AI and computing education to prepare students for emerging technological challenges."
"What is the mission of GC Mansehra's AI department?","ai_department_overview","The Department of Artificial Intelligence focuses on modern AI and computing education to prepare students for emerging technological challenges."
"Describe the objectives of the AI department.","ai_department_overview","The Department of Artificial Intelligence focuses on modern AI and computing education to prepare students for emerging technological challenges."
"What is the specialization of the AI department at GPGC Mansehra?","ai_department_overview","The Department of Artificial Intelligence focuses on modern AI and computing education to prepare students for emerging technological challenges."
"What degree is offered by the AI department?","ai_degree_offered","The department offers a Bachelor of Science in Artificial Intelligence."
"Which degree does the AI department provide?","ai_degree_offered","The department offers a Bachelor of Science in Artificial Intelligence."
"What is the name of the AI degree?","ai_degree_offered","The department offers a Bachelor of Science in Artificial Intelligence."
"Does the department offer a BS in AI?","ai_degree_offered","The department offers a Bachelor of Science in Artificial Intelligence."
"Is there a Bachelor's degree in Artificial Intelligence?","ai_degree_offered","The department offers a Bachelor of Science in Artificial Intelligence."
"What specific degree can I get in AI?","ai_degree_offered","The department offers a Bachelor of Science in Artificial Intelligence."
"Is the AI program a Bachelor of Science?","ai_degree_offered","The department offers a Bachelor of Science in Artificial Intelligence."
"What is the title of the program offered by the AI department?","ai_degree_offered","The department offers a Bachelor of Science in Artificial Intelligence."
"Does the college offer an undergraduate AI degree?","ai_degree_offered","The department offers a Bachelor of Science in Artificial Intelligence."
"Is a BS in Artificial Intelligence available?","ai_degree_offered","The department offers a Bachelor of Science in Artificial Intelligence."
"What qualification does the AI department offer?","ai_degree_offered","The department offers a Bachelor of Science in Artificial Intelligence."
"Can I study for a BS in AI here?","ai_degree_offered","The department offers a Bachelor of Science in Artificial Intelligence."
"What is the AI department's main degree?","ai_degree_offered","The department offers a Bachelor of Science in Artificial Intelligence."
"Is the degree called BS Artificial Intelligence?","ai_degree_offered","The department offers a Bachelor of Science in Artificial Intelligence."
"What academic program does the AI department run?","ai_degree_offered","The department offers a Bachelor of Science in Artificial Intelligence."
"What is the duration of the BS Artificial Intelligence program?","ai_program_duration","The BS Artificial Intelligence program has a duration of four years."
"How long does the BS AI program take?","ai_program_duration","The BS Artificial Intelligence program has a duration of four years."
"How many years is the AI degree?","ai_program_duration","The BS Artificial Intelligence program has a duration of four years."
"Is the BS AI a four-year program?","ai_program_duration","The BS Artificial Intelligence program has a duration of four years."
"What is the length of the Artificial Intelligence degree?","ai_program_duration","The BS Artificial Intelligence program has a duration of four years."
"How much time is required to complete BS AI?","ai_program_duration","The BS Artificial Intelligence program has a duration of four years."
"Does the AI program last four years?","ai_program_duration","The BS Artificial Intelligence program has a duration of four years."
"How many years of study are needed for AI?","ai_program_duration","The BS Artificial Intelligence program has a duration of four years."
"What is the timeline for the BS AI degree?","ai_program_duration","The BS Artificial Intelligence program has a duration of four years."
"Is the duration 4 years for AI?","ai_program_duration","The BS Artificial Intelligence program has a duration of four years."
"How long is the undergraduate AI course?","ai_program_duration","The BS Artificial Intelligence program has a duration of four years."
"How many years will I study for BS AI?","ai_program_duration","The BS Artificial Intelligence program has a duration of four years."
"Is the AI program duration 4 years?","ai_program_duration","The BS Artificial Intelligence program has a duration of four years."
"What is the standard period for the AI degree?","ai_program_duration","The BS Artificial Intelligence program has a duration of four years."
"Does it take 4 years to finish BS AI?","ai_program_duration","The BS Artificial Intelligence program has a duration of four years."
"How many semesters are in the AI program?","ai_semester_count","The program consists of eight semesters."
"What is the total semester count for BS AI?","ai_semester_count","The program consists of eight semesters."
"Does the AI degree have 8 semesters?","ai_semester_count","The program consists of eight semesters."
"How many academic terms are in the AI course?","ai_semester_count","The program consists of eight semesters."
"Is the program divided into eight semesters?","ai_semester_count","The program consists of eight semesters."
"How many semesters does the BS AI consist of?","ai_semester_count","The program consists of eight semesters."
"Are there eight semesters in the Artificial Intelligence program?","ai_semester_count","The program consists of eight semesters."
"What is the number of semesters for AI?","ai_semester_count","The program consists of eight semesters."
"Does the course run for 8 semesters?","ai_semester_count","The program consists of eight semesters."
"How many semesters do I need to complete for AI?","ai_semester_count","The program consists of eight semesters."
"Is the semester count 8 for BS AI?","ai_semester_count","The program consists of eight semesters."
"How many terms are there in the AI degree?","ai_semester_count","The program consists of eight semesters."
"Does the program span eight semesters?","ai_semester_count","The program consists of eight semesters."
"How many semesters are required for the degree?","ai_semester_count","The program consists of eight semesters."
"Are there exactly 8 semesters in BS AI?","ai_semester_count","The program consists of eight semesters."
"How many credit hours are required for BS Artificial Intelligence?","ai_credit_hours","The program requires more than 130 credit hours."
"What is the total credit hour requirement for AI?","ai_credit_hours","The program requires more than 130 credit hours."
"Do I need 130 credit hours for the AI degree?","ai_credit_hours","The program requires more than 130 credit hours."
"How many credits are needed for BS AI?","ai_credit_hours","The program requires more than 130 credit hours."
"Is the requirement more than 130 credit hours?","ai_credit_hours","The program requires more than 130 credit hours."
"What is the minimum credit hours for AI?","ai_credit_hours","The program requires more than 130 credit hours."
"How many academic credits for BS Artificial Intelligence?","ai_credit_hours","The program requires more than 130 credit hours."
"Does the program require 130+ credit hours?","ai_credit_hours","The program requires more than 130 credit hours."
"What is the credit load for the AI degree?","ai_credit_hours","The program requires more than 130 credit hours."
"How many credit hours to graduate in AI?","ai_credit_hours","The program requires more than 130 credit hours."
"Are there more than 130 credit hours in BS AI?","ai_credit_hours","The program requires more than 130 credit hours."
"What is the total CH for the AI program?","ai_credit_hours","The program requires more than 130 credit hours."
"How many credits must be completed for AI?","ai_credit_hours","The program requires more than 130 credit hours."
"Is the credit requirement above 130?","ai_credit_hours","The program requires more than 130 credit hours."
"How many credit hours does the BS AI entail?","ai_credit_hours","The program requires more than 130 credit hours."
"What is the eligibility for BS Artificial Intelligence?","ai_eligibility","Applicants must have HSSC with Mathematics or an equivalent qualification certified by IBCC."
"Who can apply for the BS AI program?","ai_eligibility","Applicants must have HSSC with Mathematics or an equivalent qualification certified by IBCC."
"Is Math required for BS AI admission?","ai_eligibility","Applicants must have HSSC with Mathematics or an equivalent qualification certified by IBCC."
"What are the admission criteria for AI?","ai_eligibility","Applicants must have HSSC with Mathematics or an equivalent qualification certified by IBCC."
"Do I need HSSC with Mathematics for AI?","ai_eligibility","Applicants must have HSSC with Mathematics or an equivalent qualification certified by IBCC."
"What qualifications are needed for the AI degree?","ai_eligibility","Applicants must have HSSC with Mathematics or an equivalent qualification certified by IBCC."
"Is an IBCC certified qualification accepted?","ai_eligibility","Applicants must have HSSC with Mathematics or an equivalent qualification certified by IBCC."
"Who is eligible to take the AI course?","ai_eligibility","Applicants must have HSSC with Mathematics or an equivalent qualification certified by IBCC."
"What prerequisites exist for BS Artificial Intelligence?","ai_eligibility","Applicants must have HSSC with Mathematics or an equivalent qualification certified by IBCC."
"Must I have studied Math to apply for AI?","ai_eligibility","Applicants must have HSSC with Mathematics or an equivalent qualification certified by IBCC."
"What is the entry requirement for the AI department?","ai_eligibility","Applicants must have HSSC with Mathematics or an equivalent qualification certified by IBCC."
"Can I apply with HSSC Mathematics?","ai_eligibility","Applicants must have HSSC with Mathematics or an equivalent qualification certified by IBCC."
"Is HSSC mandatory for BS AI?","ai_eligibility","Applicants must have HSSC with Mathematics or an equivalent qualification certified by IBCC."
"What background is required for the AI program?","ai_eligibility","Applicants must have HSSC with Mathematics or an equivalent qualification certified by IBCC."
"Are there specific eligibility rules for AI?","ai_eligibility","Applicants must have HSSC with Mathematics or an equivalent qualification certified by IBCC."
"Why is Artificial Intelligence important today?","ai_importance","Artificial Intelligence drives modern industries and has created a high demand for skilled technologists worldwide."
"Why is AI significant in the modern world?","ai_importance","Artificial Intelligence drives modern industries and has created a high demand for skilled technologists worldwide."
"What is the importance of AI today?","ai_importance","Artificial Intelligence drives modern industries and has created a high demand for skilled technologists worldwide."
"Why should we focus on Artificial Intelligence?","ai_importance","Artificial Intelligence drives modern industries and has created a high demand for skilled technologists worldwide."
"Why is AI crucial in today’s industry?","ai_importance","Artificial Intelligence drives modern industries and has created a high demand for skilled technologists worldwide."
"What role does AI play in modern society?","ai_importance","Artificial Intelligence drives modern industries and has created a high demand for skilled technologists worldwide."
"Why do we need Artificial Intelligence skills today?","ai_importance","Artificial Intelligence drives modern industries and has created a high demand for skilled technologists worldwide."
"Why is learning AI essential today?","ai_importance","Artificial Intelligence drives modern industries and has created a high demand for skilled technologists worldwide."
"What makes AI important in today’s world?","ai_importance","Artificial Intelligence drives modern industries and has created a high demand for skilled technologists worldwide."
"Why is AI education valuable now?","ai_importance","Artificial Intelligence drives modern industries and has created a high demand for skilled technologists worldwide."
"Why is AI widely used today?","ai_importance","Artificial Intelligence drives modern industries and has created a high demand for skilled technologists worldwide."
"What significance does AI hold today?","ai_importance","Artificial Intelligence drives modern industries and has created a high demand for skilled technologists worldwide."
"Why is AI a key technology today?","ai_importance","Artificial Intelligence drives modern industries and has created a high demand for skilled technologists worldwide."
"Why should students learn AI?","ai_importance","Artificial Intelligence drives modern industries and has created a high demand for skilled technologists worldwide."
"What is the relevance of AI in modern times?","ai_importance","Artificial Intelligence drives modern industries and has created a high demand for skilled technologists worldwide."
"What is the mission of the AI department?","ai_department_mission","The department aims to generate new scientific knowledge and nurture talented students into future AI leaders."
"What goals does the AI department pursue?","ai_department_mission","The department aims to generate new scientific knowledge and nurture talented students into future AI leaders."
"What is the purpose of the AI department?","ai_department_mission","The department aims to generate new scientific knowledge and nurture talented students into future AI leaders."
"What is the AI department’s main objective?","ai_department_mission","The department aims to generate new scientific knowledge and nurture talented students into future AI leaders."
"What are the targets of the AI department?","ai_department_mission","The department aims to generate new scientific knowledge and nurture talented students into future AI leaders."
"What does the AI department aim to achieve?","ai_department_mission","The department aims to generate new scientific knowledge and nurture talented students into future AI leaders."
"What is the core mission of GC Mansehra's AI department?","ai_department_mission","The department aims to generate new scientific knowledge and nurture talented students into future AI leaders."
"What objectives guide the AI department?","ai_department_mission","The department aims to generate new scientific knowledge and nurture talented students into future AI leaders."
"How does the AI department serve students?","ai_department_mission","The department aims to generate new scientific knowledge and nurture talented students into future AI leaders."
"What is the aim of the AI department?","ai_department_mission","The department aims to generate new scientific knowledge and nurture talented students into future AI leaders."
"What is the vision of the AI department?","ai_department_mission","The department aims to generate new scientific knowledge and nurture talented students into future AI leaders."
"What does the AI department strive for?","ai_department_mission","The department aims to generate new scientific knowledge and nurture talented students into future AI leaders."
"What is the departmental mission in AI at GC Mansehra?","ai_department_mission","The department aims to generate new scientific knowledge and nurture talented students into future AI leaders."
"What is the purpose behind the AI department?","ai_department_mission","The department aims to generate new scientific knowledge and nurture talented students into future AI leaders."
"What is the strategic mission of the AI department?","ai_department_mission","The department aims to generate new scientific knowledge and nurture talented students into future AI leaders."
"Does the AI department encourage research?","ai_research_focus","Yes the department encourages cutting-edge research development and collaboration with industry leaders."
"Is research promoted by the AI department?","ai_research_focus","Yes the department encourages cutting-edge research development and collaboration with industry leaders."
"Does GC Mansehra’s AI department focus on research?","ai_research_focus","Yes the department encourages cutting-edge research development and collaboration with industry leaders."
"Does the AI department support student research projects?","ai_research_focus","Yes the department encourages cutting-edge research development and collaboration with industry leaders."
"Is research a priority in the AI department?","ai_research_focus","Yes the department encourages cutting-edge research development and collaboration with industry leaders."
"Does the department promote innovation and research?","ai_research_focus","Yes the department encourages cutting-edge research development and collaboration with industry leaders."
"Are research activities conducted in the AI department?","ai_research_focus","Yes the department encourages cutting-edge research development and collaboration with industry leaders."
"Does the AI department collaborate with industry for research?","ai_research_focus","Yes the department encourages cutting-edge research development and collaboration with industry leaders."
"Are students encouraged to conduct research in AI?","ai_research_focus","Yes the department encourages cutting-edge research development and collaboration with industry leaders."
"Is research development part of the AI department’s focus?","ai_research_focus","Yes the department encourages cutting-edge research development and collaboration with industry leaders."
"Does GC Mansehra AI department engage in research initiatives?","ai_research_focus","Yes the department encourages cutting-edge research development and collaboration with industry leaders."
"Does the AI department foster research culture?","ai_research_focus","Yes the department encourages cutting-edge research development and collaboration with industry leaders."
"Is research and innovation emphasized in the AI department?","ai_research_focus","Yes the department encourages cutting-edge research development and collaboration with industry leaders."
"Does the department guide students in research activities?","ai_research_focus","Yes the department encourages cutting-edge research development and collaboration with industry leaders."
"Are research and collaboration encouraged in the AI department?","ai_research_focus","Yes the department encourages cutting-edge research development and collaboration with industry leaders."
"What skills does the AI program aim to develop?","ai_skills_development","The program develops critical thinking problem-solving and computational analysis skills."
"What abilities does the AI course foster?","ai_skills_development","The program develops critical thinking problem-solving and computational analysis skills."
"Which skills are targeted in the AI program?","ai_skills_development","The program develops critical thinking problem-solving and computational analysis skills."
"Does the AI program teach problem-solving?","ai_skills_development","The program develops critical thinking problem-solving and computational analysis skills."
"What competencies do AI students gain?","ai_skills_development","The program develops critical thinking problem-solving and computational analysis skills."
"Is critical thinking part of the AI curriculum?","ai_skills_development","The program develops critical thinking problem-solving and computational analysis skills."
"What does the AI program teach students to do?","ai_skills_development","The program develops critical thinking problem-solving and computational analysis skills."
"Are computational analysis skills developed here?","ai_skills_development","The program develops critical thinking problem-solving and computational analysis skills."
"What is the skill focus of the AI degree?","ai_skills_development","The program develops critical thinking problem-solving and computational analysis skills."
"Does the program improve analytical skills?","ai_skills_development","The program develops critical thinking problem-solving and computational analysis skills."
"What specific skills will I learn in AI?","ai_skills_development","The program develops critical thinking problem-solving and computational analysis skills."
"Is the focus on critical thinking and analysis?","ai_skills_development","The program develops critical thinking problem-solving and computational analysis skills."
"What are the learning outcomes regarding skills?","ai_skills_development","The program develops critical thinking problem-solving and computational analysis skills."
"Does the AI course develop computational skills?","ai_skills_development","The program develops critical thinking problem-solving and computational analysis skills."
"What intellectual skills does the program build?","ai_skills_development","The program develops critical thinking problem-solving and computational analysis skills."
"Does the AI curriculum include practical applications?","ai_practical_focus","Yes the curriculum connects fundamental concepts with real-world applications."
"Is the AI curriculum practical?","ai_practical_focus","Yes the curriculum connects fundamental concepts with real-world applications."
"Does the program connect theory to practice?","ai_practical_focus","Yes the curriculum connects fundamental concepts with real-world applications."
"Are there real-world applications in the AI course?","ai_practical_focus","Yes the curriculum connects fundamental concepts with real-world applications."
"Does the AI degree focus on practical use?","ai_practical_focus","Yes the curriculum connects fundamental concepts with real-world applications."
"Is the curriculum applied or just theoretical?","ai_practical_focus","Yes the curriculum connects fundamental concepts with real-world applications."
"Do students learn real-world AI applications?","ai_practical_focus","Yes the curriculum connects fundamental concepts with real-world applications."
"How does the curriculum handle practical skills?","ai_practical_focus","Yes the curriculum connects fundamental concepts with real-world applications."
"Is there a link between concepts and application?","ai_practical_focus","Yes the curriculum connects fundamental concepts with real-world applications."
"Does the course cover practical AI implementations?","ai_practical_focus","Yes the curriculum connects fundamental concepts with real-world applications."
"Are fundamental concepts applied practically?","ai_practical_focus","Yes the curriculum connects fundamental concepts with real-world applications."
"Does the AI department emphasize real-world usage?","ai_practical_focus","Yes the curriculum connects fundamental concepts with real-world applications."
"Is the teaching relevant to real-life scenarios?","ai_practical_focus","Yes the curriculum connects fundamental concepts with real-world applications."
"Does the syllabus include practical work?","ai_practical_focus","Yes the curriculum connects fundamental concepts with real-world applications."
"Is the program designed for practical application?","ai_practical_focus","Yes the curriculum connects fundamental concepts with real-world applications."
"Does the AI program prepare students for employment?","ai_employment_preparation","Yes graduates are prepared for employment or further studies in AI-related fields."
"Will this degree get me a job in AI?","ai_employment_preparation","Yes graduates are prepared for employment or further studies in AI-related fields."
"Does the program help with future careers?","ai_employment_preparation","Yes graduates are prepared for employment or further studies in AI-related fields."
"Are graduates ready for the workforce?","ai_employment_preparation","Yes graduates are prepared for employment or further studies in AI-related fields."
"Does the AI course lead to employment?","ai_employment_preparation","Yes graduates are prepared for employment or further studies in AI-related fields."
"Is the program career-oriented?","ai_employment_preparation","Yes graduates are prepared for employment or further studies in AI-related fields."
"Can graduates pursue further studies?","ai_employment_preparation","Yes graduates are prepared for employment or further studies in AI-related fields."
"Does it prepare students for AI jobs?","ai_employment_preparation","Yes graduates are prepared for employment or further studies in AI-related fields."
"What are the career prospects after this degree?","ai_employment_preparation","Yes graduates are prepared for employment or further studies in AI-related fields."
"Are students equipped for the job market?","ai_employment_preparation","Yes graduates are prepared for employment or further studies in AI-related fields."
"Does the department prepare you for industry?","ai_employment_preparation","Yes graduates are prepared for employment or further studies in AI-related fields."
"Is further study an option after this program?","ai_employment_preparation","Yes graduates are prepared for employment or further studies in AI-related fields."
"Does the degree support career readiness?","ai_employment_preparation","Yes graduates are prepared for employment or further studies in AI-related fields."
"Are graduates employable in AI fields?","ai_employment_preparation","Yes graduates are prepared for employment or further studies in AI-related fields."
"Does the curriculum target employability?","ai_employment_preparation","Yes graduates are prepared for employment or further studies in AI-related fields."
"Does the AI department promote lifelong learning?","ai_lifelong_learning","Yes students are encouraged to engage in lifelong learning and continuous inquiry."
"Is continuous learning encouraged in AI?","ai_lifelong_learning","Yes students are encouraged to engage in lifelong learning and continuous inquiry."
"Does the department support ongoing education?","ai_lifelong_learning","Yes students are encouraged to engage in lifelong learning and continuous inquiry."
"Are students taught to be lifelong learners?","ai_lifelong_learning","Yes students are encouraged to engage in lifelong learning and continuous inquiry."
"Is there an emphasis on continuous inquiry?","ai_lifelong_learning","Yes students are encouraged to engage in lifelong learning and continuous inquiry."
"Does the AI program value lifelong learning?","ai_lifelong_learning","Yes students are encouraged to engage in lifelong learning and continuous inquiry."
"Are students encouraged to keep learning?","ai_lifelong_learning","Yes students are encouraged to engage in lifelong learning and continuous inquiry."
"Is inquiry and learning promoted here?","ai_lifelong_learning","Yes students are encouraged to engage in lifelong learning and continuous inquiry."
"Does the faculty encourage self-improvement?","ai_lifelong_learning","Yes students are encouraged to engage in lifelong learning and continuous inquiry."
"Is the culture one of continuous learning?","ai_lifelong_learning","Yes students are encouraged to engage in lifelong learning and continuous inquiry."
"Do they teach students to learn forever?","ai_lifelong_learning","Yes students are encouraged to engage in lifelong learning and continuous inquiry."
"Is lifelong inquiry part of the philosophy?","ai_lifelong_learning","Yes students are encouraged to engage in lifelong learning and continuous inquiry."
"Does the department foster a love for learning?","ai_lifelong_learning","Yes students are encouraged to engage in lifelong learning and continuous inquiry."
"Are future learning habits developed?","ai_lifelong_learning","Yes students are encouraged to engage in lifelong learning and continuous inquiry."
"Is the focus on long-term education?","ai_lifelong_learning","Yes students are encouraged to engage in lifelong learning and continuous inquiry."
"When was the Botany department established?","botany_department_establishment","The Botany department was established in 2013."
"What year was the Botany department found?","botany_department_establishment","The Botany department was established in 2013."
"When did the Botany department start?","botany_department_establishment","The Botany department was established in 2013."
"How old is the Botany department?","botany_department_establishment","The Botany department was established in 2013."
"In which year was Botany established?","botany_department_establishment","The Botany department was established in 2013."
"When was the inception of the Botany department?","botany_department_establishment","The Botany department was established in 2013."
"Did the Botany department start in 2013?","botany_department_establishment","The Botany department was established in 2013."
"What is the founding year of the Botany department?","botany_department_establishment","The Botany department was established in 2013."
"When did Botany classes begin?","botany_department_establishment","The Botany department was established in 2013."
"How long has the Botany department existed?","botany_department_establishment","The Botany department was established in 2013."
"When was the Botany faculty created?","botany_department_establishment","The Botany department was established in 2013."
"What is the history of the Botany department's start?","botany_department_establishment","The Botany department was established in 2013."
"Was the Botany department established recently?","botany_department_establishment","The Botany department was established in 2013."
"When did the college add the Botany department?","botany_department_establishment","The Botany department was established in 2013."
"What date was the Botany department launched?","botany_department_establishment","The Botany department was established in 2013."
"What is the mission of the Botany department?","botany_department_mission","The department aims to provide affordable quality education professional skills and ethical grooming."
"What is the purpose of the Botany department?","botany_department_mission","The department aims to provide affordable quality education professional skills and ethical grooming."
"What goals does the Botany department pursue?","botany_department_mission","The department aims to provide affordable quality education professional skills and ethical grooming."
"What is the objective of the Botany department?","botany_department_mission","The department aims to provide affordable quality education professional skills and ethical grooming."
"What is the aim of GC Mansehra's Botany department?","botany_department_mission","The department aims to provide affordable quality education professional skills and ethical grooming."
"What does the Botany department strive to achieve?","botany_department_mission","The department aims to provide affordable quality education professional skills and ethical grooming."
"What is the vision of the Botany department?","botany_department_mission","The department aims to provide affordable quality education professional skills and ethical grooming."
"What does the Botany department focus on?","botany_department_mission","The department aims to provide affordable quality education professional skills and ethical grooming."
"What is the core mission of the Botany department?","botany_department_mission","The department aims to provide affordable quality education professional skills and ethical grooming."
"What objectives guide the Botany department?","botany_department_mission","The department aims to provide affordable quality education professional skills and ethical grooming."
"What is the purpose behind the Botany department?","botany_department_mission","The department aims to provide affordable quality education professional skills and ethical grooming."
"What are the departmental goals in Botany?","botany_department_mission","The department aims to provide affordable quality education professional skills and ethical grooming."
"What is the strategic mission of the Botany department?","botany_department_mission","The department aims to provide affordable quality education professional skills and ethical grooming."
"What does the Botany department seek to accomplish?","botany_department_mission","The department aims to provide affordable quality education professional skills and ethical grooming."
"What is the Botany department's main aim?","botany_department_mission","The department aims to provide affordable quality education professional skills and ethical grooming."
"Does the Botany department have research facilities?","botany_laboratory_facilities","Yes the department is equipped with advanced laboratories for practical and research work."
"Are there research labs in the Botany department?","botany_laboratory_facilities","Yes the department is equipped with advanced laboratories for practical and research work."
"Does GC Mansehra Botany department have laboratories?","botany_laboratory_facilities","Yes the department is equipped with advanced laboratories for practical and research work."
"Are Botany labs available for research?","botany_laboratory_facilities","Yes the department is equipped with advanced laboratories for practical and research work."
"Does the Botany department provide lab facilities?","botany_laboratory_facilities","Yes the department is equipped with advanced laboratories for practical and research work."
"Does the Botany department support research with labs?","botany_laboratory_facilities","Yes the department is equipped with advanced laboratories for practical and research work."
"Are research facilities present in the Botany department?","botany_laboratory_facilities","Yes the department is equipped with advanced laboratories for practical and research work."
"Is the Botany department equipped with labs?","botany_laboratory_facilities","Yes the department is equipped with advanced laboratories for practical and research work."
"Does the Botany department have experimental facilities?","botany_laboratory_facilities","Yes the department is equipped with advanced laboratories for practical and research work."
"Are advanced labs available in the Botany department?","botany_laboratory_facilities","Yes the department is equipped with advanced laboratories for practical and research work."
"Can students access research labs in Botany?","botany_laboratory_facilities","Yes the department is equipped with advanced laboratories for practical and research work."
"Does the Botany department provide facilities for experiments?","botany_laboratory_facilities","Yes the department is equipped with advanced laboratories for practical and research work."
"Are there lab resources for Botany research?","botany_laboratory_facilities","Yes the department is equipped with advanced laboratories for practical and research work."
"Is practical work supported with labs in Botany?","botany_laboratory_facilities","Yes the department is equipped with advanced laboratories for practical and research work."
"Does GC Mansehra’s Botany department have research labs?","botany_laboratory_facilities","Yes the department is equipped with advanced laboratories for practical and research work."
"Do Botany faculty members publish research?","botany_research_publications","Yes faculty and students have published research in national and international journals."
"Do Botany professors publish research papers?","botany_research_publications","Yes faculty and students have published research in national and international journals."
"Are research publications produced by Botany staff?","botany_research_publications","Yes faculty and students have published research in national and international journals."
"Do Botany faculty contribute to scientific publications?","botany_research_publications","Yes faculty and students have published research in national and international journals."
"Do professors in the Botany department publish studies?","botany_research_publications","Yes faculty and students have published research in national and international journals."
"Do Botany lecturers publish in journals?","botany_research_publications","Yes faculty and students have published research in national and international journals."
"Do Botany faculty members conduct publishable research?","botany_research_publications","Yes faculty and students have published research in national and international journals."
"Are Botany faculty active in research publishing?","botany_research_publications","Yes faculty and students have published research in national and international journals."
"Do students and faculty publish research in Botany?","botany_research_publications","Yes faculty and students have published research in national and international journals."
"Are research articles authored by Botany faculty?","botany_research_publications","Yes faculty and students have published research in national and international journals."
"Is publishing research common in Botany department?","botany_research_publications","Yes faculty and students have published research in national and international journals."
"Do GC Mansehra Botany staff publish scientific work?","botany_research_publications","Yes faculty and students have published research in national and international journals."
"Are academic publications produced by Botany professors?","botany_research_publications","Yes faculty and students have published research in national and international journals."
"Do Botany faculty engage in research publishing?","botany_research_publications","Yes faculty and students have published research in national and international journals."
"Do faculty and students publish research in Botany?","botany_research_publications","Yes faculty and students have published research in national and international journals."
"Does the Botany department promote equality?","botany_equal_opportunity","Yes equal opportunities are provided regardless of race gender or ethnicity."
"Is equality encouraged in the Botany department?","botany_equal_opportunity","Yes equal opportunities are provided regardless of race gender or ethnicity."
"Does GC Mansehra Botany department ensure equal opportunity?","botany_equal_opportunity","Yes equal opportunities are provided regardless of race gender or ethnicity."
"Are equal opportunities provided in Botany department?","botany_equal_opportunity","Yes equal opportunities are provided regardless of race gender or ethnicity."
"Does the Botany department practice equality?","botany_equal_opportunity","Yes equal opportunities are provided regardless of race gender or ethnicity."
"Is non-discrimination followed in Botany department?","botany_equal_opportunity","Yes equal opportunities are provided regardless of race gender or ethnicity."
"Are all students treated equally in Botany?","botany_equal_opportunity","Yes equal opportunities are provided regardless of race gender or ethnicity."
"Does the department of Botany maintain fairness?","botany_equal_opportunity","Yes equal opportunities are provided regardless of race gender or ethnicity."
"Is inclusion emphasized in Botany department?","botany_equal_opportunity","Yes equal opportunities are provided regardless of race gender or ethnicity."
"Are opportunities equal for all in Botany?","botany_equal_opportunity","Yes equal opportunities are provided regardless of race gender or ethnicity."
"Does GC Mansehra Botany department follow equality policies?","botany_equal_opportunity","Yes equal opportunities are provided regardless of race gender or ethnicity."
"Is the Botany department committed to equality?","botany_equal_opportunity","Yes equal opportunities are provided regardless of race gender or ethnicity."
"Are fairness and equality promoted in Botany?","botany_equal_opportunity","Yes equal opportunities are provided regardless of race gender or ethnicity."
"Does the department of Botany provide equal chances?","botany_equal_opportunity","Yes equal opportunities are provided regardless of race gender or ethnicity."
"Are diversity and equality supported in Botany department?","botany_equal_opportunity","Yes equal opportunities are provided regardless of race gender or ethnicity."
"What career fields are available to Botany graduates?","botany_career_fields","Graduates can work in agriculture forestry horticulture biotechnology education and research."
"What jobs can Botany graduates pursue?","botany_career_fields","Graduates can work in agriculture forestry horticulture biotechnology education and research."
"What career opportunities exist for Botany students?","botany_career_fields","Graduates can work in agriculture forestry horticulture biotechnology education and research."
"What professions are open to Botany graduates?","botany_career_fields","Graduates can work in agriculture forestry horticulture biotechnology education and research."
"What employment options are available to Botany alumni?","botany_career_fields","Graduates can work in agriculture forestry horticulture biotechnology education and research."
"In which fields can Botany graduates work?","botany_career_fields","Graduates can work in agriculture forestry horticulture biotechnology education and research."
"What career paths do Botany students have?","botany_career_fields","Graduates can work in agriculture forestry horticulture biotechnology education and research."
"What industries hire Botany graduates?","botany_career_fields","Graduates can work in agriculture forestry horticulture biotechnology education and research."
"Which sectors can Botany alumni join?","botany_career_fields","Graduates can work in agriculture forestry horticulture biotechnology education and research."
"Where can Botany graduates find employment?","botany_career_fields","Graduates can work in agriculture forestry horticulture biotechnology education and research."
"What jobs are suitable for Botany students?","botany_career_fields","Graduates can work in agriculture forestry horticulture biotechnology education and research."
"What professional opportunities exist for Botany graduates?","botany_career_fields","Graduates can work in agriculture forestry horticulture biotechnology education and research."
"Which careers can Botany graduates pursue?","botany_career_fields","Graduates can work in agriculture forestry horticulture biotechnology education and research."
"What fields of work are available for Botany alumni?","botany_career_fields","Graduates can work in agriculture forestry horticulture biotechnology education and research."
"What career options are there for Botany students?","botany_career_fields","Graduates can work in agriculture forestry horticulture biotechnology education and research."
"What program is offered by the Botany department?","botany_program_offered","The department offers a four-year BS Botany program."
"Which degree can I get in Botany?","botany_program_offered","The department offers a four-year BS Botany program."
"Does the Botany department offer a BS program?","botany_program_offered","The department offers a four-year BS Botany program."
"Is the BS Botany program four years long?","botany_program_offered","The department offers a four-year BS Botany program."
"What is the duration of the Botany program?","botany_program_offered","The department offers a four-year BS Botany program."
"What is the main course in Botany?","botany_program_offered","The department offers a four-year BS Botany program."
"What program can I study in the Botany department?","botany_program_offered","The department offers a four-year BS Botany program."
"Does the department provide a Bachelor of Science in Botany?","botany_program_offered","The department offers a four-year BS Botany program."
"What undergraduate degree is offered in Botany?","botany_program_offered","The department offers a four-year BS Botany program."
"Is the Botany degree a four-year BS?","botany_program_offered","The department offers a four-year BS Botany program."
"What is the academic offering of the Botany department?","botany_program_offered","The department offers a four-year BS Botany program."
"Do they have a BS Botany course?","botany_program_offered","The department offers a four-year BS Botany program."
"What level of study is available in Botany?","botany_program_offered","The department offers a four-year BS Botany program."
"Is the BS Botany program available?","botany_program_offered","The department offers a four-year BS Botany program."
"How long is the Botany degree offered?","botany_program_offered","The department offers a four-year BS Botany program."
"Who is the Chairman of the Botany department?","botany_chairman","Dr Muhammad Farooq is the Chairman of the Department of Botany."
"Who leads the Botany department?","botany_chairman","Dr Muhammad Farooq is the Chairman of the Department of Botany."
"What is the name of the Botany department head?","botany_chairman","Dr Muhammad Farooq is the Chairman of the Department of Botany."
"Is Dr Muhammad Farooq the head of Botany?","botany_chairman","Dr Muhammad Farooq is the Chairman of the Department of Botany."
"Who is the current chairman of Botany?","botany_chairman","Dr Muhammad Farooq is the Chairman of the Department of Botany."
"Who is in charge of the Botany department?","botany_chairman","Dr Muhammad Farooq is the Chairman of the Department of Botany."
"What is the designation of Dr Muhammad Farooq?","botany_chairman","Dr Muhammad Farooq is the Chairman of the Department of Botany."
"Who holds the Chairman position in Botany?","botany_chairman","Dr Muhammad Farooq is the Chairman of the Department of Botany."
"Who is the chief of the Botany faculty?","botany_chairman","Dr Muhammad Farooq is the Chairman of the Department of Botany."
"What is the name of the Botany Chairman?","botany_chairman","Dr Muhammad Farooq is the Chairman of the Department of Botany."
"Who heads the Department of Botany?","botany_chairman","Dr Muhammad Farooq is the Chairman of the Department of Botany."
"Is the Botany department chaired by Dr Farooq?","botany_chairman","Dr Muhammad Farooq is the Chairman of the Department of Botany."
"Who is the principal professor in Botany?","botany_chairman","Dr Muhammad Farooq is the Chairman of the Department of Botany."
"What is Dr Muhammad Farooq's role in the Botany department?","botany_chairman","Dr Muhammad Farooq is the Chairman of the Department of Botany."
"Who is the highest authority in Botany?","botany_chairman","Dr Muhammad Farooq is the Chairman of the Department of Botany."
"What are Dr Muhammad Farooq’s achievements?","botany_chairman_achievements","He is a PhD Gold Medalist Best Teacher Award winner and has published 30 research articles."
"Has Dr Muhammad Farooq won any awards?","botany_chairman_achievements","He is a PhD Gold Medalist Best Teacher Award winner and has published 30 research articles."
"What has Dr Muhammad Farooq accomplished?","botany_chairman_achievements","He is a PhD Gold Medalist Best Teacher Award winner and has published 30 research articles."
"Is Dr Muhammad Farooq a Gold Medalist?","botany_chairman_achievements","He is a PhD Gold Medalist Best Teacher Award winner and has published 30 research articles."
"How many research articles has Dr Farooq published?","botany_chairman_achievements","He is a PhD Gold Medalist Best Teacher Award winner and has published 30 research articles."
"Did Dr Muhammad Farooq win the Best Teacher Award?","botany_chairman_achievements","He is a PhD Gold Medalist Best Teacher Award winner and has published 30 research articles."
"What is Dr Farooq's academic background?","botany_chairman_achievements","He is a PhD Gold Medalist Best Teacher Award winner and has published 30 research articles."
"What are the notable achievements of the Botany Chairman?","botany_chairman_achievements","He is a PhD Gold Medalist Best Teacher Award winner and has published 30 research articles."
"How prolific is Dr Muhammad Farooq's research?","botany_chairman_achievements","He is a PhD Gold Medalist Best Teacher Award winner and has published 30 research articles."
"Has Dr Farooq won a Gold Medal?","botany_chairman_achievements","He is a PhD Gold Medalist Best Teacher Award winner and has published 30 research articles."
"What awards has the Botany Chairman received?","botany_chairman_achievements","He is a PhD Gold Medalist Best Teacher Award winner and has published 30 research articles."
"What is his publication count?","botany_chairman_achievements","He is a PhD Gold Medalist Best Teacher Award winner and has published 30 research articles."
"Is Dr Muhammad Farooq a recognized teacher?","botany_chairman_achievements","He is a PhD Gold Medalist Best Teacher Award winner and has published 30 research articles."
"What are his professional accomplishments?","botany_chairman_achievements","He is a PhD Gold Medalist Best Teacher Award winner and has published 30 research articles."
"What are Dr Muhammad Farooq's accolades?","botany_chairman_achievements","He is a PhD Gold Medalist Best Teacher Award winner and has published 30 research articles."
"Has Dr Muhammad Farooq received government awards?","botany_government_awards","Yes he received Research and Productivity Awards from the KP Government."
"Did Dr Farooq receive awards from the KP Government?","botany_government_awards","Yes he received Research and Productivity Awards from the KP Government."
"Has he won Research and Productivity Awards?","botany_government_awards","Yes he received Research and Productivity Awards from the KP Government."
"Are there any government honors for Dr Muhammad Farooq?","botany_government_awards","Yes he received Research and Productivity Awards from the KP Government."
"What awards has the KP Government given Dr Farooq?","botany_government_awards","Yes he received Research and Productivity Awards from the KP Government."
"Did the government recognize Dr Muhammad Farooq's work?","botany_government_awards","Yes he received Research and Productivity Awards from the KP Government."
"Has Dr Farooq been honored by the government?","botany_government_awards","Yes he received Research and Productivity Awards from the KP Government."
"Did the Chairman get awards from the Khyber Pakhtunkhwa Government?","botany_government_awards","Yes he received Research and Productivity Awards from the KP Government."
"What government recognition does Dr Muhammad Farooq have?","botany_government_awards","Yes he received Research and Productivity Awards from the KP Government."
"Did he win any government-sponsored awards?","botany_government_awards","Yes he received Research and Productivity Awards from the KP Government."
"Has Dr Farooq received state awards?","botany_government_awards","Yes he received Research and Productivity Awards from the KP Government."
"Were the awards Research and Productivity Awards?","botany_government_awards","Yes he received Research and Productivity Awards from the KP Government."
"Is Dr Muhammad Farooq recognized by the government?","botany_government_awards","Yes he received Research and Productivity Awards from the KP Government."
"Did he get awards from the KP administration?","botany_government_awards","Yes he received Research and Productivity Awards from the KP Government."
"What government awards did the Botany Chairman get?","botany_government_awards","Yes he received Research and Productivity Awards from the KP Government."
"Who is Dr Khalid Rasheed Khan?","botany_faculty_khalid","He is an Assistant Professor in Botany with a PhD and extensive research experience."
"What is Dr Khalid Rasheed Khan's position?","botany_faculty_khalid","He is an Assistant Professor in Botany with a PhD and extensive research experience."
"Is Dr Khalid Rasheed Khan a professor?","botany_faculty_khalid","He is an Assistant Professor in Botany with a PhD and extensive research experience."
"What is the role of Dr Khalid Rasheed Khan?","botany_faculty_khalid","He is an Assistant Professor in Botany with a PhD and extensive research experience."
"What is Dr Khan's designation in Botany?","botany_faculty_khalid","He is an Assistant Professor in Botany with a PhD and extensive research experience."
"Does Dr Khalid Rasheed Khan have research experience?","botany_faculty_khalid","He is an Assistant Professor in Botany with a PhD and extensive research experience."
"Is Dr Khalid Rasheed Khan a PhD holder?","botany_faculty_khalid","He is an Assistant Professor in Botany with a PhD and extensive research experience."
"Who is the Assistant Professor in Botany?","botany_faculty_khalid","He is an Assistant Professor in Botany with a PhD and extensive research experience."
"Tell me about Dr Khalid Rasheed Khan's background.","botany_faculty_khalid","He is an Assistant Professor in Botany with a PhD and extensive research experience."
"What is Dr Khan's expertise?","botany_faculty_khalid","He is an Assistant Professor in Botany with a PhD and extensive research experience."
"Does Dr Khalid Rasheed Khan have extensive research?","botany_faculty_khalid","He is an Assistant Professor in Botany with a PhD and extensive research experience."
"Is Dr Khan a PhD in Botany?","botany_faculty_khalid","He is an Assistant Professor in Botany with a PhD and extensive research experience."
"Who is Dr Khalid Rasheed Khan in the department?","botany_faculty_khalid","He is an Assistant Professor in Botany with a PhD and extensive research experience."
"What rank does Dr Khalid Rasheed Khan hold?","botany_faculty_khalid","He is an Assistant Professor in Botany with a PhD and extensive research experience."
"Does Dr Khalid Rasheed Khan teach Botany?","botany_faculty_khalid","He is an Assistant Professor in Botany with a PhD and extensive research experience."
"How many research papers has Dr Khalid Rasheed published?","botany_khalid_publications","He has published 15 research papers in HEC recognized journals."
"What is the publication count for Dr Khalid Rasheed?","botany_khalid_publications","He has published 15 research papers in HEC recognized journals."
"How many papers did Dr Khalid Rasheed publish?","botany_khalid_publications","He has published 15 research papers in HEC recognized journals."
"Are Dr Khalid Rasheed's papers in HEC recognized journals?","botany_khalid_publications","He has published 15 research papers in HEC recognized journals."
"In what kind of journals did Dr Khalid Rasheed publish?","botany_khalid_publications","He has published 15 research papers in HEC recognized journals."
"Does Dr Khalid Rasheed have 15 research papers?","botany_khalid_publications","He has published 15 research papers in HEC recognized journals."
"What is the number of research papers published by Dr Khan?","botany_khalid_publications","He has published 15 research papers in HEC recognized journals."
"How many articles has Dr Khalid Rasheed contributed?","botany_khalid_publications","He has published 15 research papers in HEC recognized journals."
"Did Dr Khalid Rasheed publish in HEC journals?","botany_khalid_publications","He has published 15 research papers in HEC recognized journals."
"What is the research output of Dr Khalid Rasheed?","botany_khalid_publications","He has published 15 research papers in HEC recognized journals."
"Has Dr Khalid Rasheed published 15 articles?","botany_khalid_publications","He has published 15 research papers in HEC recognized journals."
"Where were Dr Khalid Rasheed's papers published?","botany_khalid_publications","He has published 15 research papers in HEC recognized journals."
"What is the total number of publications for Dr Khan?","botany_khalid_publications","He has published 15 research papers in HEC recognized journals."
"Is the publication number 15 for Dr Khalid Rasheed?","botany_khalid_publications","He has published 15 research papers in HEC recognized journals."
"How many journal publications does Dr Khalid Rasheed have?","botany_khalid_publications","He has published 15 research papers in HEC recognized journals."
"Who is Muhammad Mustajab?","botany_faculty_mustajab","He is a Lecturer in Botany with an MPhil degree."
"What is the qualification of Muhammad Mustajab?","botany_faculty_mustajab","He is a Lecturer in Botany with an MPhil degree."
"Is Muhammad Mustajab a Lecturer in Botany?","botany_faculty_mustajab","He is a Lecturer in Botany with an MPhil degree."
"What is Muhammad Mustajab's position in the Botany department?","botany_faculty_mustajab","He is a Lecturer in Botany with an MPhil degree."
"What degree does Muhammad Mustajab hold?","botany_faculty_mustajab","He is a Lecturer in Botany with an MPhil degree."
"Is Muhammad Mustajab an MPhil holder?","botany_faculty_mustajab","He is a Lecturer in Botany with an MPhil degree."
"What is the role of Muhammad Mustajab?","botany_faculty_mustajab","He is a Lecturer in Botany with an MPhil degree."
"Who is the Lecturer in Botany with an MPhil?","botany_faculty_mustajab","He is a Lecturer in Botany with an MPhil degree."
"What is the academic rank of Muhammad Mustajab?","botany_faculty_mustajab","He is a Lecturer in Botany with an MPhil degree."
"Tell me about Muhammad Mustajab.","botany_faculty_mustajab","He is a Lecturer in Botany with an MPhil degree."
"What is Muhammad Mustajab's faculty status?","botany_faculty_mustajab","He is a Lecturer in Botany with an MPhil degree."
"What is Muhammad Mustajab's highest degree?","botany_faculty_mustajab","He is a Lecturer in Botany with an MPhil degree."
"Is there a faculty member named Muhammad Mustajab?","botany_faculty_mustajab","He is a Lecturer in Botany with an MPhil degree."
"Does Muhammad Mustajab teach Botany?","botany_faculty_mustajab","He is a Lecturer in Botany with an MPhil degree."
"What is the official title of Muhammad Mustajab?","botany_faculty_mustajab","He is a Lecturer in Botany with an MPhil degree."
"What is the Department of Computer Science at GPGC Mansehra?","cs_department_overview","The Computer Science department focuses on computing digital technologies and modern software education."
"What is the focus of the Computer Science department?","cs_department_overview","The Computer Science department focuses on computing digital technologies and modern software education."
"What does the CS department teach?","cs_department_overview","The Computer Science department focuses on computing digital technologies and modern software education."
"What is the overview of the Computer Science department?","cs_department_overview","The Computer Science department focuses on computing digital technologies and modern software education."
"Does the CS department focus on digital technologies?","cs_department_overview","The Computer Science department focuses on computing digital technologies and modern software education."
"What is the scope of study in the Computer Science department?","cs_department_overview","The Computer Science department focuses on computing digital technologies and modern software education."
"Is the CS department focused on modern software education?","cs_department_overview","The Computer Science department focuses on computing digital technologies and modern software education."
"What are the main areas of the Computer Science department?","cs_department_overview","The Computer Science department focuses on computing digital technologies and modern software education."
"Does the CS department cover computing?","cs_department_overview","The Computer Science department focuses on computing digital technologies and modern software education."
"What is the primary function of the Computer Science department?","cs_department_overview","The Computer Science department focuses on computing digital technologies and modern software education."
"How does the CS department define itself?","cs_department_overview","The Computer Science department focuses on computing digital technologies and modern software education."
"What subjects are covered in the Computer Science department?","cs_department_overview","The Computer Science department focuses on computing digital technologies and modern software education."
"Is the CS program focused on software?","cs_department_overview","The Computer Science department focuses on computing digital technologies and modern software education."
"What is the general information about the CS department?","cs_department_overview","The Computer Science department focuses on computing digital technologies and modern software education."
"Does the department deal with digital technologies?","cs_department_overview","The Computer Science department focuses on computing digital technologies and modern software education."
"What is the mission of the Computer Science department?","cs_department_mission","The department aims to produce skilled technologists and future leaders in technology."
"What is the CS department's goal?","cs_department_mission","The department aims to produce skilled technologists and future leaders in technology."
"What is the primary aim of the Computer Science department?","cs_department_mission","The department aims to produce skilled technologists and future leaders in technology."
"Does the department want to produce tech leaders?","cs_department_mission","The department aims to produce skilled technologists and future leaders in technology."
"What kind of graduates does the CS department produce?","cs_department_mission","The department aims to produce skilled technologists and future leaders in technology."
"Is the CS department focused on creating skilled technologists?","cs_department_mission","The department aims to produce skilled technologists and future leaders in technology."
"What is the departmental mission statement?","cs_department_mission","The department aims to produce skilled technologists and future leaders in technology."
"What is the objective of the Computer Science department?","cs_department_mission","The department aims to produce skilled technologists and future leaders in technology."
"Does the department aim to create future technology leaders?","cs_department_mission","The department aims to produce skilled technologists and future leaders in technology."
"What is the vision for CS graduates?","cs_department_mission","The department aims to produce skilled technologists and future leaders in technology."
"Does the department aim to train skilled individuals in technology?","cs_department_mission","The department aims to produce skilled technologists and future leaders in technology."
"What are the long-term goals of the CS department?","cs_department_mission","The department aims to produce skilled technologists and future leaders in technology."
"Is the CS department focused on leadership development?","cs_department_mission","The department aims to produce skilled technologists and future leaders in technology."
"What does the Computer Science department aspire to be?","cs_department_mission","The department aims to produce skilled technologists and future leaders in technology."
"What is the core purpose of the CS department?","cs_department_mission","The department aims to produce skilled technologists and future leaders in technology."
"Does the Computer Science department collaborate with industry?","cs_industry_collaboration","Yes faculty and students engage in collaborative research with industry."
"Is there industry collaboration in the CS department?","cs_industry_collaboration","Yes faculty and students engage in collaborative research with industry."
"Do CS faculty work with industry?","cs_industry_collaboration","Yes faculty and students engage in collaborative research with industry."
"Does the Computer Science department work with companies?","cs_industry_collaboration","Yes faculty and students engage in collaborative research with industry."
"Is collaborative research conducted with industry partners?","cs_industry_collaboration","Yes faculty and students engage in collaborative research with industry."
"Do CS students engage in industry research?","cs_industry_collaboration","Yes faculty and students engage in collaborative research with industry."
"How involved is the CS department with the tech industry?","cs_industry_collaboration","Yes faculty and students engage in collaborative research with industry."
"Is there any research collaboration with external partners?","cs_industry_collaboration","Yes faculty and students engage in collaborative research with industry."
"Do CS students and faculty research with industry?","cs_industry_collaboration","Yes faculty and students engage in collaborative research with industry."
"Is the CS department linked to the industry?","cs_industry_collaboration","Yes faculty and students engage in collaborative research with industry."
"Does the department have industry research ties?","cs_industry_collaboration","Yes faculty and students engage in collaborative research with industry."
"Is industry collaboration a feature of the CS department?","cs_industry_collaboration","Yes faculty and students engage in collaborative research with industry."
"Does the CS department conduct joint research with industry?","cs_industry_collaboration","Yes faculty and students engage in collaborative research with industry."
"How does the CS department engage with industry?","cs_industry_collaboration","Yes faculty and students engage in collaborative research with industry."
"Is industry partnership a focus in Computer Science?","cs_industry_collaboration","Yes faculty and students engage in collaborative research with industry."
"Is the Computer Science curriculum HEC approved?","cs_curriculum_approval","Yes the curriculum follows NCEAC guidelines of the Higher Education Commission Pakistan."
"Is the CS curriculum recognized by HEC?","cs_curriculum_approval","Yes the curriculum follows NCEAC guidelines of the Higher Education Commission Pakistan."
"Does the Computer Science program have HEC approval?","cs_curriculum_approval","Yes the curriculum follows NCEAC guidelines of the Higher Education Commission Pakistan."
"Is GC Mansehra CS curriculum HEC certified?","cs_curriculum_approval","Yes the curriculum follows NCEAC guidelines of the Higher Education Commission Pakistan."
"Is the Computer Science degree HEC accredited?","cs_curriculum_approval","Yes the curriculum follows NCEAC guidelines of the Higher Education Commission Pakistan."
"Does the CS curriculum meet HEC standards?","cs_curriculum_approval","Yes the curriculum follows NCEAC guidelines of the Higher Education Commission Pakistan."
"Has the CS curriculum been approved by HEC?","cs_curriculum_approval","Yes the curriculum follows NCEAC guidelines of the Higher Education Commission Pakistan."
"Is HEC approval available for CS program?","cs_curriculum_approval","Yes the curriculum follows NCEAC guidelines of the Higher Education Commission Pakistan."
"Does GC Mansehra offer HEC-approved CS courses?","cs_curriculum_approval","Yes the curriculum follows NCEAC guidelines of the Higher Education Commission Pakistan."
"Is the Computer Science program officially recognized by HEC?","cs_curriculum_approval","Yes the curriculum follows NCEAC guidelines of the Higher Education Commission Pakistan."
"Is the CS syllabus HEC compliant?","cs_curriculum_approval","Yes the curriculum follows NCEAC guidelines of the Higher Education Commission Pakistan."
"Is the CS program following HEC guidelines?","cs_curriculum_approval","Yes the curriculum follows NCEAC guidelines of the Higher Education Commission Pakistan."
"Does the CS department follow HEC requirements?","cs_curriculum_approval","Yes the curriculum follows NCEAC guidelines of the Higher Education Commission Pakistan."
"Is the CS degree program recognized by Higher Education Commission Pakistan?","cs_curriculum_approval","Yes the curriculum follows NCEAC guidelines of the Higher Education Commission Pakistan."
"Is the CS curriculum officially approved by HEC?","cs_curriculum_approval","Yes the curriculum follows NCEAC guidelines of the Higher Education Commission Pakistan."
"What degree does the Computer Science department offer?","cs_degree_offered","The department offers a Bachelor of Science in Computer Science."
"What is the degree program of the CS department?","cs_degree_offered","The department offers a Bachelor of Science in Computer Science."
"Which degree is provided by the CS department?","cs_degree_offered","The department offers a Bachelor of Science in Computer Science."
"What qualification does the Computer Science department grant?","cs_degree_offered","The department offers a Bachelor of Science in Computer Science."
"What type of degree is offered in CS?","cs_degree_offered","The department offers a Bachelor of Science in Computer Science."
"Which program does the CS department offer?","cs_degree_offered","The department offers a Bachelor of Science in Computer Science."
"What academic degree is available in Computer Science?","cs_degree_offered","The department offers a Bachelor of Science in Computer Science."
"What Bachelor’s degree is offered by CS?","cs_degree_offered","The department offers a Bachelor of Science in Computer Science."
"What is the main degree of the CS department?","cs_degree_offered","The department offers a Bachelor of Science in Computer Science."
"Which degree program does GC Mansehra CS offer?","cs_degree_offered","The department offers a Bachelor of Science in Computer Science."
"What BSc program is available in CS?","cs_degree_offered","The department offers a Bachelor of Science in Computer Science."
"What is the formal degree of CS department?","cs_degree_offered","The department offers a Bachelor of Science in Computer Science."
"Which qualification can students earn in CS?","cs_degree_offered","The department offers a Bachelor of Science in Computer Science."
"What is the offered undergraduate degree in CS?","cs_degree_offered","The department offers a Bachelor of Science in Computer Science."
"What degree do CS students pursue?","cs_degree_offered","The department offers a Bachelor of Science in Computer Science."
"What is the duration of the BS Computer Science program?","cs_program_duration","The BS Computer Science program is a four-year degree."
"How long does it take to complete BS Computer Science?","cs_program_duration","The BS Computer Science program is a four-year degree."
"What is the length of the CS degree program?","cs_program_duration","The BS Computer Science program is a four-year degree."
"How many years is the BS in Computer Science?","cs_program_duration","The BS Computer Science program is a four-year degree."
"What is the time span for completing CS degree?","cs_program_duration","The BS Computer Science program is a four-year degree."
"What is the academic duration of BS CS?","cs_program_duration","The BS Computer Science program is a four-year degree."
"How many years are required for CS program?","cs_program_duration","The BS Computer Science program is a four-year degree."
"Duration of BS Computer Science program?","cs_program_duration","The BS Computer Science program is a four-year degree."
"How long is the CS undergraduate program?","cs_program_duration","The BS Computer Science program is a four-year degree."
"What is the total duration of the CS degree?","cs_program_duration","The BS Computer Science program is a four-year degree."
"How many academic years does CS take?","cs_program_duration","The BS Computer Science program is a four-year degree."
"What is the expected program length of BS CS?","cs_program_duration","The BS Computer Science program is a four-year degree."
"How long do students study for BS Computer Science?","cs_program_duration","The BS Computer Science program is a four-year degree."
"What is the study period for CS program?","cs_program_duration","The BS Computer Science program is a four-year degree."
"How many years does it take to graduate in CS?","cs_program_duration","The BS Computer Science program is a four-year degree."
"How many credit hours are required for BS Computer Science?","cs_credit_hours","The program requires more than 130 credit hours across eight semesters."
"What is the total credit requirement for CS degree?","cs_credit_hours","The program requires more than 130 credit hours across eight semesters."
"How many credits are needed for BS Computer Science?","cs_credit_hours","The program requires more than 130 credit hours across eight semesters."
"What credit hours must be completed for CS program?","cs_credit_hours","The program requires more than 130 credit hours across eight semesters."
"CS degree credit hour requirement?","cs_credit_hours","The program requires more than 130 credit hours across eight semesters."
"How many total credits are needed for CS students?","cs_credit_hours","The program requires more than 130 credit hours across eight semesters."
"What is the CS program’s credit hour total?","cs_credit_hours","The program requires more than 130 credit hours across eight semesters."
"How many credits does the BS CS program include?","cs_credit_hours","The program requires more than 130 credit hours across eight semesters."
"What is the credit load for BS Computer Science?","cs_credit_hours","The program requires more than 130 credit hours across eight semesters."
"How many credits must CS students complete?","cs_credit_hours","The program requires more than 130 credit hours across eight semesters."
"Required credit hours for CS degree?","cs_credit_hours","The program requires more than 130 credit hours across eight semesters."
"What is the credit requirement of CS undergraduate program?","cs_credit_hours","The program requires more than 130 credit hours across eight semesters."
"How many credit hours are included in CS program?","cs_credit_hours","The program requires more than 130 credit hours across eight semesters."
"CS degree total credit hours?","cs_credit_hours","The program requires more than 130 credit hours across eight semesters."
"What is the total number of credit hours for CS degree?","cs_credit_hours","The program requires more than 130 credit hours across eight semesters."
"What is the eligibility for BS Computer Science?","cs_eligibility","Applicants must have HSSC with Mathematics or equivalent certified by IBCC."
"What are the admission requirements for BS CS?","cs_eligibility","Applicants must have HSSC with Mathematics or equivalent certified by IBCC."
"Who can apply for BS Computer Science?","cs_eligibility","Applicants must have HSSC with Mathematics or equivalent certified by IBCC."
"What qualifications are needed for CS program?","cs_eligibility","Applicants must have HSSC with Mathematics or equivalent certified by IBCC."
"What are the eligibility criteria for BS CS at GC Mansehra?","cs_eligibility","Applicants must have HSSC with Mathematics or equivalent certified by IBCC."
"What prior education is required for CS degree?","cs_eligibility","Applicants must have HSSC with Mathematics or equivalent certified by IBCC."
"Which students are eligible for BS Computer Science?","cs_eligibility","Applicants must have HSSC with Mathematics or equivalent certified by IBCC."
"What academic background is needed for CS program?","cs_eligibility","Applicants must have HSSC with Mathematics or equivalent certified by IBCC."
"What HSSC subjects are required for CS admission?","cs_eligibility","Applicants must have HSSC with Mathematics or equivalent certified by IBCC."
"What are the entry requirements for CS degree?","cs_eligibility","Applicants must have HSSC with Mathematics or equivalent certified by IBCC."
"Who qualifies for admission in BS Computer Science?","cs_eligibility","Applicants must have HSSC with Mathematics or equivalent certified by IBCC."
"What is the required education for BS CS applicants?","cs_eligibility","Applicants must have HSSC with Mathematics or equivalent certified by IBCC."
"What are the minimum qualifications for CS degree?","cs_eligibility","Applicants must have HSSC with Mathematics or equivalent certified by IBCC."
"What are the academic prerequisites for BS CS?","cs_eligibility","Applicants must have HSSC with Mathematics or equivalent certified by IBCC."
"What background is needed to enroll in CS program?","cs_eligibility","Applicants must have HSSC with Mathematics or equivalent certified by IBCC."
"Does the Computer Science curriculum get updated?","cs_curriculum_update","Yes the departmental committee regularly reviews and updates the curriculum."
"Is the CS curriculum reviewed often?","cs_curriculum_update","Yes the departmental committee regularly reviews and updates the curriculum."
"How often is the Computer Science curriculum updated?","cs_curriculum_update","Yes the departmental committee regularly reviews and updates the curriculum."
"Does a committee review the CS curriculum?","cs_curriculum_update","Yes the departmental committee regularly reviews and updates the curriculum."
"Is the CS syllabus kept current?","cs_curriculum_update","Yes the departmental committee regularly reviews and updates the curriculum."
"Is the departmental committee responsible for the curriculum?","cs_curriculum_update","Yes the departmental committee regularly reviews and updates the curriculum."
"Are there regular updates to the CS course content?","cs_curriculum_update","Yes the departmental committee regularly reviews and updates the curriculum."
"Does the department revise its curriculum?","cs_curriculum_update","Yes the departmental committee regularly reviews and updates the curriculum."
"Is the Computer Science curriculum static?","cs_curriculum_update","Yes the departmental committee regularly reviews and updates the curriculum."
"How is the CS curriculum maintained?","cs_curriculum_update","Yes the departmental committee regularly reviews and updates the curriculum."
"Does the curriculum stay modern?","cs_curriculum_update","Yes the departmental committee regularly reviews and updates the curriculum."
"What is the process for updating the CS syllabus?","cs_curriculum_update","Yes the departmental committee regularly reviews and updates and updates the curriculum."
"Is the CS course content dynamic?","cs_curriculum_update","Yes the departmental committee regularly reviews and updates the curriculum."
"Does the departmental committee check the curriculum?","cs_curriculum_update","Yes the departmental committee regularly reviews and updates the curriculum."
"Who is responsible for CS curriculum updates?","cs_curriculum_update","Yes the departmental committee regularly reviews and updates the curriculum."
"What skills does the Computer Science program develop?","cs_skill_development","The program develops problem-solving analytical and computational skills."
"What abilities does the CS program build?","cs_skill_development","The program develops problem-solving analytical and computational skills."
"Which skills are emphasized in the CS course?","cs_skill_development","The program develops problem-solving analytical and computational skills."
"Does the CS program teach problem-solving?","cs_skill_development","The program develops problem-solving analytical and computational skills."
"Are analytical skills developed in Computer Science?","cs_skill_development","The program develops problem-solving analytical and computational skills."
"What kind of skills do CS graduates have?","cs_skill_development","The program develops problem-solving analytical and computational skills."
"Does the program focus on computational skills?","cs_skill_development","The program develops problem-solving analytical and computational skills."
"What is the skill outcome of the Computer Science program?","cs_skill_development","The program develops problem-solving analytical and computational skills."
"Is the focus on problem-solving and analysis?","cs_skill_development","The program develops problem-solving analytical and computational skills."
"What are the key skills learned in CS?","cs_skill_development","The program develops problem-solving analytical and computational skills."
"Does the curriculum target analytical ability?","cs_skill_development","The program develops problem-solving analytical and computational skills."
"What are the skills gained in the CS degree?","cs_skill_development","The program develops problem-solving analytical and computational skills."
"Are computational and analytical skills taught?","cs_skill_development","The program develops problem-solving analytical and computational skills."
"What competencies are developed in Computer Science?","cs_skill_development","The program develops problem-solving analytical and computational skills."
"What professional skills does the program offer?","cs_skill_development","The program develops problem-solving analytical and computational skills."
"Who is the Head of the Computer Science department?","cs_hod","Muhammad Abid is the Head of the Department of Computer Science."
"Who is the HOD of Computer Science?","cs_hod","Muhammad Abid is the Head of the Department of Computer Science."
"What is the name of the CS department head?","cs_hod","Muhammad Abid is the Head of the Department of Computer Science."
"Is Muhammad Abid the head of the CS department?","cs_hod","Muhammad Abid is the Head of the Department of Computer Science."
"Who leads the Computer Science department?","cs_hod","Muhammad Abid is the Head of the Department of Computer Science."
"What is the designation of Muhammad Abid?","cs_hod","Muhammad Abid is the Head of the Department of Computer Science."
"Who is in charge of the Computer Science department?","cs_hod","Muhammad Abid is the Head of the Department of Computer Science."
"What is the official title of Muhammad Abid?","cs_hod","Muhammad Abid is the Head of the Department of Computer Science."
"Who is the current head of CS?","cs_hod","Muhammad Abid is the Head of the Department of Computer Science."
"Is the Computer Science department headed by Muhammad Abid?","cs_hod","Muhammad Abid is the Head of the Department of Computer Science."
"Who is the main faculty member in CS?","cs_hod","Muhammad Abid is the Head of the Department of Computer Science."
"What is the name of the Head of Department (HOD) for CS?","cs_hod","Muhammad Abid is the Head of the Department of Computer Science."
"Who holds the Head position in Computer Science?","cs_hod","Muhammad Abid is the Head of the Department of Computer Science."
"Is Muhammad Abid the CS department's leader?","cs_hod","Muhammad Abid is the Head of the Department of Computer Science."
"Who is the administrative head of Computer Science?","cs_hod","Muhammad Abid is the Head of the Department of Computer Science."
"What is Muhammad Abid’s qualification?","cs_hod_qualification","He holds an MS in Software Engineering."
"What degree does Muhammad Abid have?","cs_hod_qualification","He holds an MS in Software Engineering."
"What is the educational background of Muhammad Abid?","cs_hod_qualification","He holds an MS in Software Engineering."
"Does Muhammad Abid have an MS in Software Engineering?","cs_hod_qualification","He holds an MS in Software Engineering."
"What is the highest degree of Muhammad Abid?","cs_hod_qualification","He holds an MS in Software Engineering."
"Is Muhammad Abid qualified in Software Engineering?","cs_hod_qualification","He holds an MS in Software Engineering."
"What is the HOD's qualification?","cs_hod_qualification","He holds an MS in Software Engineering."
"What is the qualification of the CS department head?","cs_hod_qualification","He holds an MS in Software Engineering."
"Did Muhammad Abid complete an MS?","cs_hod_qualification","He holds an MS in Software Engineering."
"In what field is Muhammad Abid's MS?","cs_hod_qualification","He holds an MS in Software Engineering."
"What is his academic qualification?","cs_hod_qualification","He holds an MS in Software Engineering."
"Does the CS HOD have a degree in Software Engineering?","cs_hod_qualification","He holds an MS in Software Engineering."
"What is the specific degree of Muhammad Abid?","cs_hod_qualification","He holds an MS in Software Engineering."
"What degree does the CS HOD possess?","cs_hod_qualification","He holds an MS in Software Engineering."
"What is Muhammad Abid's expertise?","cs_hod_qualification","He holds an MS in Software Engineering."
"Who is Waqas Ahmed?","cs_faculty_waqas","Waqas Ahmed is an Assistant Professor of Computer Science and a PhD scholar."
"What is Waqas Ahmed's role in the CS department?","cs_faculty_waqas","Waqas Ahmed is an Assistant Professor of Computer Science and a PhD scholar."
"Is Waqas Ahmed an Assistant Professor?","cs_faculty_waqas","Waqas Ahmed is an Assistant Professor of Computer Science and a PhD scholar."
"Is Waqas Ahmed a PhD scholar?","cs_faculty_waqas","Waqas Ahmed is an Assistant Professor of Computer Science and a PhD scholar."
"What is the designation of Waqas Ahmed?","cs_faculty_waqas","Waqas Ahmed is an Assistant Professor of Computer Science and a PhD scholar."
"What is Waqas Ahmed's status in Computer Science?","cs_faculty_waqas","Waqas Ahmed is an Assistant Professor of Computer Science and a PhD scholar."
"Who is the Assistant Professor and PhD scholar in CS?","cs_faculty_waqas","Waqas Ahmed is an Assistant Professor of Computer Science and a PhD scholar."
"What is the academic pursuit of Waqas Ahmed?","cs_faculty_waqas","Waqas Ahmed is an Assistant Professor of Computer Science and a PhD scholar."
"Is there a faculty member named Waqas Ahmed?","cs_faculty_waqas","Waqas Ahmed is an Assistant Professor of Computer Science and a PhD scholar."
"What is the rank of Waqas Ahmed?","cs_faculty_waqas","Waqas Ahmed is an Assistant Professor of Computer Science and a PhD scholar."
"Does Waqas Ahmed teach Computer Science?","cs_faculty_waqas","Waqas Ahmed is an Assistant Professor of Computer Science and a PhD scholar."
"What is the qualification status of Waqas Ahmed?","cs_faculty_waqas","Waqas Ahmed is an Assistant Professor of Computer Science and a PhD scholar."
"Is Waqas Ahmed a PhD candidate?","cs_faculty_waqas","Waqas Ahmed is an Assistant Professor of Computer Science and a PhD scholar."
"Tell me about Waqas Ahmed.","cs_faculty_waqas","Waqas Ahmed is an Assistant Professor of Computer Science and a PhD scholar."
"What is Waqas Ahmed's title?","cs_faculty_waqas","Waqas Ahmed is an Assistant Professor of Computer Science and a PhD scholar."
"Who is Zulqarnain Shah?","cs_faculty_zulqarnain","He is a Lecturer in Computer Science with a BS degree."
"What is Zulqarnain Shah's position?","cs_faculty_zulqarnain","He is a Lecturer in Computer Science with a BS degree."
"What degree does Zulqarnain Shah hold?","cs_faculty_zulqarnain","He is a Lecturer in Computer Science with a BS degree."
"Is Zulqarnain Shah a Lecturer?","cs_faculty_zulqarnain","He is a Lecturer in Computer Science with a BS degree."
"What is the qualification of Zulqarnain Shah?","cs_faculty_zulqarnain","He is a Lecturer in Computer Science with a BS degree."
"Who is the Lecturer with a BS in Computer Science?","cs_faculty_zulqarnain","He is a Lecturer in Computer Science with a BS degree."
"What is Zulqarnain Shah's rank?","cs_faculty_zulqarnain","He is a Lecturer in Computer Science with a BS degree."
"Does Zulqarnain Shah have a BS degree?","cs_faculty_zulqarnain","He is a Lecturer in Computer Science with a BS degree."
"Who is the faculty member Zulqarnain Shah?","cs_faculty_zulqarnain","He is a Lecturer in Computer Science with a BS degree."
"What is the academic standing of Zulqarnain Shah?","cs_faculty_zulqarnain","He is a Lecturer in Computer Science with a BS degree."
"Tell me about Zulqarnain Shah's background.","cs_faculty_zulqarnain","He is a Lecturer in Computer Science with a BS degree."
"Is Zulqarnain Shah an instructor in CS?","cs_faculty_zulqarnain","He is a Lecturer in Computer Science with a BS degree."
"What is his highest degree?","cs_faculty_zulqarnain","He is a Lecturer in Computer Science with a BS degree."
"What is Zulqarnain Shah's designation in the department?","cs_faculty_zulqarnain","He is a Lecturer in Computer Science with a BS degree."
"What does Zulqarnain Shah teach?","cs_faculty_zulqarnain","He is a Lecturer in Computer Science with a BS degree."
"Who is Junaid Hussain?","cs_faculty_junaid","He is a Lecturer with an MS in Computer Science."
"What is Junaid Hussain's role in the CS department?","cs_faculty_junaid","He is a Lecturer with an MS in Computer Science."
"What is Junaid Hussain's qualification?","cs_faculty_junaid","He is a Lecturer with an MS in Computer Science."
"Does Junaid Hussain have an MS in Computer Science?","cs_faculty_junaid","He is a Lecturer with an MS in Computer Science."
"Is Junaid Hussain a Lecturer in CS?","cs_faculty_junaid","He is a Lecturer with an MS in Computer Science."
"What is the rank of Junaid Hussain?","cs_faculty_junaid","He is a Lecturer with an MS in Computer Science."
"Who is the Lecturer with an MS degree in CS?","cs_faculty_junaid","He is a Lecturer with an MS in Computer Science."
"What is the designation of Junaid Hussain?","cs_faculty_junaid","He is a Lecturer with an MS in Computer Science."
"Tell me about Junaid Hussain's background.","cs_faculty_junaid","He is a Lecturer with an MS in Computer Science."
"Does Junaid Hussain teach Computer Science?","cs_faculty_junaid","He is a Lecturer with an MS in Computer Science."
"What is Junaid Hussain's highest degree?","cs_faculty_junaid","He is a Lecturer with an MS in Computer Science."
"Who is the CS faculty member Junaid Hussain?","cs_faculty_junaid","He is a Lecturer with an MS in Computer Science."
"Is Junaid Hussain an MS holder?","cs_faculty_junaid","He is a Lecturer with an MS in Computer Science."
"What is the status of Junaid Hussain?","cs_faculty_junaid","He is a Lecturer with an MS in Computer Science."
"What is Junaid Hussain's official title?","cs_faculty_junaid","He is a Lecturer with an MS in Computer Science."
"Who is Syed Waqar Shah?","cs_faculty_waqar","He is a Lecturer and MS scholar in Computer Science."
"What is Syed Waqar Shah's designation?","cs_faculty_waqar","He is a Lecturer and MS scholar in Computer Science."
"Is Syed Waqar Shah a Lecturer?","cs_faculty_waqar","He is a Lecturer and MS scholar in Computer Science."
"Is Syed Waqar Shah an MS scholar?","cs_faculty_waqar","He is a Lecturer and MS scholar in Computer Science."
"What is the role of Syed Waqar Shah in the department?","cs_faculty_waqar","He is a Lecturer and MS scholar in Computer Science."
"Who is the Lecturer and MS scholar in CS?","cs_faculty_waqar","He is a Lecturer and MS scholar in Computer Science."
"What is the academic status of Syed Waqar Shah?","cs_faculty_waqar","He is a Lecturer and MS scholar in Computer Science."
"Does Syed Waqar Shah teach Computer Science?","cs_faculty_waqar","He is a Lecturer and MS scholar in Computer Science."
"What is Syed Waqar Shah currently studying?","cs_faculty_waqar","He is a Lecturer and MS scholar in Computer Science."
"What is the rank of Syed Waqar Shah?","cs_faculty_waqar","He is a Lecturer and MS scholar in Computer Science."
"Who is the CS faculty member Syed Waqar Shah?","cs_faculty_waqar","He is a Lecturer and MS scholar in Computer Science."
"Is Syed Waqar Shah a scholar in a Master's program?","cs_faculty_waqar","He is a Lecturer and MS scholar in Computer Science."
"What are the qualifications of Syed Waqar Shah?","cs_faculty_waqar","He is a Lecturer and MS scholar in Computer Science."
"Is there a faculty member named Syed Waqar Shah?","cs_faculty_waqar","He is a Lecturer and MS scholar in Computer Science."
"Tell me about Syed Waqar Shah.","cs_faculty_waqar","He is a Lecturer and MS scholar in Computer Science."
"When was the Department of Chemistry established at GPGC Mansehra?","chemistry_establishment","The Department of Chemistry at GPGC Mansehra was established in 2011."
"What year was the Chemistry department founded?","chemistry_establishment","The Department of Chemistry at GPGC Mansehra was established in 2011."
"When did the Chemistry department start?","chemistry_establishment","The Department of Chemistry at GPGC Mansehra was established in 2011."
"What is the founding date of the Chemistry department?","chemistry_establishment","The Department of Chemistry at GPGC Mansehra was established in 2011."
"Was the Chemistry department established in 2011?","chemistry_establishment","The Department of Chemistry at GPGC Mansehra was established in 2011."
"When was the inception of the Chemistry department?","chemistry_establishment","The Department of Chemistry at GPGC Mansehra was established in 2011."
"In which year did the Chemistry department begin?","chemistry_establishment","The Department of Chemistry at GPGC Mansehra was established in 2011."
"How long has the Chemistry department existed?","chemistry_establishment","The Department of Chemistry at GPGC Mansehra was established in 2011."
"What is the establishment year of the Chemistry department?","chemistry_establishment","The Department of Chemistry at GPGC Mansehra was established in 2011."
"When did GPGC Mansehra get a Chemistry department?","chemistry_establishment","The Department of Chemistry at GPGC Mansehra was established in 2011."
"Was the Chemistry department a later addition?","chemistry_establishment","The Department of Chemistry at GPGC Mansehra was established in 2011."
"What date was the Chemistry department launched?","chemistry_establishment","The Department of Chemistry at GPGC Mansehra was established in 2011."
"How old is the Chemistry department at GPGC Mansehra?","chemistry_establishment","The Department of Chemistry at GPGC Mansehra was established in 2011."
"When was the Chemistry faculty created?","chemistry_establishment","The Department of Chemistry at GPGC Mansehra was established in 2011."
"What is the history of the Chemistry department's start?","chemistry_establishment","The Department of Chemistry at GPGC Mansehra was established in 2011."
"How has the Chemistry department grown over time?","chemistry_growth","The department started with limited seats and facilities and has grown into one of the largest and most developed departments."
"How did the Chemistry department develop?","chemistry_growth","The department started with limited seats and facilities and has grown into one of the largest and most developed departments."
"Has the Chemistry department expanded since it started?","chemistry_growth","The department started with limited seats and facilities and has grown into one of the largest and most developed departments."
"Is the Chemistry department one of the largest?","chemistry_growth","The department started with limited seats and facilities and has grown into one of the largest and most developed departments."
"Did the Chemistry department start with few facilities?","chemistry_growth","The department started with limited seats and facilities and has grown into one of the largest and most developed departments."
"How has the size of the Chemistry department changed?","chemistry_growth","The department started with limited seats and facilities and has grown into one of the largest and most developed departments."
"Is the Chemistry department developed now?","chemistry_growth","The department started with limited seats and facilities and has grown into one of the largest and most developed departments."
"Did the department begin with limited resources?","chemistry_growth","The department started with limited seats and facilities and has grown into one of the largest and most developed departments."
"What is the current status of the Chemistry department?","chemistry_growth","The department started with limited seats and facilities and has grown into one of the largest and most developed departments."
"Tell me about the development of the Chemistry department.","chemistry_growth","The department started with limited seats and facilities and has grown into one of the largest and most developed departments."
"How did the department transition from limited seats?","chemistry_growth","The department started with limited seats and facilities and has grown into one of the largest and most developed departments."
"Is the Chemistry department considered developed?","chemistry_growth","The department started with limited seats and facilities and has grown into one of the largest and most developed departments."
"How large is the Chemistry department now?","chemistry_growth","The department started with limited seats and facilities and has grown into one of the largest and most developed departments."
"Did the Chemistry department face initial limitations?","chemistry_growth","The department started with limited seats and facilities and has grown into one of the largest and most developed departments."
"Is the department considered one of the most developed?","chemistry_growth","The department started with limited seats and facilities and has grown into one of the largest and most developed departments."
"What qualifications do Chemistry faculty members have?","chemistry_faculty","The department has highly qualified and experienced MS and PhD faculty members."
"What degrees do the Chemistry faculty hold?","chemistry_faculty","The department has highly qualified and experienced MS and PhD faculty members."
"Are the Chemistry faculty highly qualified?","chemistry_faculty","The department has highly qualified and experienced MS and PhD faculty members."
"Are there PhD faculty members in Chemistry?","chemistry_faculty","The department has highly qualified and experienced MS and PhD faculty members."
"What is the experience level of Chemistry faculty?","chemistry_faculty","The department has highly qualified and experienced MS and PhD faculty members."
"Does the Chemistry department have MS faculty?","chemistry_faculty","The department has highly qualified and experienced MS and PhD faculty members."
"What are the credentials of the Chemistry teachers?","chemistry_faculty","The department has highly qualified and experienced MS and PhD faculty members."
"Do the Chemistry faculty have PhDs?","chemistry_faculty","The department has highly qualified and experienced MS and PhD faculty members."
"Are the faculty experienced in Chemistry?","chemistry_faculty","The department has highly qualified and experienced MS and PhD faculty members."
"What qualifications are held by the department's faculty?","chemistry_faculty","The department has highly qualified and experienced MS and PhD faculty members."
"Is the Chemistry faculty well-qualified?","chemistry_faculty","The department has highly qualified and experienced MS and PhD faculty members."
"Are there many experienced teachers in Chemistry?","chemistry_faculty","The department has highly qualified and experienced MS and PhD faculty members."
"Does the department have faculty with MS and PhD degrees?","chemistry_faculty","The department has highly qualified and experienced MS and PhD faculty members."
"What is the academic profile of the Chemistry faculty?","chemistry_faculty","The department has highly qualified and experienced MS and PhD faculty members."
"Are the Chemistry faculty members experienced?","chemistry_faculty","The department has highly qualified and experienced MS and PhD faculty members."
"Which specializations are offered by the Chemistry department?","chemistry_specialization","The department offers specialization in Organic Chemistry and Analytical Chemistry."
"What fields of specialization are available in Chemistry?","chemistry_specialization","The department offers specialization in Organic Chemistry and Analytical Chemistry."
"Does the Chemistry department offer specialization in Organic Chemistry?","chemistry_specialization","The department offers specialization in Organic Chemistry and Analytical Chemistry."
"Is Analytical Chemistry a specialization option?","chemistry_specialization","The department offers specialization in Organic Chemistry and Analytical Chemistry."
"What are the specific branches of Chemistry offered?","chemistry_specialization","The department offers specialization in Organic Chemistry and Analytical Chemistry."
"Can I specialize in Organic Chemistry here?","chemistry_specialization","The department offers specialization in Organic Chemistry and Analytical Chemistry."
"What specializations are provided in the Chemistry program?","chemistry_specialization","The department offers specialization in Organic Chemistry and Analytical Chemistry."
"Are there any special areas of study in Chemistry?","chemistry_specialization","The department offers specialization in Organic Chemistry and Analytical Chemistry."
"What are the focus areas in the Chemistry department?","chemistry_specialization","The department offers specialization in Organic Chemistry and Analytical Chemistry."
"Does the department offer specialization in Analytical Chemistry?","chemistry_specialization","The department offers specialization in Organic Chemistry and Analytical Chemistry."
"What are the available options for specialization in Chemistry?","chemistry_specialization","The department offers specialization in Organic Chemistry and Analytical Chemistry."
"Can I specialize in two areas in Chemistry?","chemistry_specialization","The department offers specialization in Organic Chemistry and Analytical Chemistry."
"What specific Chemistry majors are available?","chemistry_specialization","The department offers specialization in Organic Chemistry and Analytical Chemistry."
"Is Organic Chemistry a study option?","chemistry_specialization","The department offers specialization in Organic Chemistry and Analytical Chemistry."
"What are the main specializations in the Chemistry course?","chemistry_specialization","The department offers specialization in Organic Chemistry and Analytical Chemistry."
"Is Analytical Chemistry offered anywhere else in KP colleges?","chemistry_unique_feature","GPGC Mansehra is the only college in KP offering specialization in Analytical Chemistry."
"Is Analytical Chemistry unique to GPGC Mansehra?","chemistry_unique_feature","GPGC Mansehra is the only college in KP offering specialization in Analytical Chemistry."
"Do other colleges in KP offer Analytical Chemistry?","chemistry_unique_feature","GPGC Mansehra is the only college in KP offering specialization in Analytical Chemistry."
"Where else can one study Analytical Chemistry in KP?","chemistry_unique_feature","GPGC Mansehra is the only college in KP offering specialization in Analytical Chemistry."
"Is Analytical Chemistry exclusive to GC Mansehra?","chemistry_unique_feature","GPGC Mansehra is the only college in KP offering specialization in Analytical Chemistry."
"Does any other college in KP teach Analytical Chemistry?","chemistry_unique_feature","GPGC Mansehra is the only college in KP offering specialization in Analytical Chemistry."
"Which KP college offers Analytical Chemistry?","chemistry_unique_feature","GPGC Mansehra is the only college in KP offering specialization in Analytical Chemistry."
"Is GC Mansehra the only college in KP with Analytical Chemistry?","chemistry_unique_feature","GPGC Mansehra is the only college in KP offering specialization in Analytical Chemistry."
"Are there other institutions in KP offering Analytical Chemistry?","chemistry_unique_feature","GPGC Mansehra is the only college in KP offering specialization in Analytical Chemistry."
"Is Analytical Chemistry a unique program in KP?","chemistry_unique_feature","GPGC Mansehra is the only college in KP offering specialization in Analytical Chemistry."
"Does KP have any other Analytical Chemistry programs?","chemistry_unique_feature","GPGC Mansehra is the only college in KP offering specialization in Analytical Chemistry."
"Is this the only Analytical Chemistry course in KP?","chemistry_unique_feature","GPGC Mansehra is the only college in KP offering specialization in Analytical Chemistry."
"Are there other colleges in KP offering this specialization?","chemistry_unique_feature","GPGC Mansehra is the only college in KP offering specialization in Analytical Chemistry."
"Who else offers Analytical Chemistry in KP?","chemistry_unique_feature","GPGC Mansehra is the only college in KP offering specialization in Analytical Chemistry."
"Is Analytical Chemistry only available at GPGC Mansehra?","chemistry_unique_feature","GPGC Mansehra is the only college in KP offering specialization in Analytical Chemistry."
"How many students are enrolled in the Chemistry department?","chemistry_student_strength","Currently around 150 students are enrolled in different semesters."
"What is the student strength in the Chemistry department?","chemistry_student_strength","Currently around 150 students are enrolled in different semesters."
"How many students study Chemistry at GPGC Mansehra?","chemistry_student_strength","Currently around 150 students are enrolled in different semesters."
"What is the enrollment in Chemistry?","chemistry_student_strength","Currently around 150 students are enrolled in different semesters."
"Number of students in Chemistry department?","chemistry_student_strength","Currently around 150 students are enrolled in different semesters."
"Current Chemistry student count?","chemistry_student_strength","Currently around 150 students are enrolled in different semesters."
"How many are registered in the Chemistry program?","chemistry_student_strength","Currently around 150 students are enrolled in different semesters."
"Total students in Chemistry at GC Mansehra?","chemistry_student_strength","Currently around 150 students are enrolled in different semesters."
"What is the batch size for Chemistry?","chemistry_student_strength","Currently around 150 students are enrolled in different semesters."
"How many students take Chemistry courses?","chemistry_student_strength","Currently around 150 students are enrolled in different semesters."
"Student population of Chemistry department?","chemistry_student_strength","Currently around 150 students are enrolled in different semesters."
"Enrollment figure for Chemistry program?","chemistry_student_strength","Currently around 150 students are enrolled in different semesters."
"How many Chemistry undergraduates are there?","chemistry_student_strength","Currently around 150 students are enrolled in different semesters."
"What is the total Chemistry enrollment?","chemistry_student_strength","Currently around 150 students are enrolled in different semesters."
"How many Chemistry students study per semester?","chemistry_student_strength","Currently around 150 students are enrolled in different semesters."
"Does the Chemistry department focus on research?","chemistry_research","Yes research is a significant academic activity alongside teaching and practical work."
"Is research a key activity in Chemistry department?","chemistry_research","Yes research is a significant academic activity alongside teaching and practical work."
"Does GC Mansehra Chemistry department conduct research?","chemistry_research","Yes research is a significant academic activity alongside teaching and practical work."
"Is research emphasized in Chemistry studies?","chemistry_research","Yes research is a significant academic activity alongside teaching and practical work."
"Are students involved in Chemistry research?","chemistry_research","Yes research is a significant academic activity alongside teaching and practical work."
"Is research work part of Chemistry curriculum?","chemistry_research","Yes research is a significant academic activity alongside teaching and practical work."
"Does the department encourage Chemistry research?","chemistry_research","Yes research is a significant academic activity alongside teaching and practical work."
"Is research conducted alongside Chemistry teaching?","chemistry_research","Yes research is a significant academic activity alongside teaching and practical work."
"Does Chemistry department support experimental research?","chemistry_research","Yes research is a significant academic activity alongside teaching and practical work."
"Is scientific research done in Chemistry department?","chemistry_research","Yes research is a significant academic activity alongside teaching and practical work."
"Are faculty engaged in Chemistry research?","chemistry_research","Yes research is a significant academic activity alongside teaching and practical work."
"Is research a priority in Chemistry education?","chemistry_research","Yes research is a significant academic activity alongside teaching and practical work."
"Does GC Mansehra Chemistry have research facilities?","chemistry_research","Yes research is a significant academic activity alongside teaching and practical work."
"Is academic research integral to Chemistry program?","chemistry_research","Yes research is a significant academic activity alongside teaching and practical work."
"Is research an important part of Chemistry department activities?","chemistry_research","Yes research is a significant academic activity alongside teaching and practical work."
"Where are Chemistry alumni working?","chemistry_alumni","Alumni are serving in institutions across Pakistan and abroad and many are pursuing MS and PhD degrees."
"What is the career path of Chemistry alumni?","chemistry_alumni","Alumni are serving in institutions across Pakistan and abroad and many are pursuing MS and PhD degrees."
"Where do former Chemistry students work?","chemistry_alumni","Alumni are serving in institutions across Pakistan and abroad and many are pursuing MS and PhD degrees."
"What positions do Chemistry graduates hold?","chemistry_alumni","Alumni are serving in institutions across Pakistan and abroad and many are pursuing MS and PhD degrees."
"Where are GC Mansehra Chemistry alumni employed?","chemistry_alumni","Alumni are serving in institutions across Pakistan and abroad and many are pursuing MS and PhD degrees."
"Are Chemistry graduates working nationally and internationally?","chemistry_alumni","Alumni are serving in institutions across Pakistan and abroad and many are pursuing MS and PhD degrees."
"Which sectors hire Chemistry alumni?","chemistry_alumni","Alumni are serving in institutions across Pakistan and abroad and many are pursuing MS and PhD degrees."
"Are Chemistry alumni pursuing higher education?","chemistry_alumni","Alumni are serving in institutions across Pakistan and abroad and many are pursuing MS and PhD degrees."
"What is the global presence of Chemistry alumni?","chemistry_alumni","Alumni are serving in institutions across Pakistan and abroad and many are pursuing MS and PhD degrees."
"Where do Chemistry department graduates go?","chemistry_alumni","Alumni are serving in institutions across Pakistan and abroad and many are pursuing MS and PhD degrees."
"What is the employment record of Chemistry graduates?","chemistry_alumni","Alumni are serving in institutions across Pakistan and abroad and many are pursuing MS and PhD degrees."
"Are Chemistry alumni contributing in academia?","chemistry_alumni","Alumni are serving in institutions across Pakistan and abroad and many are pursuing MS and PhD degrees."
"Do Chemistry graduates study further?","chemistry_alumni","Alumni are serving in institutions across Pakistan and abroad and many are pursuing MS and PhD degrees."
"Which countries have Chemistry alumni working?","chemistry_alumni","Alumni are serving in institutions across Pakistan and abroad and many are pursuing MS and PhD degrees."
"Where have Chemistry alumni achieved higher studies?","chemistry_alumni","Alumni are serving in institutions across Pakistan and abroad and many are pursuing MS and PhD degrees."
"What is the objective of the Chemistry department?","chemistry_objective","The department fulfills local educational needs in less developed areas in line with HEC policy."
"What is the purpose of Chemistry department?","chemistry_objective","The department fulfills local educational needs in less developed areas in line with HEC policy."
"Why was the Chemistry department established?","chemistry_objective","The department fulfills local educational needs in less developed areas in line with HEC policy."
"What goals does Chemistry department aim to achieve?","chemistry_objective","The department fulfills local educational needs in less developed areas in line with HEC policy."
"What is the mission of the Chemistry department?","chemistry_objective","The department fulfills local educational needs in less developed areas in line with HEC policy."
"What is the aim of GC Mansehra Chemistry?","chemistry_objective","The department fulfills local educational needs in less developed areas in line with HEC policy."
"What educational objectives does Chemistry department serve?","chemistry_objective","The department fulfills local educational needs in less developed areas in line with HEC policy."
"What is the academic focus of Chemistry department?","chemistry_objective","The department fulfills local educational needs in less developed areas in line with HEC policy."
"Which HEC policy goals are targeted by Chemistry department?","chemistry_objective","The department fulfills local educational needs in less developed areas in line with HEC policy."
"How does Chemistry department serve local areas?","chemistry_objective","The department fulfills local educational needs in less developed areas in line with HEC policy."
"What is the departmental objective for Chemistry students?","chemistry_objective","The department fulfills local educational needs in less developed areas in line with HEC policy."
"Why does Chemistry department exist?","chemistry_objective","The department fulfills local educational needs in less developed areas in line with HEC policy."
"What is the role of Chemistry department in local education?","chemistry_objective","The department fulfills local educational needs in less developed areas in line with HEC policy."
"What is the strategic aim of Chemistry department?","chemistry_objective","The department fulfills local educational needs in less developed areas in line with HEC policy."
"What is the function of Chemistry department at GPGC Mansehra?","chemistry_objective","The department fulfills local educational needs in less developed areas in line with HEC policy."
"What is the aim of the BS Mathematics program?","math_program_aim","The BS Mathematics program aims to develop strong analytical skills and prepare students for the modern job market."
"What is the objective of BS Mathematics?","math_program_aim","The BS Mathematics program aims to develop strong analytical skills and prepare students for the modern job market."
"Why was BS Mathematics program designed?","math_program_aim","The BS Mathematics program aims to develop strong analytical skills and prepare students for the modern job market."
"What is the goal of BS Mathematics degree?","math_program_aim","The BS Mathematics program aims to develop strong analytical skills and prepare students for the modern job market."
"What does the BS Mathematics program aim to achieve?","math_program_aim","The BS Mathematics program aims to develop strong analytical skills and prepare students for the modern job market."
"What is the focus of the BS Mathematics program?","math_program_aim","The BS Mathematics program aims to develop strong analytical skills and prepare students for the modern job market."
"What skills does BS Mathematics intend to develop?","math_program_aim","The BS Mathematics program aims to develop strong analytical skills and prepare students for the modern job market."
"What is the mission of BS Mathematics program?","math_program_aim","The BS Mathematics program aims to develop strong analytical skills and prepare students for the modern job market."
"What does BS Mathematics curriculum emphasize?","math_program_aim","The BS Mathematics program aims to develop strong analytical skills and prepare students for the modern job market."
"What are the learning outcomes of BS Mathematics?","math_program_aim","The BS Mathematics program aims to develop strong analytical skills and prepare students for the modern job market."
"What competencies does BS Mathematics program develop?","math_program_aim","The BS Mathematics program aims to develop strong analytical skills and prepare students for the modern job market."
"What is the intended result of BS Mathematics program?","math_program_aim","The BS Mathematics program aims to develop strong analytical skills and prepare students for the modern job market."
"Why should students enroll in BS Mathematics?","math_program_aim","The BS Mathematics program aims to develop strong analytical skills and prepare students for the modern job market."
"What is the program outcome of BS Mathematics?","math_program_aim","The BS Mathematics program aims to develop strong analytical skills and prepare students for the modern job market."
"What is the purpose of studying BS Mathematics at GC Mansehra?","math_program_aim","The BS Mathematics program aims to develop strong analytical skills and prepare students for the modern job market."
"What career paths are available for Mathematics graduates?","math_career_paths","Graduates can pursue careers in education research banking finance data science cryptography and industry."
"Where can Mathematics graduates work?","math_career_paths","Graduates can pursue careers in education research banking finance data science cryptography and industry."
"What jobs can I get with a BS Mathematics degree?","math_career_paths","Graduates can pursue careers in education research banking finance data science cryptography and industry."
"Are there careers in data science for Math graduates?","math_career_paths","Graduates can pursue careers in education research banking finance data science cryptography and industry."
"Can I work in banking or finance with a Math degree?","math_career_paths","Graduates can pursue careers in education research banking finance data science cryptography and industry."
"What job opportunities are there in research for Math students?","math_career_paths","Graduates can pursue careers in education research banking finance data science cryptography and industry."
"Is a career in education possible with a Mathematics degree?","math_career_paths","Graduates can pursue careers in education research banking finance data science cryptography and industry."
"What industries hire Mathematics graduates?","math_career_paths","Graduates can pursue careers in education research banking finance data science cryptography and industry."
"Can I work in cryptography with a Math degree?","math_career_paths","Graduates can pursue careers in education research banking finance data science cryptography and industry."
"What fields are open to BS Mathematics holders?","math_career_paths","Graduates can pursue careers in education research banking finance data science cryptography and industry."
"What are the professional options for Math graduates?","math_career_paths","Graduates can pursue careers in education research banking finance data science cryptography and industry."
"Can Math graduates enter the finance sector?","math_career_paths","Graduates can pursue careers in education research banking finance data science cryptography and industry."
"What are the career prospects for Mathematics students?","math_career_paths","Graduates can pursue careers in education research banking finance data science cryptography and industry."
"Does the Math degree lead to jobs in industry?","math_career_paths","Graduates can pursue careers in education research banking finance data science cryptography and industry."
"What kind of jobs are suitable for Mathematics graduates?","math_career_paths","Graduates can pursue careers in education research banking finance data science cryptography and industry."
"What is the duration of the BS Mathematics program?","math_program_duration","The BS Mathematics program is a four-year degree."
"How long is the BS Mathematics program?","math_program_duration","The BS Mathematics program is a four-year degree."
"Is the Mathematics degree four years?","math_program_duration","The BS Mathematics program is a four-year degree."
"How many years does the BS Mathematics program take?","math_program_duration","The BS Mathematics program is a four-year degree."
"What is the time required to complete BS Mathematics?","math_program_duration","The BS Mathematics program is a four-year degree."
"Is the BS Math a four-year degree course?","math_program_duration","The BS Mathematics program is a four-year degree."
"How many years of study for BS Mathematics?","math_program_duration","The BS Mathematics program is a four-year degree."
"What is the length of the Mathematics program?","math_program_duration","The BS Mathematics program is a four-year degree."
"Does the BS Mathematics program last four years?","math_program_duration","The BS Mathematics program is a four-year degree."
"What is the timeline for the Mathematics degree?","math_program_duration","The BS Mathematics program is a four-year degree."
"How many years do I study for BS Mathematics?","math_program_duration","The BS Mathematics program is a four-year degree."
"Is the duration of the Math program four years?","math_program_duration","The BS Mathematics program is a four-year degree."
"What is the period of the BS Mathematics degree?","math_program_duration","The BS Mathematics program is a four-year degree."
"Does it take 4 years to finish BS Mathematics?","math_program_duration","The BS Mathematics program is a four-year degree."
"How long does the Math degree course run?","math_program_duration","The BS Mathematics program is a four-year degree."
"How many credit hours are required for BS Mathematics?","math_credit_hours","The program requires more than 130 credit hours over eight semesters."
"What is the total credit hour requirement for BS Math?","math_credit_hours","The program requires more than 130 credit hours over eight semesters."
"How many credits are needed for BS Mathematics?","math_credit_hours","The program requires more than 130 credit hours over eight semesters."
"Are there more than 130 credit hours in BS Math?","math_credit_hours","The program requires more than 130 credit hours over eight semesters."
"How many semesters and credit hours for the Math program?","math_credit_hours","The program requires more than 130 credit hours over eight semesters."
"What are the credit and semester requirements for BS Math?","math_credit_hours","The program requires more than 130 credit hours over eight semesters."
"Is the credit requirement above 130?","math_credit_hours","The program requires more than 130 credit hours over eight semesters."
"How many credit hours are needed over eight semesters?","math_credit_hours","The program requires more than 130 credit hours over eight semesters."
"What is the total number of credit hours for the Mathematics degree?","math_credit_hours","The program requires more than 130 credit hours over eight semesters."
"Do I need more than 130 credits to graduate in Math?","math_credit_hours","The program requires more than 130 credit hours over eight semesters."
"What is the credit load for the BS Mathematics degree?","math_credit_hours","The program requires more than 130 credit hours over eight semesters."
"How many credit hours must be completed in Math?","math_credit_hours","The program requires more than 130 credit hours over eight semesters."
"Is the Math program eight semesters long?","math_credit_hours","The program requires more than 130 credit hours over eight semesters."
"What is the minimum credit hours for BS Mathematics?","math_credit_hours","The program requires more than 130 credit hours over eight semesters."
"How many CH does the BS Mathematics program require?","math_credit_hours","The program requires more than 130 credit hours over eight semesters."
"What is the eligibility for BS Mathematics?","math_eligibility","Students must have FSc Pre-Engineering Computer Science or equivalent."
"What are the admission requirements for BS Mathematics?","math_eligibility","Students must have FSc Pre-Engineering Computer Science or equivalent."
"Is FSc Pre-Engineering required for BS Math?","math_eligibility","Students must have FSc Pre-Engineering Computer Science or equivalent."
"Can I apply for BS Math with Computer Science background?","math_eligibility","Students must have FSc Pre-Engineering Computer Science or equivalent."
"What background is needed for the BS Mathematics program?","math_eligibility","Students must have FSc Pre-Engineering Computer Science or equivalent."
"Are there prerequisite qualifications for BS Mathematics?","math_eligibility","Students must have FSc Pre-Engineering Computer Science or equivalent."
"Is FSc Computer Science acceptable for Math admission?","math_eligibility","Students must have FSc Pre-Engineering Computer Science or equivalent."
"What are the entry qualifications for Mathematics?","math_eligibility","Students must have FSc Pre-Engineering Computer Science or equivalent."
"Is an equivalent qualification accepted for BS Math?","math_eligibility","Students must have FSc Pre-Engineering Computer Science or equivalent."
"Who is eligible to apply for the Math program?","math_eligibility","Students must have FSc Pre-Engineering Computer Science or equivalent."
"Do I need a science background for BS Mathematics?","math_eligibility","Students must have FSc Pre-Engineering Computer Science or equivalent."
"What is the minimum qualification for the Math degree?","math_eligibility","Students must have FSc Pre-Engineering Computer Science or equivalent."
"Can FSc students apply for BS Math?","math_eligibility","Students must have FSc Pre-Engineering Computer Science or equivalent."
"Are FSc Pre-Engineering students eligible for BS Math?","math_eligibility","Students must have FSc Pre-Engineering Computer Science or equivalent."
"What educational background is required for Mathematics?","math_eligibility","Students must have FSc Pre-Engineering Computer Science or equivalent."
"Is BS Mathematics equivalent to MSc?","math_equivalence","Yes BS Mathematics is equivalent to MSc Mathematics with 16 years of education."
"Is the BS Mathematics degree considered 16 years of education?","math_equivalence","Yes BS Mathematics is equivalent to MSc Mathematics with 16 years of education."
"Is BS Mathematics equal to MSc Mathematics?","math_equivalence","Yes BS Mathematics is equivalent to MSc Mathematics with 16 years of education."
"What is the academic equivalence of BS Mathematics?","math_equivalence","Yes BS Mathematics is equivalent to MSc Mathematics with 16 years of education."
"Does the BS Math degree represent 16 years of education?","math_equivalence","Yes BS Mathematics is equivalent to MSc Mathematics with 16 years of education."
"Is the Mathematics BS equivalent to a Master's degree?","math_equivalence","Yes BS Mathematics is equivalent to MSc Mathematics with 16 years of education."
"How many years of education is the BS Mathematics degree?","math_equivalence","Yes BS Mathematics is equivalent to MSc Mathematics with 16 years of education."
"Is the BS Mathematics degree equal to an MSc?","math_equivalence","Yes BS Mathematics is equivalent to MSc Mathematics with 16 years of education."
"What is the status of the BS Mathematics degree nationally?","math_equivalence","Yes BS Mathematics is equivalent to MSc Mathematics with 16 years of education."
"Is the BS Math recognized as an MSc equivalent?","math_equivalence","Yes BS Mathematics is equivalent to MSc Mathematics with 16 years of education."
"Is BS Mathematics a post-graduate equivalent?","math_equivalence","Yes BS Mathematics is equivalent to MSc Mathematics with 16 years of education."
"Does the Math BS count as a 16-year education?","math_equivalence","Yes BS Mathematics is equivalent to MSc Mathematics with 16 years of education."
"What is the comparison between BS Math and MSc Math?","math_equivalence","Yes BS Mathematics is equivalent to MSc Mathematics with 16 years of education."
"Is a BS in Math considered a 16-year qualification?","math_equivalence","Yes BS Mathematics is equivalent to MSc Mathematics with 16 years of education."
"Is the BS Mathematics degree at the Master's level?","math_equivalence","Yes BS Mathematics is equivalent to MSc Mathematics with 16 years of education."
"What areas does the Physics program cover?","physics_program_scope","The Physics program covers mechanics electromagnetism quantum physics thermodynamics cosmology and more."
"What topics are included in the Physics program?","physics_program_scope","The Physics program covers mechanics electromagnetism quantum physics thermodynamics cosmology and more."
"Does the Physics program include quantum physics?","physics_program_scope","The Physics program covers mechanics electromagnetism quantum physics thermodynamics cosmology and more."
"What subjects are taught in the Physics degree?","physics_program_scope","The Physics program covers mechanics electromagnetism quantum physics thermodynamics cosmology and more."
"Is cosmology covered in the Physics program?","physics_program_scope","The Physics program covers mechanics electromagnetism quantum physics thermodynamics cosmology and more."
"What is the scope of the Physics curriculum?","physics_program_scope","The Physics program covers mechanics electromagnetism quantum physics thermodynamics cosmology and more."
"Does the program cover electromagnetism?","physics_program_scope","The Physics program covers mechanics electromagnetism quantum physics thermodynamics cosmology and more."
"What sub-fields of Physics are taught?","physics_program_scope","The Physics program covers mechanics electromagnetism quantum physics thermodynamics cosmology and more."
"Is mechanics part of the Physics program?","physics_program_scope","The Physics program covers mechanics electromagnetism quantum physics thermodynamics cosmology and more."
"What is the course content for Physics?","physics_program_scope","The Physics program covers mechanics electromagnetism quantum physics thermodynamics cosmology and more."
"Does the program include thermodynamics?","physics_program_scope","The Physics program covers mechanics electromagnetism quantum physics thermodynamics cosmology and more."
"What areas of study are in the Physics program?","physics_program_scope","The Physics program covers mechanics electromagnetism quantum physics thermodynamics cosmology and more."
"Is the Physics program comprehensive?","physics_program_scope","The Physics program covers mechanics electromagnetism quantum physics thermodynamics cosmology and more."
"What are the main areas of the Physics curriculum?","physics_program_scope","The Physics program covers mechanics electromagnetism quantum physics thermodynamics cosmology and more."
"Are mechanics and quantum physics included?","physics_program_scope","The Physics program covers mechanics electromagnetism quantum physics thermodynamics cosmology and more."
"Does the Physics program include lab work?","physics_lab_exposure","Yes students gain exposure to modern experimental techniques through project-based labs."
"Is there practical work in the Physics program?","physics_lab_exposure","Yes students gain exposure to modern experimental techniques through project-based labs."
"Do Physics students do lab work?","physics_lab_exposure","Yes students gain exposure to modern experimental techniques through project-based labs."
"Are there project-based labs in Physics?","physics_lab_exposure","Yes students gain exposure to modern experimental techniques through project-based labs."
"Do students learn experimental techniques in Physics?","physics_lab_exposure","Yes students gain exposure to modern experimental techniques through project-based labs."
"What kind of lab exposure is available in Physics?","physics_lab_exposure","Yes students gain exposure to modern experimental techniques through project-based labs."
"Does the Physics curriculum include experiments?","physics_lab_exposure","Yes students gain exposure to modern experimental techniques through project-based labs."
"Are modern experimental techniques taught?","physics_lab_exposure","Yes students gain exposure to modern experimental techniques through project-based labs."
"Is lab experience part of the BS Physics program?","physics_lab_exposure","Yes students gain exposure to modern experimental techniques through project-based labs."
"How do Physics students get hands-on experience?","physics_lab_exposure","Yes students gain exposure to modern experimental techniques through project-based labs."
"Does the program offer practical laboratory work?","physics_lab_exposure","Yes students gain exposure to modern experimental techniques through project-based labs."
"Is there exposure to techniques in the Physics lab?","physics_lab_exposure","Yes students gain exposure to modern experimental techniques through project-based labs."
"Do Physics students conduct projects in the lab?","physics_lab_exposure","Yes students gain exposure to modern experimental techniques through project-based labs."
"Is the Physics program focused on experiments?","physics_lab_exposure","Yes students gain exposure to modern experimental techniques through project-based labs."
"Does the course include laboratory sessions?","physics_lab_exposure","Yes students gain exposure to modern experimental techniques through project-based labs."
"What careers does BS Physics prepare students for?","physics_careers","Graduates are prepared for careers in industry research institutes and higher education."
"What are the job opportunities after BS Physics?","physics_careers","Graduates are prepared for careers in industry research institutes and higher education."
"Can Physics graduates work in research institutes?","physics_careers","Graduates are prepared for careers in industry research institutes and higher education."
"Are Physics graduates prepared for higher education?","physics_careers","Graduates are prepared for careers in industry research institutes and higher education."
"What job sectors are open to BS Physics holders?","physics_careers","Graduates are prepared for careers in industry research institutes and higher education."
"Can I work in industry with a Physics degree?","physics_careers","Graduates are prepared for careers in industry research institutes and higher education."
"What are the career paths for Physics graduates?","physics_careers","Graduates are prepared for careers in industry research institutes and higher education."
"Does the degree prepare for further studies?","physics_careers","Graduates are prepared for careers in industry research institutes and higher education."
"Where can BS Physics graduates find employment?","physics_careers","Graduates are prepared for careers in industry research institutes and higher education."
"Are there research careers for Physics graduates?","physics_careers","Graduates are prepared for careers in industry research institutes and higher education."
"What careers are graduates of BS Physics suited for?","physics_careers","Graduates are prepared for careers in industry research institutes and higher education."
"Is the Physics degree career-focused?","physics_careers","Graduates are prepared for careers in industry research institutes and higher education."
"Are there job options in the education sector for Physics graduates?","physics_careers","Graduates are prepared for careers in industry research institutes and higher education."
"What kind of job preparation does the Physics program offer?","physics_careers","Graduates are prepared for careers in industry research institutes and higher education."
"Does the program lead to employment in industry?","physics_careers","Graduates are prepared for careers in industry research institutes and higher education."
"What is the duration of the BS Physics program?","physics_program_duration","The BS Physics program is four years long."
"How long does the BS Physics program last?","physics_program_duration","The BS Physics program is four years long."
"Is the Physics degree a four-year course?","physics_program_duration","The BS Physics program is four years long."
"How many years is the BS Physics program?","physics_program_duration","The BS Physics program is four years long."
"What is the length of the Physics degree?","physics_program_duration","The BS Physics program is four years long."
"How much time is required for BS Physics?","physics_program_duration","The BS Physics program is four years long."
"Does the Physics program span four years?","physics_program_duration","The BS Physics program is four years long."
"What is the academic duration of BS Physics?","physics_program_duration","The BS Physics program is four years long."
"Is the duration of the Physics program 4 years?","physics_program_duration","The BS Physics program is four years long."
"How many years of study for the BS Physics degree?","physics_program_duration","The BS Physics program is four years long."
"Does it take 4 years to complete BS Physics?","physics_program_duration","The BS Physics program is four years long."
"What is the timeline for the Physics program?","physics_program_duration","The BS Physics program is four years long."
"How long will I study for a BS in Physics?","physics_program_duration","The BS Physics program is four years long."
"Is the BS Physics program four years in length?","physics_program_duration","The BS Physics program is four years long."
"What is the required time for the Physics degree?","physics_program_duration","The BS Physics program is four years long."
"What is the eligibility for BS Physics?","physics_eligibility","Students must have FSc Pre-Medical Pre-Engineering Computer Science or equivalent."
"What are the admission requirements for BS Physics?","physics_eligibility","Students must have FSc Pre-Medical Pre-Engineering Computer Science or equivalent."
"Can Pre-Medical students apply for BS Physics?","physics_eligibility","Students must have FSc Pre-Medical Pre-Engineering Computer Science or equivalent."
"Is FSc Pre-Engineering required for Physics?","physics_eligibility","Students must have FSc Pre-Medical Pre-Engineering Computer Science or equivalent."
"Can FSc Computer Science students apply for BS Physics?","physics_eligibility","Students must have FSc Pre-Medical Pre-Engineering Computer Science or equivalent."
"What qualifications are needed for the BS Physics program?","physics_eligibility","Students must have FSc Pre-Medical Pre-Engineering Computer Science or equivalent."
"Are equivalent qualifications accepted for BS Physics?","physics_eligibility","Students must have FSc Pre-Medical Pre-Engineering Computer Science or equivalent."
"Who is eligible to enroll in the Physics program?","physics_eligibility","Students must have FSc Pre-Medical Pre-Engineering Computer Science or equivalent."
"What is the minimum qualification for BS Physics?","physics_eligibility","Students must have FSc Pre-Medical Pre-Engineering Computer Science or equivalent."
"Can students with Pre-Medical apply for a Physics degree?","physics_eligibility","Students must have FSc Pre-Medical Pre-Engineering Computer Science or equivalent."
"Are FSc students of any stream eligible for Physics?","physics_eligibility","Students must have FSc Pre-Medical Pre-Engineering Computer Science or equivalent."
"What are the prerequisite qualifications for Physics?","physics_eligibility","Students must have FSc Pre-Medical Pre-Engineering Computer Science or equivalent."
"Can I apply for BS Physics with a Computer Science background?","physics_eligibility","Students must have FSc Pre-Medical Pre-Engineering Computer Science or equivalent."
"What background is required for the Physics degree?","physics_eligibility","Students must have FSc Pre-Medical Pre-Engineering Computer Science or equivalent."
"Do I need to have an FSc qualification for BS Physics?","physics_eligibility","Students must have FSc Pre-Medical Pre-Engineering Computer Science or equivalent."
"When was the Statistics department established?","statistics_establishment","The Department of Statistics was established in 1989."
"What year was the Statistics department founded?","statistics_establishment","The Department of Statistics was established in 1989."
"When did the Statistics department begin operations?","statistics_establishment","The Department of Statistics was established in 1989."
"What is the founding date of the Statistics department?","statistics_establishment","The Department of Statistics was established in 1989."
"Was the Statistics department established in 1989?","statistics_establishment","The Department of Statistics was established in 1989."
"When was the inception of the Statistics department?","statistics_establishment","The Department of Statistics was established in 1989."
"In which year did the Statistics department start?","statistics_establishment","The Department of Statistics was established in 1989."
"How long has the Department of Statistics existed?","statistics_establishment","The Department of Statistics was established in 1989."
"What is the establishment year of the Statistics department?","statistics_establishment","The Department of Statistics was established in 1989."
"When did the college start offering Statistics?","statistics_establishment","The Department of Statistics was established in 1989."
"What is the history of the Statistics department's founding?","statistics_establishment","The Department of Statistics was established in 1989."
"Was the Statistics department one of the first departments?","statistics_establishment","The Department of Statistics was established in 1989."
"What date was the Statistics department launched?","statistics_establishment","The Department of Statistics was established in 1989."
"How old is the Statistics department?","statistics_establishment","The Department of Statistics was established in 1989."
"Did the Statistics department start in the late 80s?","statistics_establishment","The Department of Statistics was established in 1989."
"What is the importance of Statistics today?","statistics_importance","Statistics is essential for administrators researchers economists policy makers and scientists."
"Why is Statistics important?","statistics_importance","Statistics is essential for administrators researchers economists policy makers and scientists."
"Who uses Statistics?","statistics_importance","Statistics is essential for administrators researchers economists policy makers and scientists."
"Is Statistics essential for policy makers?","statistics_importance","Statistics is essential for administrators researchers economists policy makers and scientists."
"What is the relevance of Statistics?","statistics_importance","Statistics is essential for administrators researchers economists policy makers and scientists."
"Does Statistics play a role for economists?","statistics_importance","Statistics is essential for administrators researchers economists policy makers and scientists."
"Who needs knowledge of Statistics?","statistics_importance","Statistics is essential for administrators researchers economists policy makers and scientists."
"Is Statistics important for scientists and researchers?","statistics_importance","Statistics is essential for administrators researchers economists policy makers and scientists."
"What role does Statistics play in modern society?","statistics_importance","Statistics is essential for administrators researchers economists policy makers and scientists."
"Is Statistics crucial for administrators?","statistics_importance","Statistics is essential for administrators researchers economists policy makers and scientists."
"Why is the study of Statistics necessary?","statistics_importance","Statistics is essential for administrators researchers economists policy makers and scientists."
"What is the value of Statistics today?","statistics_importance","Statistics is essential for administrators researchers economists policy makers and scientists."
"Does Statistics benefit policy makers and economists?","statistics_importance","Statistics is essential for administrators researchers economists policy makers and scientists."
"Is Statistics a fundamental subject?","statistics_importance","Statistics is essential for administrators researchers economists policy makers and scientists."
"Who relies on Statistics for their work?","statistics_importance","Statistics is essential for administrators researchers economists policy makers and scientists."
"What program does the Statistics department offer?","statistics_program","The department offers a four-year BS Statistics program."
"What degree is available in Statistics?","statistics_program","The department offers a four-year BS Statistics program."
"Which program does the Statistics department provide?","statistics_program","The department offers a four-year BS Statistics program."
"Is there a BS Statistics program at GPGC Mansehra?","statistics_program","The department offers a four-year BS Statistics program."
"What courses are offered by the Statistics department?","statistics_program","The department offers a four-year BS Statistics program."
"What is the duration of Statistics program?","statistics_program","The department offers a four-year BS Statistics program."
"Does the Statistics department offer a BS degree?","statistics_program","The department offers a four-year BS Statistics program."
"What program can students enroll in for Statistics?","statistics_program","The department offers a four-year BS Statistics program."
"Which degree can one pursue in Statistics?","statistics_program","The department offers a four-year BS Statistics program."
"What academic program is in Statistics department?","statistics_program","The department offers a four-year BS Statistics program."
"What is taught in Statistics department?","statistics_program","The department offers a four-year BS Statistics program."
"How long is the BS Statistics program?","statistics_program","The department offers a four-year BS Statistics program."
"Is BS Statistics a four-year program?","statistics_program","The department offers a four-year BS Statistics program."
"What is the major offered by Statistics department?","statistics_program","The department offers a four-year BS Statistics program."
"Which degree course does Statistics department provide?","statistics_program","The department offers a four-year BS Statistics program."
"Where do Statistics graduates find employment?","statistics_jobs","Graduates work in government organizations industry academia and research institutions."
"What career options are there for Statistics graduates?","statistics_jobs","Graduates work in government organizations industry academia and research institutions."
"Where do students go after completing BS Statistics?","statistics_jobs","Graduates work in government organizations industry academia and research institutions."
"What jobs are available for Statistics alumni?","statistics_jobs","Graduates work in government organizations industry academia and research institutions."
"Which sectors hire Statistics graduates?","statistics_jobs","Graduates work in government organizations industry academia and research institutions."
"What career paths are possible for Statistics graduates?","statistics_jobs","Graduates work in government organizations industry academia and research institutions."
"Where can Statistics graduates work?","statistics_jobs","Graduates work in government organizations industry academia and research institutions."
"What employment opportunities exist for Statistics alumni?","statistics_jobs","Graduates work in government organizations industry academia and research institutions."
"Are there jobs for BS Statistics graduates?","statistics_jobs","Graduates work in government organizations industry academia and research institutions."
"Which organizations hire Statistics graduates?","statistics_jobs","Graduates work in government organizations industry academia and research institutions."
"Where do alumni of Statistics program work?","statistics_jobs","Graduates work in government organizations industry academia and research institutions."
"Do Statistics graduates work in research institutions?","statistics_jobs","Graduates work in government organizations industry academia and research institutions."
"What positions are available for Statistics graduates?","statistics_jobs","Graduates work in government organizations industry academia and research institutions."
"Which fields employ Statistics graduates?","statistics_jobs","Graduates work in government organizations industry academia and research institutions."
"What is the employment record of Statistics alumni?","statistics_jobs","Graduates work in government organizations industry academia and research institutions."
"When was the Department of Zoology established?","zoology_establishment","The Department of Zoology was started in Fall 2011."
"In which year did Zoology department start?","zoology_establishment","The Department of Zoology was started in Fall 2011."
"When did GPGC Mansehra open the Zoology department?","zoology_establishment","The Department of Zoology was started in Fall 2011."
"What is the founding year of Zoology department?","zoology_establishment","The Department of Zoology was started in Fall 2011."
"When was Zoology department created?","zoology_establishment","The Department of Zoology was started in Fall 2011."
"When did the college establish Zoology department?","zoology_establishment","The Department of Zoology was started in Fall 2011."
"What year was Zoology program initiated?","zoology_establishment","The Department of Zoology was started in Fall 2011."
"When was the first Zoology class conducted?","zoology_establishment","The Department of Zoology was started in Fall 2011."
"In which semester did Zoology department begin?","zoology_establishment","The Department of Zoology was started in Fall 2011."
"When did Zoology department start functioning?","zoology_establishment","The Department of Zoology was started in Fall 2011."
"Which year marks the beginning of Zoology department?","zoology_establishment","The Department of Zoology was started in Fall 2011."
"When was the Zoology section opened?","zoology_establishment","The Department of Zoology was started in Fall 2011."
"What is the start date of Zoology department?","zoology_establishment","The Department of Zoology was started in Fall 2011."
"When did the Zoology division start?","zoology_establishment","The Department of Zoology was started in Fall 2011."
"In which academic year was Zoology department founded?","zoology_establishment","The Department of Zoology was started in Fall 2011."
"What programs does the Zoology department offer?","zoology_programs","The department offers a BS Zoology program."
"Which degrees are offered by Zoology department?","zoology_programs","The department offers a BS Zoology program."
"What academic courses are available in Zoology?","zoology_programs","The department offers a BS Zoology program."
"Does Zoology department have a BS program?","zoology_programs","The department offers a BS Zoology program."
"What is the Zoology curriculum at GC Mansehra?","zoology_programs","The department offers a BS Zoology program."
"Which program can students pursue in Zoology?","zoology_programs","The department offers a BS Zoology program."
"What is the degree course of Zoology department?","zoology_programs","The department offers a BS Zoology program."
"Are there BS Zoology classes at GPGC Mansehra?","zoology_programs","The department offers a BS Zoology program."
"What study program is available in Zoology?","zoology_programs","The department offers a BS Zoology program."
"What is the main program in Zoology department?","zoology_programs","The department offers a BS Zoology program."
"What degree do Zoology students pursue?","zoology_programs","The department offers a BS Zoology program."
"Does Zoology department provide higher education programs?","zoology_programs","The department offers a BS Zoology program."
"What program does one enroll in for Zoology?","zoology_programs","The department offers a BS Zoology program."
"Which degree does Zoology department offer students?","zoology_programs","The department offers a BS Zoology program."
"Is BS Zoology offered at GC Mansehra?","zoology_programs","The department offers a BS Zoology program."
"What facilities are available in the Zoology department?","zoology_facilities","The department has well-equipped Molecular Biology and Bioinformatics labs."
"What labs are present in Zoology department?","zoology_facilities","The department has well-equipped Molecular Biology and Bioinformatics labs."
"Does Zoology department have Molecular Biology labs?","zoology_facilities","The department has well-equipped Molecular Biology and Bioinformatics labs."
"Which research labs exist in Zoology department?","zoology_facilities","The department has well-equipped Molecular Biology and Bioinformatics labs."
"What practical facilities are in Zoology department?","zoology_facilities","The department has well-equipped Molecular Biology and Bioinformatics labs."
"Are there Bioinformatics labs in Zoology department?","zoology_facilities","The department has well-equipped Molecular Biology and Bioinformatics labs."
"What equipment is available in Zoology labs?","zoology_facilities","The department has well-equipped Molecular Biology and Bioinformatics labs."
"Which facilities support Zoology research?","zoology_facilities","The department has well-equipped Molecular Biology and Bioinformatics labs."
"Are there advanced labs in Zoology department?","zoology_facilities","The department has well-equipped Molecular Biology and Bioinformatics labs."
"What lab resources are provided in Zoology department?","zoology_facilities","The department has well-equipped Molecular Biology and Bioinformatics labs."
"What practical labs are offered to Zoology students?","zoology_facilities","The department has well-equipped Molecular Biology and Bioinformatics labs."
"Does the department provide lab-based learning?","zoology_facilities","The department has well-equipped Molecular Biology and Bioinformatics labs."
"Which specialized labs are in Zoology department?","zoology_facilities","The department has well-equipped Molecular Biology and Bioinformatics labs."
"Are Molecular Biology and Bioinformatics labs available?","zoology_facilities","The department has well-equipped Molecular Biology and Bioinformatics labs."
"What kind of laboratory facilities exist in Zoology department?","zoology_facilities","The department has well-equipped Molecular Biology and Bioinformatics labs."
"What are the major research areas in Zoology?","zoology_research_areas","Research areas include Molecular Biology Fisheries Entomology Animal Conservation and Bioinformatics."
"What topics are studied in Zoology research?","zoology_research_areas","Research areas include Molecular Biology Fisheries Entomology Animal Conservation and Bioinformatics."
"Which subjects are focus areas of Zoology research?","zoology_research_areas","Research areas include Molecular Biology Fisheries Entomology Animal Conservation and Bioinformatics."
"What fields does Zoology department research?","zoology_research_areas","Research areas include Molecular Biology Fisheries Entomology Animal Conservation and Bioinformatics."
"What specialized areas are in Zoology research?","zoology_research_areas","Research areas include Molecular Biology Fisheries Entomology Animal Conservation and Bioinformatics."
"What scientific areas are focused in Zoology department?","zoology_research_areas","Research areas include Molecular Biology Fisheries Entomology Animal Conservation and Bioinformatics."
"Which disciplines are major in Zoology research?","zoology_research_areas","Research areas include Molecular Biology Fisheries Entomology Animal Conservation and Bioinformatics."
"Where does Zoology department conduct research?","zoology_research_areas","Research areas include Molecular Biology Fisheries Entomology Animal Conservation and Bioinformatics."
"What are the key areas of study in Zoology?","zoology_research_areas","Research areas include Molecular Biology Fisheries Entomology Animal Conservation and Bioinformatics."
"Which research domains are emphasized in Zoology?","zoology_research_areas","Research areas include Molecular Biology Fisheries Entomology Animal Conservation and Bioinformatics."
"What scientific subjects are explored in Zoology?","zoology_research_areas","Research areas include Molecular Biology Fisheries Entomology Animal Conservation and Bioinformatics."
"What areas are Zoology students trained in research?","zoology_research_areas","Research areas include Molecular Biology Fisheries Entomology Animal Conservation and Bioinformatics."
"What specializations exist in Zoology research?","zoology_research_areas","Research areas include Molecular Biology Fisheries Entomology Animal Conservation and Bioinformatics."
"What research topics are studied in Zoology?","zoology_research_areas","Research areas include Molecular Biology Fisheries Entomology Animal Conservation and Bioinformatics."
"What is the scope of Zoology research?","zoology_research_areas","Research areas include Molecular Biology Fisheries Entomology Animal Conservation and Bioinformatics."
"When are admissions open for BS Zoology?","zoology_admissions","Admissions are open in Fall according to Hazara University academic calendar."
"What is the admission season for BS Zoology?","zoology_admissions","Admissions are open in Fall according to Hazara University academic calendar."
"When does BS Zoology accept applications?","zoology_admissions","Admissions are open in Fall according to Hazara University academic calendar."
"In which semester are Zoology admissions open?","zoology_admissions","Admissions are open in Fall according to Hazara University academic calendar."
"When can students apply for Zoology?","zoology_admissions","Admissions are open in Fall according to Hazara University academic calendar."
"What is the enrollment period for BS Zoology?","zoology_admissions","Admissions are open in Fall according to Hazara University academic calendar."
"When does Zoology department start admissions?","zoology_admissions","Admissions are open in Fall according to Hazara University academic calendar."
"Which semester is open for BS Zoology admissions?","zoology_admissions","Admissions are open in Fall according to Hazara University academic calendar."
"What is the application period for BS Zoology?","zoology_admissions","Admissions are open in Fall according to Hazara University academic calendar."
"When is the BS Zoology program accepting students?","zoology_admissions","Admissions are open in Fall according to Hazara University academic calendar."
"When do students enroll in Zoology program?","zoology_admissions","Admissions are open in Fall according to Hazara University academic calendar."
"What season is open for BS Zoology applications?","zoology_admissions","Admissions are open in Fall according to Hazara University academic calendar."
"When does application process for Zoology begin?","zoology_admissions","Admissions are open in Fall according to Hazara University academic calendar."
"What is the intake period for Zoology department?","zoology_admissions","Admissions are open in Fall according to Hazara University academic calendar."
"When are new students admitted to BS Zoology?","zoology_admissions","Admissions are open in Fall according to Hazara University academic calendar."
"When was the English department established?","english_establishment","The English department was established in 2010 as a pioneer BS department in KP."
"What year was the English department founded?","english_establishment","The English department was established in 2010 as a pioneer BS department in KP."
"When did the English department start?","english_establishment","The English department was established in 2010 as a pioneer BS department in KP."
"Was the English department established in 2010?","english_establishment","The English department was established in 2010 as a pioneer BS department in KP."
"What is the founding date of the English department?","english_establishment","The English department was established in 2010 as a pioneer BS department in KP."
"Was the English department a pioneer BS department in KP?","english_establishment","The English department was established in 2010 as a pioneer BS department in KP."
"When was the inception of the English department?","english_establishment","The English department was established in 2010 as a pioneer BS department in KP."
"Did the English department begin in 2010?","english_establishment","The English department was established in 2010 as a pioneer BS department in KP."
"How long has the English department been around?","english_establishment","The English department was established in 2010 as a pioneer BS department in KP."
"Was the English department one of the first BS departments in KP?","english_establishment","The English department was established in 2010 as a pioneer BS department in KP."
"What is the establishment year of English?","english_establishment","The English department was established in 2010 as a pioneer BS department in KP."
"When did the college introduce the English BS program?","english_establishment","The English department was established in 2010 as a pioneer BS department in KP."
"Is the English department a pioneer in BS degrees in KP?","english_establishment","The English department was established in 2010 as a pioneer BS department in KP."
"What date was the English department launched?","english_establishment","The English department was established in 2010 as a pioneer BS department in KP."
"How old is the English department?","english_establishment","The English department was established in 2010 as a pioneer BS department in KP."
"What degree does the English department offer?","english_degree","The department offers BS Hons in English Linguistics and Literature."
"Which degree is offered by the English department?","english_degree","The department offers BS Hons in English Linguistics and Literature."
"Does the English department offer a BS Hons degree?","english_degree","The department offers BS Hons in English Linguistics and Literature."
"What is the English degree called?","english_degree","The department offers BS Hons in English Linguistics and Literature."
"Can I get a degree in English Linguistics here?","english_degree","The department offers BS Hons in English Linguistics and Literature."
"What are the specializations of the English degree?","english_degree","The department offers BS Hons in English Linguistics and Literature."
"Is the degree BS Hons in English Linguistics and Literature?","english_degree","The department offers BS Hons in English Linguistics and Literature."
"Does the department offer a Bachelor of Science Honors in English?","english_degree","The department offers BS Hons in English Linguistics and Literature."
"What is the undergraduate degree in English?","english_degree","The department offers BS Hons in English Linguistics and Literature."
"Can I study English Literature here?","english_degree","The department offers BS Hons in English Linguistics and Literature."
"What is the official degree title for English?","english_degree","The department offers BS Hons in English Linguistics and Literature."
"Does the program cover both Linguistics and Literature?","english_degree","The department offers BS Hons in English Linguistics and Literature."
"What academic program is available in English?","english_degree","The department offers BS Hons in English Linguistics and Literature."
"Is there a BS Hons degree available?","english_degree","The department offers BS Hons in English Linguistics and Literature."
"What is the full title of the English degree?","english_degree","The department offers BS Hons in English Linguistics and Literature."
"Do English students complete a research dissertation?","english_research","Yes a compulsory research dissertation is part of the degree."
"Is a research dissertation mandatory for English students?","english_research","Yes a compulsory research dissertation is part of the degree."
"Do I have to write a dissertation for the English degree?","english_research","Yes a compulsory research dissertation is part of the degree."
"Is there a compulsory research component in English?","english_research","Yes a compulsory research dissertation is part of the degree."
"What is the final project in the English degree?","english_research","Yes a compulsory research dissertation is part of the degree."
"Is the dissertation a required part of the English program?","english_research","Yes a compulsory research dissertation is part of the degree."
"Do English students conduct research?","english_research","Yes a compulsory research dissertation is part of the degree."
"Is a thesis required for the BS Hons English?","english_research","Yes a compulsory research dissertation is part of the degree."
"What is the nature of the research requirement in English?","english_research","Yes a compulsory research dissertation is part of the degree."
"Is a research paper compulsory?","english_research","Yes a compulsory research dissertation is part of the degree."
"Does the English degree require a dissertation?","english_research","Yes a compulsory research dissertation is part of the degree."
"Do all English students write a dissertation?","english_research","Yes a compulsory research dissertation is part of the degree."
"Is the research dissertation optional?","english_research","Yes a compulsory research dissertation is part of the degree."
"What is the research component of the English degree?","english_research","Yes a compulsory research dissertation is part of the degree."
"Is there a final dissertation in English Linguistics and Literature?","english_research","Yes a compulsory research dissertation is part of the degree."
"What achievements has the English department earned?","english_achievements","Students have won gold medals and national competitions including the National Spelling Bee."
"What are the English department's accomplishments?","english_achievements","Students have won gold medals and national competitions including the National Spelling Bee."
"Have English students won any awards?","english_achievements","Students have won gold medals and national competitions including the National Spelling Bee."
"Did English students win gold medals?","english_achievements","Students have won gold medals and national competitions including the National Spelling Bee."
"Did the department win the National Spelling Bee?","english_achievements","Students have won gold medals and national competitions including the National Spelling Bee."
"What competitions have English students won?","english_achievements","Students have won gold medals and national competitions including the National Spelling Bee."
"Has the English department achieved national recognition?","english_achievements","Students have won gold medals and national competitions including the National Spelling Bee."
"Are there any notable student achievements in English?","english_achievements","Students have won gold medals and national competitions including the National Spelling Bee."
"Did the students win the Spelling Bee?","english_achievements","Students have won gold medals and national competitions including the National Spelling Bee."
"What awards have English students received?","english_achievements","Students have won gold medals and national competitions including the National Spelling Bee."
"What are the successes of the English department?","english_achievements","Students have won gold medals and national competitions including the National Spelling Bee."
"Have the students achieved anything in national competitions?","english_achievements","Students have won gold medals and national competitions including the National Spelling Bee."
"Did students from the English department get gold medals?","english_achievements","Students have won gold medals and national competitions including the National Spelling Bee."
"What academic and non-academic achievements does the English department have?","english_achievements","Students have won gold medals and national competitions including the National Spelling Bee."
"Is the English department successful in competitions?","english_achievements","Students have won gold medals and national competitions including the National Spelling Bee."
"Does the English department support extracurricular activities?","english_extracurriculars","Yes the department actively supports debating drama arts sports and literary societies."
"Are there extracurricular activities in the English department?","english_extracurriculars","Yes the department actively supports debating drama arts sports and literary societies."
"Does the department support literary societies?","english_extracurriculars","Yes the department actively supports debating drama arts sports and literary societies."
"What extra-curricular activities are available in English?","english_extracurriculars","Yes the department actively supports debating drama arts sports and literary societies."
"Does the English department encourage debating?","english_extracurriculars","Yes the department actively supports debating drama arts sports and literary societies."
"Is there support for drama and arts in the English department?","english_extracurriculars","Yes the department actively supports debating drama arts sports and literary societies."
"Does the department support sports for English students?","english_extracurriculars","Yes the department actively supports debating drama arts sports and literary societies."
"Are there student societies in the English department?","english_extracurriculars","Yes the department actively supports debating drama arts sports and literary societies."
"What non-academic activities are supported?","english_extracurriculars","Yes the department actively supports debating drama arts sports and literary societies."
"Does the English department encourage arts?","english_extracurriculars","Yes the department actively supports debating drama arts sports and literary societies."
"Is there active support for student activities in English?","english_extracurriculars","Yes the department actively supports debating drama arts sports and literary societies."
"What kind of societies does the English department support?","english_extracurriculars","Yes the department actively supports debating drama arts sports and literary societies."
"Are there activities other than academics in the English department?","english_extracurriculars","Yes the department actively supports debating drama arts sports and literary societies."
"Does the department support debating and drama?","english_extracurriculars","Yes the department actively supports debating drama arts sports and literary societies."
"Is the English department involved in extracurriculars?","english_extracurriculars","Yes the department actively supports debating drama arts sports and literary societies."
"What is the focus of the Economics department?","economics_focus","The department focuses on quality education research and policy-relevant economic studies."
"What does the Economics department emphasize?","economics_focus","The department focuses on quality education research and policy-relevant economic studies."
"Is the Economics department focused on quality education?","economics_focus","The department focuses on quality education research and policy-relevant economic studies."
"Does the Economics department conduct research?","economics_focus","The department focuses on quality education research and policy-relevant economic studies."
"What kind of economic studies does the department focus on?","economics_focus","The department focuses on quality education research and policy-relevant economic studies."
"What are the main areas of focus for the Economics department?","economics_focus","The department focuses on quality education research and policy-relevant economic studies."
"Does the department focus on policy-relevant studies?","economics_focus","The department focuses on quality education research and policy-relevant economic studies."
"Is the Economics department involved in policy research?","economics_focus","The department focuses on quality education research and policy-relevant economic studies."
"What is the main goal of the Economics department?","economics_focus","The department focuses on quality education research and policy-relevant economic studies."
"Does the department prioritize education quality?","economics_focus","The department focuses on quality education research and policy-relevant economic studies."
"What are the three focus areas of the Economics department?","economics_focus","The department focuses on quality education research and policy-relevant economic studies."
"Is the Economics department research-oriented?","economics_focus","The department focuses on quality education research and policy-relevant economic studies."
"What is the objective of the Economics department?","economics_focus","The department focuses on quality education research and policy-relevant economic studies."
"Does the department emphasize research and policy studies?","economics_focus","The department focuses on quality education research and policy-relevant economic studies."
"What is the core area of the Economics department?","economics_focus","The department focuses on quality education research and policy-relevant economic studies."
"What is the mission of the Economics department?","economics_mission","The mission is to provide market-relevant economics education and skilled graduates."
"What is the goal of the Economics department?","economics_mission","The mission is to provide market-relevant economics education and skilled graduates."
"What is the primary mission of Economics?","economics_mission","The mission is to provide market-relevant economics education and skilled graduates."
"Does the Economics department focus on market-relevant education?","economics_mission","The mission is to provide market-relevant economics education and skilled graduates."
"What kind of graduates does the Economics department aim to produce?","economics_mission","The mission is to provide market-relevant economics education and skilled graduates."
"What is the department's mission statement for Economics?","economics_mission","The mission is to provide market-relevant economics education and skilled graduates."
"Does the Economics department aim for skilled graduates?","economics_mission","The mission is to provide market-relevant economics education and skilled graduates."
"What is the objective of the Economics department's education?","economics_mission","The mission is to provide market-relevant economics education and skilled graduates."
"Is the mission to provide relevant economics education?","economics_mission","The mission is to provide market-relevant economics education and skilled graduates."
"What is the core purpose of the Economics department?","economics_mission","The mission is to provide market-relevant economics education and skilled graduates."
"What is the department's commitment regarding education?","economics_mission","The mission is to provide market-relevant economics education and skilled graduates."
"Does the Economics department produce job-ready graduates?","economics_mission","The mission is to provide market-relevant economics education and skilled graduates."
"What is the department's mission in terms of student skills?","economics_mission","The mission is to provide market-relevant economics education and skilled graduates."
"What is the departmental mission in Economics?","economics_mission","The mission is to provide market-relevant economics education and skilled graduates."
"Does the department focus on market demand in Economics?","economics_mission","The mission is to provide market-relevant economics education and skilled graduates."
"What outcomes do Economics graduates achieve?","economics_outcomes","Graduates secure jobs in reputable organizations and institutions."
"Do Economics graduates get good jobs?","economics_outcomes","Graduates secure jobs in reputable organizations and institutions."
"What is the employment outcome for Economics graduates?","economics_outcomes","Graduates secure jobs in reputable organizations and institutions."
"Where do Economics graduates find jobs?","economics_outcomes","Graduates secure jobs in reputable organizations and institutions."
"Are Economics graduates employed in reputable organizations?","economics_outcomes","Graduates secure jobs in reputable organizations and institutions."
"What are the career successes of Economics graduates?","economics_outcomes","Graduates secure jobs in reputable organizations and institutions."
"Do graduates of Economics secure jobs?","economics_outcomes","Graduates secure jobs in reputable organizations and institutions."
"What organizations hire Economics graduates?","economics_outcomes","Graduates secure jobs in reputable organizations and institutions."
"What is the job placement status of Economics graduates?","economics_outcomes","Graduates secure jobs in reputable organizations and institutions."
"Are the job prospects good for Economics graduates?","economics_outcomes","Graduates secure jobs in reputable organizations and institutions."
"Do Economics students find employment easily?","economics_outcomes","Graduates secure jobs in reputable organizations and institutions."
"What are the common destinations for Economics graduates?","economics_outcomes","Graduates secure jobs in reputable organizations and institutions."
"Do Economics graduates work in institutions?","economics_outcomes","Graduates secure jobs in reputable organizations and institutions."
"What are the results for Economics degree holders?","economics_outcomes","Graduates secure jobs in reputable organizations and institutions."
"Are Economics graduates employed successfully?","economics_outcomes","Graduates secure jobs in reputable organizations and institutions."
"What are the admission requirements for Islamic Studies?","islamic_studies_admission","Students need intermediate second division and 50 percent marks in departmental test."
"What is the eligibility for Islamic Studies?","islamic_studies_admission","Students need intermediate second division and 50 percent marks in departmental test."
"Do I need an intermediate second division for Islamic Studies?","islamic_studies_admission","Students need intermediate second division and 50 percent marks in departmental test."
"What are the minimum marks for the departmental test in Islamic Studies?","islamic_studies_admission","Students need intermediate second division and 50 percent marks in departmental test."
"Are there admission criteria for the Islamic Studies program?","islamic_studies_admission","Students need intermediate second division and 50 percent marks in departmental test."
"What is the score needed on the departmental test for Islamic Studies?","islamic_studies_admission","Students need intermediate second division and 50 percent marks in departmental test."
"Is a second division in intermediate mandatory for Islamic Studies?","islamic_studies_admission","Students need intermediate second division and 50 percent marks in departmental test."
"What is the admission procedure for Islamic Studies?","islamic_studies_admission","Students need intermediate second division and 50 percent marks in departmental test."
"Do I need 50% in the test for Islamic Studies?","islamic_studies_admission","Students need intermediate second division and 50 percent marks in departmental test."
"What qualification is required for Islamic Studies admission?","islamic_studies_admission","Students need intermediate second division and 50 percent marks in departmental test."
"What are the requirements for the departmental test?","islamic_studies_admission","Students need intermediate second division and 50 percent marks in departmental test."
"Is an intermediate qualification needed for Islamic Studies?","islamic_studies_admission","Students need intermediate second division and 50 percent marks in departmental test."
"What is the minimum requirement for the Islamic Studies program?","islamic_studies_admission","Students need intermediate second division and 50 percent marks in departmental test."
"What is the passing mark for the Islamic Studies departmental test?","islamic_studies_admission","Students need intermediate second division and 50 percent marks in departmental test."
"Can I apply to Islamic Studies with an intermediate degree?","islamic_studies_admission","Students need intermediate second division and 50 percent marks in departmental test."
"Does Islamic Studies include a thesis option?","islamic_studies_thesis","Yes students may choose a thesis in the final semester."
"Can I write a thesis in the Islamic Studies program?","islamic_studies_thesis","Yes students may choose a thesis in the final semester."
"Is there a thesis requirement for Islamic Studies?","islamic_studies_thesis","Yes students may choose a thesis in the final semester."
"Is the thesis in Islamic Studies optional?","islamic_studies_thesis","Yes students may choose a thesis in the final semester."
"When is the thesis option available in Islamic Studies?","islamic_studies_thesis","Yes students may choose a thesis in the final semester."
"Do students have the choice of a thesis in the final semester?","islamic_studies_thesis","Yes students may choose a thesis in the final semester."
"What are the final year options for Islamic Studies students?","islamic_studies_thesis","Yes students may choose a thesis in the final semester."
"Is a research paper or thesis part of Islamic Studies?","islamic_studies_thesis","Yes students may choose a thesis in the final semester."
"Can I choose to do a thesis in the Islamic Studies course?","islamic_studies_thesis","Yes students may choose a thesis in the final semester."
"Is there an option for a research project in the last semester?","islamic_studies_thesis","Yes students may choose a thesis in the final semester."
"Is the thesis mandatory for Islamic Studies?","islamic_studies_thesis","Yes students may choose a thesis in the final semester."
"When can Islamic Studies students choose their thesis?","islamic_studies_thesis","Yes students may choose a thesis in the final semester."
"Is a thesis offered in the Islamic Studies degree?","islamic_studies_thesis","Yes students may choose a thesis in the final semester."
"Do students need to write a thesis in Islamic Studies?","islamic_studies_thesis","Yes students may choose a thesis in the final semester."
"Is there a research thesis for the Islamic Studies degree?","islamic_studies_thesis","Yes students may choose a thesis in the final semester."
"What subjects are taught in Islamic Studies?","islamic_studies_subjects","Subjects include Quran Hadith Fiqh Islamic History Philosophy and comparative religion."
"What is the course content for Islamic Studies?","islamic_studies_subjects","Subjects include Quran Hadith Fiqh Islamic History Philosophy and comparative religion."
"Does Islamic Studies cover Fiqh and Hadith?","islamic_studies_subjects","Subjects include Quran Hadith Fiqh Islamic History Philosophy and comparative religion."
"What topics are included in Islamic Studies?","islamic_studies_subjects","Subjects include Quran Hadith Fiqh Islamic History Philosophy and comparative religion."
"Is comparative religion taught in Islamic Studies?","islamic_studies_subjects","Subjects include Quran Hadith Fiqh Islamic History Philosophy and comparative religion."
"Does the program include Islamic History and Philosophy?","islamic_studies_subjects","Subjects include Quran Hadith Fiqh Islamic History Philosophy and comparative religion."
"What are the core subjects in Islamic Studies?","islamic_studies_subjects","Subjects include Quran Hadith Fiqh Islamic History Philosophy and comparative religion."
"Are Quran and Hadith covered in the Islamic Studies curriculum?","islamic_studies_subjects","Subjects include Quran Hadith Fiqh Islamic History Philosophy and comparative religion."
"What specific areas of Islamic knowledge are taught?","islamic_studies_subjects","Subjects include Quran Hadith Fiqh Islamic History Philosophy and comparative religion."
"Are philosophy and comparative religion included?","islamic_studies_subjects","Subjects include Quran Hadith Fiqh Islamic History Philosophy and comparative religion."
"What is the curriculum of Islamic Studies?","islamic_studies_subjects","Subjects include Quran Hadith Fiqh Islamic History Philosophy and comparative religion."
"Does the program include study of Fiqh?","islamic_studies_subjects","Subjects include Quran Hadith Fiqh Islamic History Philosophy and comparative religion."
"What is the range of subjects in Islamic Studies?","islamic_studies_subjects","Subjects include Quran Hadith Fiqh Islamic History Philosophy and comparative religion."
"Are there non-core Islamic subjects?","islamic_studies_subjects","Subjects include Quran Hadith Fiqh Islamic History Philosophy and comparative religion."
"What are the main areas of study in Islamic Studies?","islamic_studies_subjects","Subjects include Quran Hadith Fiqh Islamic History Philosophy and comparative religion."
"Are general subjects included in Islamic Studies?","islamic_studies_general_subjects","Yes students study subjects like Sociology Psychology Economics and Political Science."
"Does the Islamic Studies program include non-religious subjects?","islamic_studies_general_subjects","Yes students study subjects like Sociology Psychology Economics and Political Science."
"Are subjects like Sociology and Economics part of Islamic Studies?","islamic_studies_general_subjects","Yes students study subjects like Sociology Psychology Economics and Political Science."
"Do Islamic Studies students study Political Science?","islamic_studies_general_subjects","Yes students study subjects like Sociology Psychology Economics and Political Science."
"Are Psychology and Sociology included in the Islamic Studies curriculum?","islamic_studies_general_subjects","Yes students study subjects like Sociology Psychology Economics and Political Science."
"What general courses are offered in Islamic Studies?","islamic_studies_general_subjects","Yes students study subjects like Sociology Psychology Economics and Political Science."
"Does Islamic Studies offer subjects outside of religion?","islamic_studies_general_subjects","Yes students study subjects like Sociology Psychology Economics and Political Science."
"Are Economics and Political Science included in the curriculum?","islamic_studies_general_subjects","Yes students study subjects like Sociology Psychology Economics and Political Science."
"What general education subjects are taught in Islamic Studies?","islamic_studies_general_subjects","Yes students study subjects like Sociology Psychology Economics and Political Science."
"Are there any social sciences in the Islamic Studies program?","islamic_studies_general_subjects","Yes students study subjects like Sociology Psychology Economics and Political Science."
"Do Islamic Studies students take Psychology classes?","islamic_studies_general_subjects","Yes students study subjects like Sociology Psychology Economics and Political Science."
"What non-departmental subjects are included in Islamic Studies?","islamic_studies_general_subjects","Yes students study subjects like Sociology Psychology Economics and Political Science."
"Are there general electives in Islamic Studies?","islamic_studies_general_subjects","Yes students study subjects like Sociology Psychology Economics and Political Science."
"Does the program include subjects like Economics?","islamic_studies_general_subjects","Yes students study subjects like Sociology Psychology Economics and Political Science."
"Is Sociology a subject in Islamic Studies?","islamic_studies_general_subjects","Yes students study subjects like Sociology Psychology Economics and Political Science."
"When was the Department of Political Science established at GPGC Mansehra?","political_science_establishment","The Department of Political Science at GPGC Mansehra was formally established in 2013."
"What year was the Political Science department founded?","political_science_establishment","The Department of Political Science at GPGC Mansehra was formally established in 2013."
"When did the Political Science department start?","political_science_establishment","The Department of Political Science at GPGC Mansehra was formally established in 2013."
"Was Political Science established in 2013?","political_science_establishment","The Department of Political Science at GPGC Mansehra was formally established in 2013."
"What is the founding date of the Political Science department?","political_science_establishment","The Department of Political Science at GPGC Mansehra was formally established in 2013."
"When was the inception of the Political Science department?","political_science_establishment","The Department of Political Science at GPGC Mansehra was formally established in 2013."
"How long has the Political Science department existed?","political_science_establishment","The Department of Political Science at GPGC Mansehra was formally established in 2013."
"What is the establishment year of Political Science?","political_science_establishment","The Department of Political Science at GPGC Mansehra was formally established in 2013."
"Did the Political Science department begin in 2013?","political_science_establishment","The Department of Political Science at GPGC Mansehra was formally established in 2013."
"When did the college start the Political Science department?","political_science_establishment","The Department of Political Science at GPGC Mansehra was formally established in 2013."
"What date was the Political Science department launched?","political_science_establishment","The Department of Political Science at GPGC Mansehra was formally established in 2013."
"Was the Political Science department formally established?","political_science_establishment","The Department of Political Science at GPGC Mansehra was formally established in 2013."
"When was the Political Science faculty created?","political_science_establishment","The Department of Political Science at GPGC Mansehra was formally established in 2013."
"What is the history of the Political Science department?","political_science_establishment","The Department of Political Science at GPGC Mansehra was formally established in 2013."
"Did Political Science become a department in 2013?","political_science_establishment","The Department of Political Science at GPGC Mansehra was formally established in 2013."
"Why was the Political Science department established?","department_background","The department was established to strengthen Political Science education in line with national and international standards."
"What was the reason for establishing Political Science?","department_background","The department was established to strengthen Political Science education in line with national and international standards."
"What is the background of the Political Science department's establishment?","department_background","The department was established to strengthen Political Science education in line with national and international standards."
"Was the department established to meet international standards?","department_background","The department was established to strengthen Political Science education in line with national and international standards."
"What was the purpose of founding the Political Science department?","department_background","The department was established to strengthen Political Science education in line with national and international standards."
"Did the department aim to strengthen Political Science education?","department_background","The department was established to strengthen Political Science education in line with national and international standards."
"What was the objective for creating the Political Science department?","department_background","The department was established to strengthen Political Science education in line with national and international standards."
"Was the establishment related to national standards?","department_background","The department was established to strengthen Political Science education in line with national and international standards."
"What standards is the Political Science education aligned with?","department_background","The department was established to strengthen Political Science education in line with national and international standards."
"Why did the college establish Political Science?","department_background","The department was established to strengthen Political Science education in line with national and international standards."
"What is the rationale behind the Political Science department?","department_background","The department was established to strengthen Political Science education in line with national and international standards."
"Was the goal to improve Political Science education?","department_background","The department was established to strengthen Political Science education in line with national and international standards."
"What motivated the establishment of the Political Science department?","department_background","The department was established to strengthen Political Science education in line with national and international standards."
"Was the establishment in accordance with international standards?","department_background","The department was established to strengthen Political Science education in line with national and international standards."
"What was the aim of the new Political Science department?","department_background","The department was established to strengthen Political Science education in line with national and international standards."
"Which authority approved the establishment of the Political Science department?","department_approval","The Project Management Unit of HED KPK approved the department through an official notification."
"Who approved the Political Science department?","department_approval","The Project Management Unit of HED KPK approved the department through an official notification."
"Which unit approved the department's establishment?","department_approval","The Project Management Unit of HED KPK approved the department through an official notification."
"Did HED KPK approve the Political Science department?","department_approval","The Project Management Unit of HED KPK approved the department through an official notification."
"What is the name of the approving authority for Political Science?","department_approval","The Project Management Unit of HED KPK approved the department through an official notification."
"How was the Political Science department approved?","department_approval","The Project Management Unit of HED KPK approved the department through an official notification."
"Was the approval given by an official notification?","department_approval","The Project Management Unit of HED KPK approved the department through an official notification."
"Who is the approving body for the Political Science department?","department_approval","The Project Management Unit of HED KPK approved the department through an official notification."
"Did the Project Management Unit approve the department?","department_approval","The Project Management Unit of HED KPK approved the department through an official notification."
"What role did HED KPK play in the establishment?","department_approval","The Project Management Unit of HED KPK approved the department through an official notification."
"Which office gave official approval for Political Science?","department_approval","The Project Management Unit of HED KPK approved the department through an official notification."
"What is the name of the unit that approved the department?","department_approval","The Project Management Unit of HED KPK approved the department through an official notification."
"Did the approval come from the KP government?","department_approval","The Project Management Unit of HED KPK approved the department through an official notification."
"What authority provided the official notification for the department?","department_approval","The Project Management Unit of HED KPK approved the department through an official notification."
"Who sanctioned the establishment of Political Science?","department_approval","The Project Management Unit of HED KPK approved the department through an official notification."
"Which university granted affiliation to BS Political Science at GPGC Mansehra?","program_affiliation","Hazara University Mansehra granted affiliation to the BS Political Science program."
"Which university is BS Political Science affiliated with?","program_affiliation","Hazara University Mansehra granted affiliation to the BS Political Science program."
"Did Hazara University grant affiliation to Political Science?","program_affiliation","Hazara University Mansehra granted affiliation to the BS Political Science program."
"What is the affiliating body for BS Political Science?","program_affiliation","Hazara University Mansehra granted affiliation to the BS Political Science program."
"Which university affiliated the Political Science program?","program_affiliation","Hazara University Mansehra granted affiliation to the BS Political Science program."
"Is BS Political Science affiliated with Hazara University?","program_affiliation","Hazara University Mansehra granted affiliation to the BS Political Science program."
"Where does the affiliation for the Political Science degree come from?","program_affiliation","Hazara University Mansehra granted affiliation to the BS Political Science program."
"Did Hazara University Mansehra grant affiliation?","program_affiliation","Hazara University Mansehra granted affiliation to the BS Political Science program."
"What is the affiliation status of the BS Political Science program?","program_affiliation","Hazara University Mansehra granted affiliation to the BS Political Science program."
"Who granted the affiliation for the BS Political Science program?","program_affiliation","Hazara University Mansehra granted affiliation to the BS Political Science program."
"What is the parent university for BS Political Science?","program_affiliation","Hazara University Mansehra granted affiliation to the BS Political Science program."
"Is the Political Science program affiliated with any university?","program_affiliation","Hazara University Mansehra granted affiliation to the BS Political Science program."
"Which university oversees the BS Political Science program?","program_affiliation","Hazara University Mansehra granted affiliation to the BS Political Science program."
"What is the name of the university granting affiliation?","program_affiliation","Hazara University Mansehra granted affiliation to the BS Political Science program."
"Did the university in Mansehra affiliate the program?","program_affiliation","Hazara University Mansehra granted affiliation to the BS Political Science program."
"What level of program is BS Political Science?","program_level","BS Political Science is an undergraduate degree program."
"Is BS Political Science an undergraduate program?","program_level","BS Political Science is an undergraduate degree program."
"What is the academic level of BS Political Science?","program_level","BS Political Science is an undergraduate degree program."
"Is it a bachelor's program?","program_level","BS Political Science is an undergraduate degree program."
"What level of education is the BS Political Science degree?","program_level","BS Political Science is an undergraduate degree program."
"Is the Political Science degree an undergraduate or graduate program?","program_level","BS Political Science is an undergraduate degree program."
"What is the status of the BS Political Science program?","program_level","BS Political Science is an undergraduate degree program."
"Is it an undergraduate degree?","program_level","BS Political Science is an undergraduate degree program."
"What is the program level for BS Political Science?","program_level","BS Political Science is an undergraduate degree program."
"Is the BS Political Science program a post-intermediate degree?","program_level","BS Political Science is an undergraduate degree program."
"What is the type of program for BS Political Science?","program_level","BS Political Science is an undergraduate degree program."
"Is the Political Science course a degree program?","program_level","BS Political Science is an undergraduate degree program."
"Is the program a Bachelor of Science in Political Science?","program_level","BS Political Science is an undergraduate degree program."
"Is the BS degree an undergraduate level?","program_level","BS Political Science is an undergraduate degree program."
"What is the degree type for BS Political Science?","program_level","BS Political Science is an undergraduate degree program."
"How long is the BS Political Science program?","program_duration","The BS Political Science program spans four years."
"What is the duration of BS Political Science?","program_duration","The BS Political Science program spans four years."
"How many years does the BS Political Science program take?","program_duration","The BS Political Science program spans four years."
"Is the Political Science program four years long?","program_duration","The BS Political Science program spans four years."
"What is the length of the BS Political Science degree?","program_duration","The BS Political Science program spans four years."
"Does the Political Science program last four years?","program_duration","The BS Political Science program spans four years."
"How many years of study for BS Political Science?","program_duration","The BS Political Science program spans four years."
"What is the time frame for the Political Science degree?","program_duration","The BS Political Science program spans four years."
"Is the duration of the Political Science program 4 years?","program_duration","The BS Political Science program spans four years."
"How long do I study for BS Political Science?","program_duration","The BS Political Science program spans four years."
"What is the required duration for the Political Science degree?","program_duration","The BS Political Science program spans four years."
"Does the program run for four years?","program_duration","The BS Political Science program spans four years."
"What is the time commitment for BS Political Science?","program_duration","The BS Political Science program spans four years."
"How many years until I graduate from BS Political Science?","program_duration","The BS Political Science program spans four years."
"Is the program duration four years?","program_duration","The BS Political Science program spans four years."
"How many semesters are included in BS Political Science?","semester_count","The program consists of eight semesters."
"How many semesters does the Political Science program have?","semester_count","The program consists of eight semesters."
"Is BS Political Science divided into eight semesters?","semester_count","The program consists of eight semesters."
"What is the total number of semesters in BS Political Science?","semester_count","The program consists of eight semesters."
"How many semesters are there in the Political Science degree?","semester_count","The program consists of eight semesters."
"Does the program have 8 semesters?","semester_count","The program consists of eight semesters."
"What is the semester structure of BS Political Science?","semester_count","The program consists of eight semesters."
"How many semesters are required for the degree?","semester_count","The program consists of eight semesters."
"What is the count of semesters in the Political Science program?","semester_count","The program consists of eight semesters."
"Is the BS Political Science program spread over eight semesters?","semester_count","The program consists of eight semesters."
"How many semesters are required to complete the BS Political Science?","semester_count","The program consists of eight semesters."
"What is the total number of semesters?","semester_count","The program consists of eight semesters."
"Does the Political Science degree include eight semesters?","semester_count","The program consists of eight semesters."
"How is the four-year program structured into semesters?","semester_count","The program consists of eight semesters."
"Is the semester count 8 for BS Political Science?","semester_count","The program consists of eight semesters."
"What is the duration of each semester?","semester_duration","Each semester lasts approximately 16 to 18 weeks."
"How long does one semester last?","semester_duration","Each semester lasts approximately 16 to 18 weeks."
"What is the length of a semester?","semester_duration","Each semester lasts approximately 16 to 18 weeks."
"Is the semester duration 16 to 18 weeks?","semester_duration","Each semester lasts approximately 16 to 18 weeks."
"How many weeks is one semester?","semester_duration","Each semester lasts approximately 16 to 18 weeks."
"What is the approximate duration of each semester?","semester_duration","Each semester lasts approximately 16 to 18 weeks."
"Does a semester last about 16 to 18 weeks?","semester_duration","Each semester lasts approximately 16 to 18 weeks."
"What is the time period for each semester?","semester_duration","Each semester lasts approximately 16 to 18 weeks."
"How long are the semesters in the BS Political Science program?","semester_duration","Each semester lasts approximately 16 to 18 weeks."
"What is the number of weeks in a semester?","semester_duration","Each semester lasts approximately 16 to 18 weeks."
"Is the semester length 16 to 18 weeks?","semester_duration","Each semester lasts approximately 16 to 18 weeks."
"What is the duration in weeks per semester?","semester_duration","Each semester lasts approximately 16 to 18 weeks."
"How many weeks are there in one semester?","semester_duration","Each semester lasts approximately 16 to 18 weeks."
"Is the semester duration fixed?","semester_duration","Each semester lasts approximately 16 to 18 weeks."
"What is the estimated duration of a semester?","semester_duration","Each semester lasts approximately 16 to 18 weeks."
"How many total credit hours are required for BS Political Science?","total_credit_hours","Students must complete 132 credit hours to earn the BS Political Science degree."
"What is the credit hour requirement for BS Political Science?","total_credit_hours","Students must complete 132 credit hours to earn the BS Political Science degree."
"How many credits are needed for BS Political Science?","total_credit_hours","Students must complete 132 credit hours to earn the BS Political Science degree."
"Is the total credit hour count 132 for BS Political Science?","total_credit_hours","Students must complete 132 credit hours to earn the BS Political Science degree."
"What is the minimum credit hours for the Political Science degree?","total_credit_hours","Students must complete 132 credit hours to earn the BS Political Science degree."
"How many total credit hours are in the BS Political Science program?","total_credit_hours","Students must complete 132 credit hours to earn the BS Political Science degree."
"Do students need 132 credit hours to get the degree?","total_credit_hours","Students must complete 132 credit hours to earn the BS Political Science degree."
"What is the credit hour total for the Political Science degree?","total_credit_hours","Students must complete 132 credit hours to earn the BS Political Science degree."
"What are the requirements for credit hours in BS Political Science?","total_credit_hours","Students must complete 132 credit hours to earn the BS Political Science degree."
"How many credit hours are required to graduate from BS Political Science?","total_credit_hours","Students must complete 132 credit hours to earn the BS Political Science degree."
"Is the credit hour requirement for Political Science 132?","total_credit_hours","Students must complete 132 credit hours to earn the BS Political Science degree."
"How many total credit hours are required for the degree?","total_credit_hours","Students must complete 132 credit hours to earn the BS Political Science degree."
"What is the total credit hour load?","total_credit_hours","Students must complete 132 credit hours to earn the BS Political Science degree."
"Do I need 132 CH to complete BS Political Science?","total_credit_hours","Students must complete 132 credit hours to earn the BS Political Science degree."
"What is the number of credit hours for the Political Science program?","total_credit_hours","Students must complete 132 credit hours to earn the BS Political Science degree."
"What types of courses are included in the program?","course_structure","The program includes compulsory general core major and elective courses."
"Which courses are part of the program?","course_structure","The program includes compulsory general core major and elective courses."
"What subjects does the program include?","course_structure","The program includes compulsory general core major and elective courses."
"What kinds of courses are offered in this program?","course_structure","The program includes compulsory general core major and elective courses."
"Does the program have elective courses?","course_structure","The program includes compulsory general core major and elective courses."
"Are there core courses in the program?","course_structure","The program includes compulsory general core major and elective courses."
"What is the structure of courses in the program?","course_structure","The program includes compulsory general core major and elective courses."
"Which types of subjects are studied in the program?","course_structure","The program includes compulsory general core major and elective courses."
"Are general courses included in the program?","course_structure","The program includes compulsory general core major and elective courses."
"What academic courses does the program include?","course_structure","The program includes compulsory general core major and elective courses."
"Does the program include major courses?","course_structure","The program includes compulsory general core major and elective courses."
"Are compulsory courses offered in the program?","course_structure","The program includes compulsory general core major and elective courses."
"Which electives are part of the program?","course_structure","The program includes compulsory general core major and elective courses."
"Does the program combine core and elective subjects?","course_structure","The program includes compulsory general core major and elective courses."
"What is the course composition in the program?","course_structure","The program includes compulsory general core major and elective courses."
"How many courses do students study in one semester?","semester_course_load","Students typically study 5 to 6 courses per semester."
"What is the typical number of courses per semester?","semester_course_load","Students typically study 5 to 6 courses per semester."
"How many subjects are taken each semester?","semester_course_load","Students typically study 5 to 6 courses per semester."
"What is the semester course load?","semester_course_load","Students typically study 5 to 6 courses per semester."
"Do students take 5 or 6 courses each semester?","semester_course_load","Students typically study 5 to 6 courses per semester."
"What is the standard number of courses per semester?","semester_course_load","Students typically study 5 to 6 courses per semester."
"How many classes are scheduled per semester?","semester_course_load","Students typically study 5 to 6 courses per semester."
"What is the average course count each semester?","semester_course_load","Students typically study 5 to 6 courses per semester."
"Are students enrolled in 5 to 6 courses per semester?","semester_course_load","Students typically study 5 to 6 courses per semester."
"How many subjects are taken by students in one semester?","semester_course_load","Students typically study 5 to 6 courses per semester."
"How many courses do students handle per semester?","semester_course_load","Students typically study 5 to 6 courses per semester."
"On average, how many courses per semester?","semester_course_load","Students typically study 5 to 6 courses per semester."
"How many classes are studied in a semester?","semester_course_load","Students typically study 5 to 6 courses per semester."
"What is the semester academic load?","semester_course_load","Students typically study 5 to 6 courses per semester."
"Do students study multiple courses each semester?","semester_course_load","Students typically study 5 to 6 courses per semester."
"What is the average credit load per semester?","semester_credit_load","The semester workload ranges between 15 and 18 credit hours."
"How many credit hours are studied per semester?","semester_credit_load","The semester workload ranges between 15 and 18 credit hours."
"What is the normal semester credit load?","semester_credit_load","The semester workload ranges between 15 and 18 credit hours."
"How many credits do students take per semester?","semester_credit_load","The semester workload ranges between 15 and 18 credit hours."
"What is the standard number of credit hours per semester?","semester_credit_load","The semester workload ranges between 15 and 18 credit hours."
"What is the credit requirement for each semester?","semester_credit_load","The semester workload ranges between 15 and 18 credit hours."
"How many credits are in a typical semester?","semester_credit_load","The semester workload ranges between 15 and 18 credit hours."
"What is the semester academic credit load?","semester_credit_load","The semester workload ranges between 15 and 18 credit hours."
"Do students take 15 to 18 credits each semester?","semester_credit_load","The semester workload ranges between 15 and 18 credit hours."
"How many credits do students complete each semester?","semester_credit_load","The semester workload ranges between 15 and 18 credit hours."
"What is the credit hour range per semester?","semester_credit_load","The semester workload ranges between 15 and 18 credit hours."
"How many credit hours make up a semester?","semester_credit_load","The semester workload ranges between 15 and 18 credit hours."
"What is the average semester workload in credits?","semester_credit_load","The semester workload ranges between 15 and 18 credit hours."
"How many credits are typical per semester?","semester_credit_load","The semester workload ranges between 15 and 18 credit hours."
"What is the usual credit load per semester?","semester_credit_load","The semester workload ranges between 15 and 18 credit hours."
"What is the mission of the Political Science department?","department_mission","The mission is to align Political Science education with international standards and modern academic needs."
"What is the purpose of Political Science department?","department_mission","The mission is to align Political Science education with international standards and modern academic needs."
"What goals does the Political Science department have?","department_mission","The mission is to align Political Science education with international standards and modern academic needs."
"Why was the Political Science department established?","department_mission","The mission is to align Political Science education with international standards and modern academic needs."
"What does the Political Science department aim to achieve?","department_mission","The mission is to align Political Science education with international standards and modern academic needs."
"What is the vision of the Political Science department?","department_mission","The mission is to align Political Science education with international standards and modern academic needs."
"What objectives guide Political Science department?","department_mission","The mission is to align Political Science education with international standards and modern academic needs."
"What does Political Science department focus on?","department_mission","The mission is to align Political Science education with international standards and modern academic needs."
"What is the key purpose of the Political Science department?","department_mission","The mission is to align Political Science education with international standards and modern academic needs."
"What is the aim of Political Science department?","department_mission","The mission is to align Political Science education with international standards and modern academic needs."
"Which objectives drive Political Science department?","department_mission","The mission is to align Political Science education with international standards and modern academic needs."
"What mission statement guides Political Science department?","department_mission","The mission is to align Political Science education with international standards and modern academic needs."
"Why is Political Science department important?","department_mission","The mission is to align Political Science education with international standards and modern academic needs."
"What is the departmental goal in Political Science?","department_mission","The mission is to align Political Science education with international standards and modern academic needs."
"What is the aim of the Political Science program?","department_mission","The mission is to align Political Science education with international standards and modern academic needs."
"What academic focus does the program emphasize?","academic_focus","The program emphasizes political theory governance international relations and research skills."
"What are the main subjects of the Political Science program?","academic_focus","The program emphasizes political theory governance international relations and research skills."
"What areas does the Political Science curriculum cover?","academic_focus","The program emphasizes political theory governance international relations and research skills."
"What disciplines are included in Political Science program?","academic_focus","The program emphasizes political theory governance international relations and research skills."
"What topics are highlighted in the Political Science program?","academic_focus","The program emphasizes political theory governance international relations and research skills."
"What key skills are emphasized in Political Science?","academic_focus","The program emphasizes political theory governance international relations and research skills."
"Which knowledge areas are prioritized in the program?","academic_focus","The program emphasizes political theory governance international relations and research skills."
"What is the educational focus of Political Science program?","academic_focus","The program emphasizes political theory governance international relations and research skills."
"Which competencies are developed in Political Science program?","academic_focus","The program emphasizes political theory governance international relations and research skills."
"What theoretical areas are emphasized in Political Science?","academic_focus","The program emphasizes political theory governance international relations and research skills."
"What topics are studied in Political Science program?","academic_focus","The program emphasizes political theory governance international relations and research skills."
"What are the major areas of Political Science program?","academic_focus","The program emphasizes political theory governance international relations and research skills."
"Which research skills are taught in Political Science?","academic_focus","The program emphasizes political theory governance international relations and research skills."
"What is the core focus of Political Science program?","academic_focus","The program emphasizes political theory governance international relations and research skills."
"What knowledge does Political Science program emphasize?","academic_focus","The program emphasizes political theory governance international relations and research skills."
"How many Assistant Professors are in the department?","faculty_assistant_professors","The department has three Assistant Professors."
"How many faculty members are Assistant Professors?","faculty_assistant_professors","The department has three Assistant Professors."
"Number of Assistant Professors in the department?","faculty_assistant_professors","The department has three Assistant Professors."
"What is the count of Assistant Professors?","faculty_assistant_professors","The department has three Assistant Professors."
"How many teaching staff are Assistant Professors?","faculty_assistant_professors","The department has three Assistant Professors."
"How many assistant-level faculty members are there?","faculty_assistant_professors","The department has three Assistant Professors."
"How many APs are in Political Science department?","faculty_assistant_professors","The department has three Assistant Professors."
"Assistant Professors total number?","faculty_assistant_professors","The department has three Assistant Professors."
"How many junior professors are in the department?","faculty_assistant_professors","The department has three Assistant Professors."
"Number of assistant faculty members?","faculty_assistant_professors","The department has three Assistant Professors."
"What is the total assistant professor count?","faculty_assistant_professors","The department has three Assistant Professors."
"How many assistant lecturers are in the department?","faculty_assistant_professors","The department has three Assistant Professors."
"How many APs are on faculty?","faculty_assistant_professors","The department has three Assistant Professors."
"Assistant Professors in department?","faculty_assistant_professors","The department has three Assistant Professors."
"How many teaching staff at assistant level?","faculty_assistant_professors","The department has three Assistant Professors."
"How many Lecturers are part of the Political Science faculty?","faculty_lecturers","The department includes five Lecturers."
"What is the number of Lecturers in Political Science?","faculty_lecturers","The department includes five Lecturers."
"Are there five Lecturers in the Political Science department?","faculty_lecturers","The department includes five Lecturers."
"How many full-time Lecturers are in Political Science?","faculty_lecturers","The department includes five Lecturers."
"What is the total count of Lecturers in the department?","faculty_lecturers","The department includes five Lecturers."
"Does the Political Science faculty have five Lecturers?","faculty_lecturers","The department includes five Lecturers."
"How many teaching staff members are Lecturers in Political Science?","faculty_lecturers","The department includes five Lecturers."
"Is the number of Lecturers 5?","faculty_lecturers","The department includes five Lecturers."
"How many Lecturers teach Political Science?","faculty_lecturers","The department includes five Lecturers."
"What is the strength of Lecturers in the Political Science department?","faculty_lecturers","The department includes five Lecturers."
"Is there a total of five Lecturers?","faculty_lecturers","The department includes five Lecturers."
"What is the Lecturer count in the faculty?","faculty_lecturers","The department includes five Lecturers."
"How many faculty members are Lecturers?","faculty_lecturers","The department includes five Lecturers."
"Does the faculty consist of five Lecturers?","faculty_lecturers","The department includes five Lecturers."
"What is the number of Lecturers in the department?","faculty_lecturers","The department includes five Lecturers."
"How many students were enrolled in Spring 2022?","student_enrollment","In Spring 2022 the department enrolled 133 BS students."
"What was the enrollment in Spring 2022?","student_enrollment","In Spring 2022 the department enrolled 133 BS students."
"How many BS students were enrolled in Spring 2022?","student_enrollment","In Spring 2022 the department enrolled 133 BS students."
"Was the enrollment 133 students in Spring 2022?","student_enrollment","In Spring 2022 the department enrolled 133 BS students."
"What is the student count for Spring 2022?","student_enrollment","In Spring 2022 the department enrolled 133 BS students."
"How many students did the department enroll in Spring 2022?","student_enrollment","In Spring 2022 the department enrolled 133 BS students."
"What was the BS student enrollment for Spring 2022?","student_enrollment","In Spring 2022 the department enrolled 133 BS students."
"What is the number of enrolled students in Spring 2022?","student_enrollment","In Spring 2022 the department enrolled 133 BS students."
"Did the department enroll 133 students in Spring 2022?","student_enrollment","In Spring 2022 the department enrolled 133 BS students."
"How many students are in the BS program as of Spring 2022?","student_enrollment","In Spring 2022 the department enrolled 133 BS students."
"What were the enrollment figures for Spring 2022?","student_enrollment","In Spring 2022 the department enrolled 133 BS students."
"What is the student enrollment in the Political Science BS program?","student_enrollment","In Spring 2022 the department enrolled 133 BS students."
"How many total students were there in Spring 2022?","student_enrollment","In Spring 2022 the department enrolled 133 BS students."
"What is the number of students enrolled in the department?","student_enrollment","In Spring 2022 the department enrolled 133 BS students."
"What was the total enrollment in Spring 2022?","student_enrollment","In Spring 2022 the department enrolled 133 BS students."
"What is the student-teacher ratio in the department?","student_teacher_ratio","The approximate student-teacher ratio is 16 to 1."
"What is the ratio of students to teachers?","student_teacher_ratio","The approximate student-teacher ratio is 16 to 1."
"Is the student-teacher ratio about 16 to 1?","student_teacher_ratio","The approximate student-teacher ratio is 16 to 1."
"What is the approximate student-teacher ratio?","student_teacher_ratio","The approximate student-teacher ratio is 16 to 1."
"How many students are there per teacher?","student_teacher_ratio","The approximate student-teacher ratio is 16 to 1."
"What is the teacher-student ratio?","student_teacher_ratio","The approximate student-teacher ratio is 16 to 1."
"Is the ratio 16:1?","student_teacher_ratio","The approximate student-teacher ratio is 16 to 1."
"What is the ratio of enrolled students to faculty?","student_teacher_ratio","The approximate student-teacher ratio is 16 to 1."
"How many students per faculty member?","student_teacher_ratio","The approximate student-teacher ratio is 16 to 1."
"Is the student-faculty ratio 16:1?","student_teacher_ratio","The approximate student-teacher ratio is 16 to 1."
"What is the ratio in the Political Science department?","student_teacher_ratio","The approximate student-teacher ratio is 16 to 1."
"How many students are there for every one teacher?","student_teacher_ratio","The approximate student-teacher ratio is 16 to 1."
"What is the student-teacher ratio in Political Science?","student_teacher_ratio","The approximate student-teacher ratio is 16 to 1."
"Is the ratio of students to faculty members 16 to 1?","student_teacher_ratio","The approximate student-teacher ratio is 16 to 1."
"What is the approximate ratio?","student_teacher_ratio","The approximate student-teacher ratio is 16 to 1."
"How many students are admitted each year to BS Political Science?","annual_intake","Forty students are admitted in each fall intake."
"What is the annual intake for BS Political Science?","annual_intake","Forty students are admitted in each fall intake."
"How many students are admitted in the fall intake?","annual_intake","Forty students are admitted in each fall intake."
"What is the number of students admitted each year?","annual_intake","Forty students are admitted in each fall intake."
"Does the department admit 40 students each year?","annual_intake","Forty students are admitted in each fall intake."
"What is the size of the annual cohort for Political Science?","annual_intake","Forty students are admitted in each fall intake."
"How many students are enrolled annually in BS Political Science?","annual_intake","Forty students are admitted in each fall intake."
"Is the intake limited to 40 students per year?","annual_intake","Forty students are admitted in each fall intake."
"How many students are admitted in the yearly intake?","annual_intake","Forty students are admitted in each fall intake."
"What is the maximum number of students admitted each year?","annual_intake","Forty students are admitted in each fall intake."
"Does the program admit students in the fall?","annual_intake","Forty students are admitted in each fall intake."
"What is the capacity for new BS Political Science students?","annual_intake","Forty students are admitted in each fall intake."
"How many new students join each year?","annual_intake","Forty students are admitted in each fall intake."
"Is the annual admission count 40?","annual_intake","Forty students are admitted in each fall intake."
"What is the number of students admitted per intake?","annual_intake","Forty students are admitted in each fall intake."
"What learning outcomes does the program aim to achieve?","learning_outcomes","The program aims to develop analytical critical thinking and problem-solving skills."
"What skills does the Political Science program develop?","learning_outcomes","The program aims to develop analytical critical thinking and problem-solving skills."
"Does the program aim for critical thinking skills?","learning_outcomes","The program aims to develop analytical critical thinking and problem-solving skills."
"What are the intended learning outcomes?","learning_outcomes","The program aims to develop analytical critical thinking and problem-solving skills."
"Does the program develop problem-solving skills?","learning_outcomes","The program aims to develop analytical critical thinking and problem-solving skills."
"What are the main skills developed in BS Political Science?","learning_outcomes","The program aims to develop analytical critical thinking and problem-solving skills."
"Does the program focus on analytical skills?","learning_outcomes","The program aims to develop analytical critical thinking and problem-solving skills."
"What are the goals of the Political Science program in terms of skills?","learning_outcomes","The program aims to develop analytical critical thinking and problem-solving skills."
"Does the curriculum focus on critical thinking?","learning_outcomes","The program aims to develop analytical critical thinking and problem-solving skills."
"What are the learning objectives of the Political Science degree?","learning_outcomes","The program aims to develop analytical critical thinking and problem-solving skills."
"Are analytical and critical thinking skills developed?","learning_outcomes","The program aims to develop analytical critical thinking and problem-solving skills."
"What competencies are developed in the Political Science program?","learning_outcomes","The program aims to develop analytical critical thinking and problem-solving skills."
"Does the program aim to develop problem solving ability?","learning_outcomes","The program aims to develop analytical critical thinking and problem-solving skills."
"What are the desired skills for Political Science graduates?","learning_outcomes","The program aims to develop analytical critical thinking and problem-solving skills."
"Does the program emphasize analytical skills?","learning_outcomes","The program aims to develop analytical critical thinking and problem-solving skills."
"Does the program prepare students for higher studies?","higher_education_preparation","Yes the program prepares students for Masters MPhil and PhD studies."
"Does BS Political Science lead to higher education?","higher_education_preparation","Yes the program prepares students for Masters MPhil and PhD studies."
"Is the program a preparation for MPhil and PhD?","higher_education_preparation","Yes the program prepares students for Masters MPhil and PhD studies."
"Can I pursue Masters after BS Political Science?","higher_education_preparation","Yes the program prepares students for Masters MPhil and PhD studies."
"Does the degree allow for MPhil studies?","higher_education_preparation","Yes the program prepares students for Masters MPhil and PhD studies."
"Is the program a stepping stone for PhD studies?","higher_education_preparation","Yes the program prepares students for Masters MPhil and PhD studies."
"What is the role of the program in terms of further education?","higher_education_preparation","Yes the program prepares students for Masters MPhil and PhD studies."
"Does the program provide a foundation for Masters?","higher_education_preparation","Yes the program prepares students for Masters MPhil and PhD studies."
"Is the BS Political Science degree suitable for higher degrees?","higher_education_preparation","Yes the program prepares students for Masters MPhil and PhD studies."
"What are the higher education options after BS Political Science?","higher_education_preparation","Yes the program prepares students for Masters MPhil and PhD studies."
"Does the degree equip students for post-graduate studies?","higher_education_preparation","Yes the program prepares students for Masters MPhil and PhD studies."
"Can I go directly to MPhil or PhD after BS Political Science?","higher_education_preparation","Yes the program prepares students for Masters MPhil and PhD studies."
"Is the program adequate preparation for a PhD?","higher_education_preparation","Yes the program prepares students for Masters MPhil and PhD studies."
"Does the program facilitate higher studies?","higher_education_preparation","Yes the program prepares students for Masters MPhil and PhD studies."
"What are the study continuation options after the program?","higher_education_preparation","Yes the program prepares students for Masters MPhil and PhD studies."
"What research opportunities are available to students?","research_opportunities","Students engage in research projects assignments and thesis work."
"Do Political Science students have research opportunities?","research_opportunities","Students engage in research projects assignments and thesis work."
"What kind of research work is available?","research_opportunities","Students engage in research projects assignments and thesis work."
"Can students do research projects?","research_opportunities","Students engage in research projects assignments and thesis work."
"Does the program include thesis work?","research_opportunities","Students engage in research projects assignments and thesis work."
"Are there research assignments in the Political Science program?","research_opportunities","Students engage in research projects assignments and thesis work."
"What are the research components of the degree?","research_opportunities","Students engage in research projects assignments and thesis work."
"Do students engage in research in Political Science?","research_opportunities","Students engage in research projects assignments and thesis work."
"What kind of research is done by students?","research_opportunities","Students engage in research projects assignments and thesis work."
"Are there opportunities for students to conduct research?","research_opportunities","Students engage in research projects assignments and thesis work."
"Does the curriculum involve assignments focused on research?","research_opportunities","Students engage in research projects assignments and thesis work."
"Can I do a research thesis in Political Science?","research_opportunities","Students engage in research projects assignments and thesis work."
"What research activities are available for students?","research_opportunities","Students engage in research projects assignments and thesis work."
"Are there any practical research experiences for students?","research_opportunities","Students engage in research projects assignments and thesis work."
"Do Political Science students have to do a thesis?","research_opportunities","Students engage in research projects assignments and thesis work."
"What achievements has the Political Science department made?","department_achievements","The department is known for research output faculty publications and successful graduates."
"What is the Political Science department known for?","department_achievements","The department is known for research output faculty publications and successful graduates."
"Has the Political Science department achieved success?","department_achievements","The department is known for research output faculty publications and successful graduates."
"Is the department recognized for its research output?","department_achievements","The department is known for research output faculty publications and successful graduates."
"Does the Political Science faculty publish research?","department_achievements","The department is known for research output faculty publications and successful graduates."
"What makes the Political Science department reputable?","department_achievements","The department is known for research output faculty publications and successful graduates."
"Are the graduates of Political Science successful?","department_achievements","The department is known for research output faculty publications and successful graduates."
"What are the notable accomplishments of the Political Science department?","department_achievements","The department is known for research output faculty publications and successful graduates."
"Is the department recognized for faculty publications?","department_achievements","The department is known for research output faculty publications and successful graduates."
"What is the research and publication record of the Political Science department?","department_achievements","The department is known for research output faculty publications and successful graduates."
"What is the status of Political Science graduates?","department_achievements","The department is known for research output faculty publications and successful graduates."
"What are the achievements of the Political Science department?","department_achievements","The department is known for research output faculty publications and successful graduates."
"What are the key achievements of the department?","department_achievements","The department is known for research output faculty publications and successful graduates."
"Is the department successful in producing research?","department_achievements","The department is known for research output faculty publications and successful graduates."
"Are there successful students graduating from Political Science?","department_achievements","The department is known for research output faculty publications and successful graduates."
"What career paths do Political Science graduates follow?","career_paths","Graduates work in government services education judiciary academia and NGOs."
"Where do Political Science graduates get jobs?","career_paths","Graduates work in government services education judiciary academia and NGOs."
"Can Political Science graduates work in the judiciary?","career_paths","Graduates work in government services education judiciary academia and NGOs."
"What job opportunities are there in government services?","career_paths","Graduates work in government services education judiciary academia and NGOs."
"Are there careers in NGOs for Political Science graduates?","career_paths","Graduates work in government services education judiciary academia and NGOs."
"What sectors employ Political Science graduates?","career_paths","Graduates work in government services education judiciary academia and NGOs."
"Can I work in academia with a Political Science degree?","career_paths","Graduates work in government services education judiciary academia and NGOs."
"What are the professional fields for Political Science graduates?","career_paths","Graduates work in government services education judiciary academia and NGOs."
"Is the education sector a career path for Political Science graduates?","career_paths","Graduates work in government services education judiciary academia and NGOs."
"What kind of jobs can I get with a Political Science degree?","career_paths","Graduates work in government services education judiciary academia and NGOs."
"Do Political Science graduates work in public service?","career_paths","Graduates work in government services education judiciary academia and NGOs."
"What are the career options after BS Political Science?","career_paths","Graduates work in government services education judiciary academia and NGOs."
"Can graduates work in non-governmental organizations?","career_paths","Graduates work in government services education judiciary academia and NGOs."
"What are the employment sectors for Political Science graduates?","career_paths","Graduates work in government services education judiciary academia and NGOs."
"Do Political Science graduates enter the judiciary?","career_paths","Graduates work in government services education judiciary academia and NGOs."
"What is the main aim of the Pashto department?","pashto_department_aim","The Pashto department aims to promote Pashto language literature and cultural heritage."
"What is the objective of the Pashto department?","pashto_department_aim","The Pashto department aims to promote Pashto language literature and cultural heritage."
"Does the Pashto department promote cultural heritage?","pashto_department_aim","The Pashto department aims to promote Pashto language literature and cultural heritage."
"What is the goal of the Pashto department?","pashto_department_aim","The Pashto department aims to promote Pashto language literature and cultural heritage."
"Does the department focus on Pashto language and literature?","pashto_department_aim","The Pashto department aims to promote Pashto language literature and cultural heritage."
"What is the core aim of the Pashto department?","pashto_department_aim","The Pashto department aims to promote Pashto language literature and cultural heritage."
"Is the Pashto department concerned with cultural heritage?","pashto_department_aim","The Pashto department aims to promote Pashto language literature and cultural heritage."
"What is the mission of the Pashto department?","pashto_department_aim","The Pashto department aims to promote Pashto language literature and cultural heritage."
"Does the department promote Pashto literature?","pashto_department_aim","The Pashto department aims to promote Pashto language literature and cultural heritage."
"What does the Pashto department strive to do?","pashto_department_aim","The Pashto department aims to promote Pashto language literature and cultural heritage."
"What is the main function of the Pashto department?","pashto_department_aim","The Pashto department aims to promote Pashto language literature and cultural heritage."
"Does the Pashto department aim to promote the Pashto language?","pashto_department_aim","The Pashto department aims to promote Pashto language literature and cultural heritage."
"What is the purpose of the Pashto department's existence?","pashto_department_aim","The Pashto department aims to promote Pashto language literature and cultural heritage."
"What is the key objective of Pashto studies?","pashto_department_aim","The Pashto department aims to promote Pashto language literature and cultural heritage."
"Is the aim to promote Pashto cultural aspects?","pashto_department_aim","The Pashto department aims to promote Pashto language literature and cultural heritage."
"What kind of research does the Pashto department conduct?","pashto_research_focus","The department researches classical and modern Pashto literature and manuscripts."
"What is the research focus of the Pashto department?","pashto_research_focus","The department researches classical and modern Pashto literature and manuscripts."
"Does the Pashto department research manuscripts?","pashto_research_focus","The department researches classical and modern Pashto literature and manuscripts."
"Does the department study classical Pashto literature?","pashto_research_focus","The department researches classical and modern Pashto literature and manuscripts."
"What areas of Pashto literature are researched?","pashto_research_focus","The department researches classical and modern Pashto literature and manuscripts."
"Is the research in Pashto focused on modern literature?","pashto_research_focus","The department researches classical and modern Pashto literature and manuscripts."
"What type of research does the Pashto department engage in?","pashto_research_focus","The department researches classical and modern Pashto literature and manuscripts."
"Does the department focus on Pashto manuscripts?","pashto_research_focus","The department researches classical and modern Pashto literature and manuscripts."
"What are the research areas of the Pashto department?","pashto_research_focus","The department researches classical and modern Pashto literature and manuscripts."
"Is the research limited to classical Pashto literature?","pashto_research_focus","The department researches classical and modern Pashto literature and manuscripts."
"Does the Pashto department study literary works?","pashto_research_focus","The department researches classical and modern Pashto literature and manuscripts."
"What is the subject of research in the Pashto department?","pashto_research_focus","The department researches classical and modern Pashto literature and manuscripts."
"Does the department conduct research on both old and new Pashto literature?","pashto_research_focus","The department researches classical and modern Pashto literature and manuscripts."
"What is the research scope for the Pashto department?","pashto_research_focus","The department researches classical and modern Pashto literature and manuscripts."
"Does the research involve Pashto classical works?","pashto_research_focus","The department researches classical and modern Pashto literature and manuscripts."
"What is the primary goal of the Pakistan Studies department?","pakistan_studies_goal","The department aims to develop understanding of Pakistan’s ideology history and governance."
"What is the main objective of Pakistan Studies?","pakistan_studies_goal","The department aims to develop understanding of Pakistan’s ideology history and governance."
"Does the department aim to teach about Pakistan's history?","pakistan_studies_goal","The department aims to develop understanding of Pakistan’s ideology history and governance."
"What is the goal for understanding Pakistan's ideology?","pakistan_studies_goal","The department aims to develop understanding of Pakistan’s ideology history and governance."
"Does the Pakistan Studies department focus on governance?","pakistan_studies_goal","The department aims to develop understanding of Pakistan’s ideology history and governance."
"What is the core aim of the Pakistan Studies degree?","pakistan_studies_goal","The department aims to develop understanding of Pakistan’s ideology history and governance."
"Does the program develop understanding of Pakistan?","pakistan_studies_goal","The department aims to develop understanding of Pakistan’s ideology history and governance."
"What is the purpose of the Pakistan Studies department?","pakistan_studies_goal","The department aims to develop understanding of Pakistan’s ideology history and governance."
"Does the department focus on Pakistan's ideology?","pakistan_studies_goal","The department aims to develop understanding of Pakistan’s ideology history and governance."
"What does the Pakistan Studies program aim to achieve?","pakistan_studies_goal","The department aims to develop understanding of Pakistan’s ideology history and governance."
"Is the goal to understand Pakistan's history and governance?","pakistan_studies_goal","The department aims to develop understanding of Pakistan’s ideology history and governance."
"What is the main focus of the department?","pakistan_studies_goal","The department aims to develop understanding of Pakistan’s ideology history and governance."
"Does the department aim to increase knowledge of Pakistan?","pakistan_studies_goal","The department aims to develop understanding of Pakistan’s ideology history and governance."
"What is the primary educational goal of Pakistan Studies?","pakistan_studies_goal","The department aims to develop understanding of Pakistan’s ideology history and governance."
"Is the focus on ideology, history, and governance of Pakistan?","pakistan_studies_goal","The department aims to develop understanding of Pakistan’s ideology history and governance."
"What themes are emphasized in Pakistan Studies?","pakistan_studies_themes","Themes include constitutional development public policy human rights and nation-building."
"What topics are emphasized in Pakistan Studies?","pakistan_studies_themes","Themes include constitutional development public policy human rights and nation-building."
"Does Pakistan Studies cover public policy?","pakistan_studies_themes","Themes include constitutional development public policy human rights and nation-building."
"Are human rights a theme in Pakistan Studies?","pakistan_studies_themes","Themes include constitutional development public policy human rights and nation-building."
"What are the main themes of the Pakistan Studies program?","pakistan_studies_themes","Themes include constitutional development public policy human rights and nation-building."
"Is nation-building a theme in the studies?","pakistan_studies_themes","Themes include constitutional development public policy human rights and nation-building."
"Does the program cover constitutional development?","pakistan_studies_themes","Themes include constitutional development public policy human rights and nation-building."
"What is the subject matter of Pakistan Studies?","pakistan_studies_themes","Themes include constitutional development public policy human rights and nation-building."
"Are themes of public policy and human rights included?","pakistan_studies_themes","Themes include constitutional development public policy human rights and nation-building."
"What are the key areas of study in Pakistan Studies?","pakistan_studies_themes","Themes include constitutional development public policy human rights and nation-building."
"Does the curriculum include constitutional development and public policy?","pakistan_studies_themes","Themes include constitutional development public policy human rights and nation-building."
"What is emphasized in the course content?","pakistan_studies_themes","Themes include constitutional development public policy human rights and nation-building."
"Are human rights and nation-building core themes?","pakistan_studies_themes","Themes include constitutional development public policy human rights and nation-building."
"What specific topics are covered in Pakistan Studies?","pakistan_studies_themes","Themes include constitutional development public policy human rights and nation-building."
"Does the program emphasize governance-related themes?","pakistan_studies_themes","Themes include constitutional development public policy human rights and nation-building."
"How many total courses are included in the BS Pakistan Studies program?","pakistan_studies_courses","The BS Pakistan Studies program includes 44 courses."
"What is the total number of courses for BS Pakistan Studies?","pakistan_studies_courses","The BS Pakistan Studies program includes 44 courses."
"Does the BS Pakistan Studies program have 44 courses?","pakistan_studies_courses","The BS Pakistan Studies program includes 44 courses."
"How many courses are required for the BS Pakistan Studies degree?","pakistan_studies_courses","The BS Pakistan Studies program includes 44 courses."
"What is the total course count for the degree?","pakistan_studies_courses","The BS Pakistan Studies program includes 44 courses."
"Is the number of courses 44?","pakistan_studies_courses","The BS Pakistan Studies program includes 44 courses."
"How many courses does the Pakistan Studies program consist of?","pakistan_studies_courses","The BS Pakistan Studies program includes 44 courses."
"What is the curriculum size in terms of courses?","pakistan_studies_courses","The BS Pakistan Studies program includes 44 courses."
"Is the total number of courses for BS Pakistan Studies 44?","pakistan_studies_courses","The BS Pakistan Studies program includes 44 courses."
"How many different courses are in the BS Pakistan Studies program?","pakistan_studies_courses","The BS Pakistan Studies program includes 44 courses."
"What is the course load for the Pakistan Studies degree?","pakistan_studies_courses","The BS Pakistan Studies program includes 44 courses."
"Are there 44 total courses in the program?","pakistan_studies_courses","The BS Pakistan Studies program includes 44 courses."
"What is the total count of courses for the degree?","pakistan_studies_courses","The BS Pakistan Studies program includes 44 courses."
"How many classes do I take for BS Pakistan Studies?","pakistan_studies_courses","The BS Pakistan Studies program includes 44 courses."
"Is the required course number 44?","pakistan_studies_courses","The BS Pakistan Studies program includes 44 courses."
"What is required to complete a BS degree successfully?","degree_requirements","Students must complete coursework maintain a CGPA of 2.00 and meet examination requirements."
"What are the requirements for a successful BS degree?","degree_requirements","Students must complete coursework maintain a CGPA of 2.00 and meet examination requirements."
"Do I need a minimum CGPA for the BS degree?","degree_requirements","Students must complete coursework maintain a CGPA of 2.00 and meet examination requirements."
"What is the minimum CGPA to graduate with a BS degree?","degree_requirements","Students must complete coursework maintain a CGPA of 2.00 and meet examination requirements."
"What are the graduation requirements for the BS program?","degree_requirements","Students must complete coursework maintain a CGPA of 2.00 and meet examination requirements."
"Are there examination requirements for a BS degree?","degree_requirements","Students must complete coursework maintain a CGPA of 2.00 and meet examination requirements."
"How do I successfully finish a BS degree?","degree_requirements","Students must complete coursework maintain a CGPA of 2.00 and meet examination requirements."
"What is the required CGPA for a BS degree?","degree_requirements","Students must complete coursework maintain a CGPA of 2.00 and meet examination requirements."
"What academic requirements must be met for a BS degree?","degree_requirements","Students must complete coursework maintain a CGPA of 2.00 and meet examination requirements."
"Is a CGPA of 2.00 necessary for graduation?","degree_requirements","Students must complete coursework maintain a CGPA of 2.00 and meet examination requirements."
"Are there requirements besides coursework for the BS degree?","degree_requirements","Students must complete coursework maintain a CGPA of 2.00 and meet examination requirements."
"What is the standard to pass the BS degree?","degree_requirements","Students must complete coursework maintain a CGPA of 2.00 and meet examination requirements."
"What are the final requirements for the BS program?","degree_requirements","Students must complete coursework maintain a CGPA of 2.00 and meet examination requirements."
"Do I need to complete all coursework for the BS degree?","degree_requirements","Students must complete coursework maintain a CGPA of 2.00 and meet examination requirements."
"What are the basic requirements for a BS degree?","degree_requirements","Students must complete coursework maintain a CGPA of 2.00 and meet examination requirements."
"How many departments does GPGC Mansehra have?","number_of_departments","GPGC Mansehra has a total of 15 academic departments."
"What is the total number of departments at GPGC Mansehra?","number_of_departments","GPGC Mansehra has a total of 15 academic departments."
"Is the number of academic departments 15?","number_of_departments","GPGC Mansehra has a total of 15 academic departments."
"How many academic departments are there?","number_of_departments","GPGC Mansehra has a total of 15 academic departments."
"Does GPGC Mansehra have 15 departments?","number_of_departments","GPGC Mansehra has a total of 15 academic departments."
"What is the count of departments at the college?","number_of_departments","GPGC Mansehra has a total of 15 academic departments."
"How many departments does the college consist of?","number_of_departments","GPGC Mansehra has a total of 15 academic departments."
"What is the total number of academic departments?","number_of_departments","GPGC Mansehra has a total of 15 academic departments."
"Is there a total of 15 departments?","number_of_departments","GPGC Mansehra has a total of 15 academic departments."
"How many faculties does GPGC Mansehra have?","number_of_departments","GPGC Mansehra has a total of 15 academic departments."
"What is the departmental strength of GPGC Mansehra?","number_of_departments","GPGC Mansehra has a total of 15 academic departments."
"Are there 15 departments in the college?","number_of_departments","GPGC Mansehra has a total of 15 academic departments."
"What is the organizational size in terms of departments?","number_of_departments","GPGC Mansehra has a total of 15 academic departments."
"How many academic units are there?","number_of_departments","GPGC Mansehra has a total of 15 academic departments."
"What is the exact number of departments?","number_of_departments","GPGC Mansehra has a total of 15 academic departments."
"What is the mission of the Urdu department at GPGC Mansehra?","urdu_department_mission","The mission of the Urdu department is to develop critical inquiry and analytical vision in students and help them understand their social cultural political and ideological environment."
"What is the goal of the Urdu department?","urdu_department_mission","The mission of the Urdu department is to develop critical inquiry and analytical vision in students and help them understand their social cultural political and ideological environment."
"Does the Urdu department aim to develop analytical vision?","urdu_department_mission","The mission of the Urdu department is to develop critical inquiry and analytical vision in students and help them understand their social cultural political and ideological environment."
"What does the Urdu department want students to understand?","urdu_department_mission","The mission of the Urdu department is to develop critical inquiry and analytical vision in students and help them understand their social cultural political and ideological environment."
"What is the department's mission regarding the ideological environment?","urdu_department_mission","The mission of the Urdu department is to develop critical inquiry and analytical vision in students and help them understand their social cultural political and ideological environment."
"Does the Urdu department focus on critical inquiry?","urdu_department_mission","The mission of the Urdu department is to develop critical inquiry and analytical vision in students and help them understand their social cultural political and ideological environment."
"What is the mission statement of the Urdu department?","urdu_department_mission","The mission of the Urdu department is to develop critical inquiry and analytical vision in students and help them understand their social cultural political and ideological environment."
"How does the Urdu department help students understand their environment?","urdu_department_mission","The mission of the Urdu department is to develop critical inquiry and analytical vision in students and help them understand their social cultural political and ideological environment."
"What is the objective of the Urdu department?","urdu_department_mission","The mission of the Urdu department is to develop critical inquiry and analytical vision in students and help them understand their social cultural political and ideological environment."
"Does the department aim to enhance analytical vision?","urdu_department_mission","The mission of the Urdu department is to develop critical inquiry and analytical vision in students and help them understand their social cultural political and ideological environment."
"What is the Urdu department's aim for student understanding?","urdu_department_mission","The mission of the Urdu department is to develop critical inquiry and analytical vision in students and help them understand their social cultural political and ideological environment."
"Does the mission include understanding the social and cultural environment?","urdu_department_mission","The mission of the Urdu department is to develop critical inquiry and analytical vision in students and help them understand their social cultural political and ideological environment."
"What does the Urdu department aim to develop in students?","urdu_department_mission","The mission of the Urdu department is to develop critical inquiry and analytical vision in students and help them understand their social cultural political and ideological environment."
"Is the mission to develop critical thinking?","urdu_department_mission","The mission of the Urdu department is to develop critical inquiry and analytical vision in students and help them understand their social cultural political and ideological environment."
"What is the core purpose of the Urdu department?","urdu_department_mission","The mission of the Urdu department is to develop critical inquiry and analytical vision in students and help them understand their social cultural political and ideological environment."
"How does the Urdu department aim to shape students?","student_development","The department aims to sensitize aestheticize and humanize students to become leaders of positive change."
"How does the Urdu department aim to develop students?","student_development","The department aims to sensitize aestheticize and humanize students to become leaders of positive change."
"Does the department aim to humanize students?","student_development","The department aims to sensitize aestheticize and humanize students to become leaders of positive change."
"What kind of change leaders does the Urdu department aim to produce?","student_development","The department aims to sensitize aestheticize and humanize students to become leaders of positive change."
"Does the department aim to sensitize and aestheticize students?","student_development","The department aims to sensitize aestheticize and humanize students to become leaders of positive change."
"What is the department's goal for student development?","student_development","The department aims to sensitize aestheticize and humanize students to become leaders of positive change."
"How does the Urdu department plan to create positive change leaders?","student_development","The department aims to sensitize aestheticize and humanize students to become leaders of positive change."
"What are the development goals for students in the Urdu department?","student_development","The department aims to sensitize aestheticize and humanize students to become leaders of positive change."
"Is the aim to make students leaders of positive change?","student_development","The department aims to sensitize aestheticize and humanize students to become leaders of positive change."
"How does the department aim to mold students?","student_development","The department aims to sensitize aestheticize and humanize students to become leaders of positive change."
"What are the qualities the Urdu department seeks to instill?","student_development","The department aims to sensitize aestheticize and humanize students to become leaders of positive change."
"Does the department want to create humanized leaders?","student_development","The department aims to sensitize aestheticize and humanize students to become leaders of positive change."
"What is the department's vision for student leadership?","student_development","The department aims to sensitize aestheticize and humanize students to become leaders of positive change."
"How does the Urdu department contribute to student growth?","student_development","The department aims to sensitize aestheticize and humanize students to become leaders of positive change."
"Is the aim to make students more sensitive and aesthetic?","student_development","The department aims to sensitize aestheticize and humanize students to become leaders of positive change."
"How is literature viewed in the Urdu department?","literature_perspective","Literature is treated as an intellectual discipline rather than only a leisure activity."
"What is the perspective on literature in the Urdu department?","literature_perspective","Literature is treated as an intellectual discipline rather than only a leisure activity."
"Is literature treated as an intellectual discipline?","literature_perspective","Literature is treated as an intellectual discipline rather than only a leisure activity."
"Is literature considered a leisure activity?","literature_perspective","Literature is treated as an intellectual discipline rather than only a leisure activity."
"What is the Urdu department's view on literature?","literature_perspective","Literature is treated as an intellectual discipline rather than only a leisure activity."
"Is literature only for leisure in the department?","literature_perspective","Literature is treated as an intellectual discipline rather than only a leisure activity."
"How does the department approach the study of literature?","literature_perspective","Literature is treated as an intellectual discipline rather than only a leisure activity."
"Is literature studied as an intellectual pursuit?","literature_perspective","Literature is treated as an intellectual discipline rather than only a leisure activity."
"Does the department view literature seriously?","literature_perspective","Literature is treated as an intellectual discipline rather than only a leisure activity."
"What is the academic treatment of literature?","literature_perspective","Literature is treated as an intellectual discipline rather than only a leisure activity."
"Is the focus on literature as an intellectual discipline?","literature_perspective","Literature is treated as an intellectual discipline rather than only a leisure activity."
"How is the study of literature prioritized?","literature_perspective","Literature is treated as an intellectual discipline rather than only a leisure activity."
"Is literature a serious subject in the Urdu department?","literature_perspective","Literature is treated as an intellectual discipline rather than only a leisure activity."
"What is the departmental stance on literature?","literature_perspective","Literature is treated as an intellectual discipline rather than only a leisure activity."
"Is literature more than leisure activity?","literature_perspective","Literature is treated as an intellectual discipline rather than only a leisure activity."
"What skills does the Urdu department emphasize?","critical_skills","The department emphasizes critical thinking analytical ability and intellectual engagement with literature."
"What skills are focused on in the Urdu department?","critical_skills","The department emphasizes critical thinking analytical ability and intellectual engagement with literature."
"Does the Urdu department emphasize critical thinking?","critical_skills","The department emphasizes critical thinking analytical ability and intellectual engagement with literature."
"Is analytical ability a key skill in Urdu?","critical_skills","The department emphasizes critical thinking analytical ability and intellectual engagement with literature."
"What is the department's emphasis regarding skills?","critical_skills","The department emphasizes critical thinking analytical ability and intellectual engagement with literature."
"Does the department focus on intellectual engagement with literature?","critical_skills","The department emphasizes critical thinking analytical ability and intellectual engagement with literature."
"What skills are taught in the Urdu department?","critical_skills","The department emphasizes critical thinking analytical ability and intellectual engagement with literature."
"Does the department prioritize critical thinking skills?","critical_skills","The department emphasizes critical thinking analytical ability and intellectual engagement with literature."
"Are analytical skills emphasized in the Urdu program?","critical_skills","The department emphasizes critical thinking analytical ability and intellectual engagement with literature."
"What is the focus on intellectual engagement?","critical_skills","The department emphasizes critical thinking analytical ability and intellectual engagement with literature."
"Are the core skills analytical and critical?","critical_skills","The department emphasizes critical thinking analytical ability and intellectual engagement with literature."
"What are the main skills developed in the Urdu department?","critical_skills","The department emphasizes critical thinking analytical ability and intellectual engagement with literature."
"Does the program teach analytical ability?","critical_skills","The department emphasizes critical thinking analytical ability and intellectual engagement with literature."
"What kind of engagement with literature is emphasized?","critical_skills","The department emphasizes critical thinking analytical ability and intellectual engagement with literature."
"Is the emphasis on critical thinking and analytical ability?","critical_skills","The department emphasizes critical thinking analytical ability and intellectual engagement with literature."
"What is the primary objective of the Urdu department?","urdu_objective_primary","The primary objective is to impart both knowledge and wisdom through the study of literature."
"What is the main goal of the Urdu department?","urdu_objective_primary","The primary objective is to impart both knowledge and wisdom through the study of literature."
"Does the Urdu department aim to impart wisdom?","urdu_objective_primary","The primary objective is to impart both knowledge and wisdom through the study of literature."
"What is the key objective of the Urdu department?","urdu_objective_primary","The primary objective is to impart both knowledge and wisdom through the study of literature."
"Does the department impart knowledge through literature?","urdu_objective_primary","The primary objective is to impart both knowledge and wisdom through the study of literature."
"What is the primary purpose of the Urdu department?","urdu_objective_primary","The primary objective is to impart both knowledge and wisdom through the study of literature."
"Does the study of literature in Urdu aim for wisdom?","urdu_objective_primary","The primary objective is to impart both knowledge and wisdom through the study of literature."
"What is the main objective of Urdu studies?","urdu_objective_primary","The primary objective is to impart both knowledge and wisdom through the study of literature."
"What does the Urdu department strive to impart?","urdu_objective_primary","The primary objective is to impart both knowledge and wisdom through the study of literature."
"Is the objective knowledge and wisdom?","urdu_objective_primary","The primary objective is to impart both knowledge and wisdom through the study of literature."
"What is the core objective of the Urdu department?","urdu_objective_primary","The primary objective is to impart both knowledge and wisdom through the study of literature."
"Does the department aim to give both knowledge and wisdom?","urdu_objective_primary","The primary objective is to impart both knowledge and wisdom through the study of literature."
"What is the primary function of the Urdu department?","urdu_objective_primary","The primary objective is to impart both knowledge and wisdom through the study of literature."
"Does the Urdu department focus on wisdom?","urdu_objective_primary","The primary objective is to impart both knowledge and wisdom through the study of literature."
"What does the department teach through literature?","urdu_objective_primary","The primary objective is to impart both knowledge and wisdom through the study of literature."
"Does the Urdu department promote critical thinking?","critical_thinking_yes","Yes the department promotes thinking for the pursuit of truth rather than mere criticism."
"Does the department encourage thinking for the pursuit of truth?","critical_thinking_yes","Yes the department promotes thinking for the pursuit of truth rather than mere criticism."
"Is critical thinking encouraged in the Urdu department?","critical_thinking_yes","Yes the department promotes thinking for the pursuit of truth rather than mere criticism."
"Does the department focus on thinking for truth?","critical_thinking_yes","Yes the department promotes thinking for the pursuit of truth rather than mere criticism."
"Is the focus on mere criticism?","critical_thinking_yes","Yes the department promotes thinking for the pursuit of truth rather than mere criticism."
"What kind of thinking is promoted in the Urdu department?","critical_thinking_yes","Yes the department promotes thinking for the pursuit of truth rather than mere criticism."
"Is the promotion of thinking limited to criticism?","critical_thinking_yes","Yes the department promotes thinking for the pursuit of truth rather than mere criticism."
"Does the Urdu department promote thinking?","critical_thinking_yes","Yes the department promotes thinking for the pursuit of truth rather than mere criticism."
"What is the department's approach to critical thinking?","critical_thinking_yes","Yes the department promotes thinking for the pursuit of truth rather than mere criticism."
"Does the department teach thinking for truth?","critical_thinking_yes","Yes the department promotes thinking for the pursuit of truth rather than mere criticism."
"Is the department against mere criticism?","critical_thinking_yes","Yes the department promotes thinking for the pursuit of truth rather than mere criticism."
"What is the aim of promoting thinking in Urdu?","critical_thinking_yes","Yes the department promotes thinking for the pursuit of truth rather than mere criticism."
"Does the Urdu department promote intellectual thinking?","critical_thinking_yes","Yes the department promotes thinking for the pursuit of truth rather than mere criticism."
"Is the emphasis on truth in critical thinking?","critical_thinking_yes","Yes the department promotes thinking for the pursuit of truth rather than mere criticism."
"Does the department discourage mere criticism?","critical_thinking_yes","Yes the department promotes thinking for the pursuit of truth rather than mere criticism."
"How does the Urdu department address moral education?","moral_education","The department teaches moral principles through literature to help students understand ethical behavior."
"Does the Urdu department teach moral principles?","moral_education","The department teaches moral principles through literature to help students understand ethical behavior."
"How is ethical behavior taught in the Urdu department?","moral_education","The department teaches moral principles through literature to help students understand ethical behavior."
"Does the department provide moral education?","moral_education","The department teaches moral principles through literature to help students understand ethical behavior."
"What role does literature play in moral education?","moral_education","The department teaches moral principles through literature to help students understand ethical behavior."
"Does the program help students understand ethical behavior?","moral_education","The department teaches moral principles through literature to help students understand ethical behavior."
"What are the moral aspects taught in the Urdu department?","moral_education","The department teaches moral principles through literature to help students understand ethical behavior."
"How does the Urdu department incorporate ethics?","moral_education","The department teaches moral principles through literature to help students understand ethical behavior."
"Does the study of literature include moral principles?","moral_education","The department teaches moral principles through literature to help students understand ethical behavior."
"What is the department's approach to ethical education?","moral_education","The department teaches moral principles through literature to help students understand ethical behavior."
"Does the department teach ethics through literature?","moral_education","The department teaches moral principles through literature to help students understand ethical behavior."
"How does the Urdu department foster ethical behavior?","moral_education","The department teaches moral principles through literature to help students understand ethical behavior."
"Is moral education a component of the Urdu department?","moral_education","The department teaches moral principles through literature to help students understand ethical behavior."
"What does the department teach about morality?","moral_education","The department teaches moral principles through literature to help students understand ethical behavior."
"Are moral principles part of the Urdu curriculum?","moral_education","The department teaches moral principles through literature to help students understand ethical behavior."
"What role does Urdu play as a national language in the department?","national_language_focus","The department provides academic services for understanding and promoting the national language Urdu."
"What is the focus on Urdu as a national language?","national_language_focus","The department provides academic services for understanding and promoting the national language Urdu."
"Does the department promote the national language Urdu?","national_language_focus","The department provides academic services for understanding and promoting the national language Urdu."
"What services does the department provide for the national language?","national_language_focus","The department provides academic services for understanding and promoting the national language Urdu."
"Is the department involved in promoting Urdu?","national_language_focus","The department provides academic services for understanding and promoting the national language Urdu."
"What is the role of the Urdu department in relation to the national language?","national_language_focus","The department provides academic services for understanding and promoting the national language Urdu."
"Does the department help in understanding Urdu as a national language?","national_language_focus","The department provides academic services for understanding and promoting the national language Urdu."
"What academic services are provided for Urdu?","national_language_focus","The department provides academic services for understanding and promoting the national language Urdu."
"Is the department focused on the national language?","national_language_focus","The department provides academic services for understanding and promoting the national language Urdu."
"What is the department's contribution to Urdu as a national language?","national_language_focus","The department provides academic services for understanding and promoting the national language Urdu."
"Does the Urdu department offer services for the national language?","national_language_focus","The department provides academic services for understanding and promoting the national language Urdu."
"What is the department's role in understanding the national language?","national_language_focus","The department provides academic services for understanding and promoting the national language Urdu."
"Does the department offer services to promote Urdu?","national_language_focus","The department provides academic services for understanding and promoting the national language Urdu."
"How does the department support the national language?","national_language_focus","The department provides academic services for understanding and promoting the national language Urdu."
"What is the departmental focus on Urdu as a national language?","national_language_focus","The department provides academic services for understanding and promoting the national language Urdu."
"What degree program is offered by the Urdu department?","degree_program_offered","The department offers a four year Bachelor of Science in Urdu program."
"Which degree is offered in Urdu?","degree_program_offered","The department offers a four year Bachelor of Science in Urdu program."
"Is the degree a Bachelor of Science in Urdu?","degree_program_offered","The department offers a four year Bachelor of Science in Urdu program."
"What is the undergraduate degree in Urdu?","degree_program_offered","The department offers a four year Bachelor of Science in Urdu program."
"Is the Urdu program a four-year degree?","degree_program_offered","The department offers a four year Bachelor of Science in Urdu program."
"What is the name of the degree offered by the Urdu department?","degree_program_offered","The department offers a four year Bachelor of Science in Urdu program."
"Does the department offer a BS in Urdu?","degree_program_offered","The department offers a four year Bachelor of Science in Urdu program."
"What is the duration and name of the Urdu degree?","degree_program_offered","The department offers a four year Bachelor of Science in Urdu program."
"Is there a Bachelor of Science program for Urdu?","degree_program_offered","The department offers a four year Bachelor of Science in Urdu program."
"What kind of degree program is offered?","degree_program_offered","The department offers a four year Bachelor of Science in Urdu program."
"What is the degree program in the Urdu department?","degree_program_offered","The department offers a four year Bachelor of Science in Urdu program."
"Is the Urdu program a BS degree?","degree_program_offered","The department offers a four year Bachelor of Science in Urdu program."
"What is the main degree offered by the department?","degree_program_offered","The department offers a four year Bachelor of Science in Urdu program."
"Is the Urdu degree four years long?","degree_program_offered","The department offers a four year Bachelor of Science in Urdu program."
"Does the department offer a Bachelor's degree in Urdu?","degree_program_offered","The department offers a four year Bachelor of Science in Urdu program."
"What is the duration of BS Urdu?","bs_urdu_duration","The BS Urdu program has a duration of four years."
"How long is the BS Urdu program?","bs_urdu_duration","The BS Urdu program has a duration of four years."
"Is BS Urdu a four-year degree?","bs_urdu_duration","The BS Urdu program has a duration of four years."
"How many years does the BS Urdu program take?","bs_urdu_duration","The BS Urdu program has a duration of four years."
"What is the length of the Urdu degree?","bs_urdu_duration","The BS Urdu program has a duration of four years."
"Does the BS Urdu program span four years?","bs_urdu_duration","The BS Urdu program has a duration of four years."
"How much time is required for BS Urdu?","bs_urdu_duration","The BS Urdu program has a duration of four years."
"What is the time period for the BS Urdu degree?","bs_urdu_duration","The BS Urdu program has a duration of four years."
"Is the duration of the Urdu program 4 years?","bs_urdu_duration","The BS Urdu program has a duration of four years."
"How many years of study for BS Urdu?","bs_urdu_duration","The BS Urdu program has a duration of four years."
"What is the required duration for the BS Urdu program?","bs_urdu_duration","The BS Urdu program has a duration of four years."
"Does the Urdu degree last four years?","bs_urdu_duration","The BS Urdu program has a duration of four years."
"What is the academic duration of BS Urdu?","bs_urdu_duration","The BS Urdu program has a duration of four years."
"Is the BS Urdu program four years in length?","bs_urdu_duration","The BS Urdu program has a duration of four years."
"How long is the Urdu BS program?","bs_urdu_duration","The BS Urdu program has a duration of four years."
"How many semesters are included in BS Urdu?","bs_urdu_semesters","The BS Urdu program consists of eight semesters."
"How many semesters does the BS Urdu program have?","bs_urdu_semesters","The BS Urdu program consists of eight semesters."
"Is BS Urdu an eight-semester program?","bs_urdu_semesters","The BS Urdu program consists of eight semesters."
"What is the total number of semesters in BS Urdu?","bs_urdu_semesters","The BS Urdu program consists of eight semesters."
"How many semesters are there in the Urdu degree?","bs_urdu_semesters","The BS Urdu program consists of eight semesters."
"Does the BS Urdu program consist of 8 semesters?","bs_urdu_semesters","The BS Urdu program consists of eight semesters."
"What is the semester count for BS Urdu?","bs_urdu_semesters","The BS Urdu program consists of eight semesters."
"How many semesters are required for the BS Urdu degree?","bs_urdu_semesters","The BS Urdu program consists of eight semesters."
"Is the Urdu degree spread over eight semesters?","bs_urdu_semesters","The BS Urdu program consists of eight semesters."
"What is the semester structure of BS Urdu?","bs_urdu_semesters","The BS Urdu program consists of eight semesters."
"How many semesters are needed to complete BS Urdu?","bs_urdu_semesters","The BS Urdu program consists of eight semesters."
"Does the four-year program have eight semesters?","bs_urdu_semesters","The BS Urdu program consists of eight semesters."
"What is the count of semesters in the Urdu program?","bs_urdu_semesters","The BS Urdu program consists of eight semesters."
"Is the semester number 8 for BS Urdu?","bs_urdu_semesters","The BS Urdu program consists of eight semesters."
"How many academic sessions are there?","bs_urdu_semesters","The BS Urdu program consists of eight semesters."
"How many credit hours are required for BS Urdu?","bs_urdu_credit_hours","The BS Urdu program requires more than 130 credit hours."
"What is the total credit hour requirement for BS Urdu?","bs_urdu_credit_hours","The BS Urdu program requires more than 130 credit hours."
"How many credits are needed for BS Urdu?","bs_urdu_credit_hours","The BS Urdu program requires more than 130 credit hours."
"Is the credit hour requirement for BS Urdu more than 130?","bs_urdu_credit_hours","The BS Urdu program requires more than 130 credit hours."
"What is the minimum credit hours for the BS Urdu degree?","bs_urdu_credit_hours","The BS Urdu program requires more than 130 credit hours."
"How many total credit hours are in the BS Urdu program?","bs_urdu_credit_hours","The BS Urdu program requires more than 130 credit hours."
"Do students need more than 130 credit hours to graduate?","bs_urdu_credit_hours","The BS Urdu program requires more than 130 credit hours."
"What is the credit hour total for the Urdu degree?","bs_urdu_credit_hours","The BS Urdu program requires more than 130 credit hours."
"What are the requirements for credit hours in BS Urdu?","bs_urdu_credit_hours","The BS Urdu program requires more than 130 credit hours."
"How many credit hours are required to complete BS Urdu?","bs_urdu_credit_hours","The BS Urdu program requires more than 130 credit hours."
"Is the credit hour requirement for Urdu more than 130?","bs_urdu_credit_hours","The BS Urdu program requires more than 130 credit hours."
"What is the total credit hour load for the BS Urdu degree?","bs_urdu_credit_hours","The BS Urdu program requires more than 130 credit hours."
"Do I need over 130 credits to complete the Urdu degree?","bs_urdu_credit_hours","The BS Urdu program requires more than 130 credit hours."
"What is the number of credit hours for the Urdu program?","bs_urdu_credit_hours","The BS Urdu program requires more than 130 credit hours."
"Is the required credit hour count greater than 130?","bs_urdu_credit_hours","The BS Urdu program requires more than 130 credit hours."
"What is the eligibility for admission to BS Urdu?","bs_urdu_eligibility","Eligibility for BS Urdu is FA FSc or equivalent qualification."
"What are the admission requirements for BS Urdu?","bs_urdu_eligibility","Eligibility for BS Urdu is FA FSc or equivalent qualification."
"Is an FA degree required for BS Urdu?","bs_urdu_eligibility","Eligibility for BS Urdu is FA FSc or equivalent qualification."
"Can I apply for BS Urdu with an FSc?","bs_urdu_eligibility","Eligibility for BS Urdu is FA FSc or equivalent qualification."
"What is the prerequisite qualification for BS Urdu?","bs_urdu_eligibility","Eligibility for BS Urdu is FA FSc or equivalent qualification."
"Is an equivalent qualification accepted for BS Urdu?","bs_urdu_eligibility","Eligibility for BS Urdu is FA FSc or equivalent qualification."
"Who is eligible to apply for the BS Urdu program?","bs_urdu_eligibility","Eligibility for BS Urdu is FA FSc or equivalent qualification."
"What minimum qualification is needed for BS Urdu?","bs_urdu_eligibility","Eligibility for BS Urdu is FA FSc or equivalent qualification."
"Is an FSc qualification mandatory for Urdu admission?","bs_urdu_eligibility","Eligibility for BS Urdu is FA FSc or equivalent qualification."
"What background is required for the BS Urdu degree?","bs_urdu_eligibility","Eligibility for BS Urdu is FA FSc or equivalent qualification."
"Can students with FA apply for the BS Urdu program?","bs_urdu_eligibility","Eligibility for BS Urdu is FA FSc or equivalent qualification."
"What is the entry qualification for BS Urdu?","bs_urdu_eligibility","Eligibility for BS Urdu is FA FSc or equivalent qualification."
"Are FA or FSc students eligible for BS Urdu?","bs_urdu_eligibility","Eligibility for BS Urdu is FA FSc or equivalent qualification."
"Is an intermediate degree needed for BS Urdu?","bs_urdu_eligibility","Eligibility for BS Urdu is FA FSc or equivalent qualification."
"What are the qualifying degrees for BS Urdu?","bs_urdu_eligibility","Eligibility for BS Urdu is FA FSc or equivalent qualification."
"Is BS Urdu equivalent to MA Urdu?","degree_equivalence","Yes BS Urdu is equivalent to MA Urdu and represents 16 years of education."
"Does BS Urdu equal MA Urdu?","degree_equivalence","Yes BS Urdu is equivalent to MA Urdu and represents 16 years of education."
"Is BS Urdu considered a 16-year degree?","degree_equivalence","Yes BS Urdu is equivalent to MA Urdu and represents 16 years of education."
"What is the equivalency of BS Urdu?","degree_equivalence","Yes BS Urdu is equivalent to MA Urdu and represents 16 years of education."
"Does the BS Urdu degree represent 16 years of education?","degree_equivalence","Yes BS Urdu is equivalent to MA Urdu and represents 16 years of education."
"Are MA Urdu and BS Urdu equivalent?","degree_equivalence","Yes BS Urdu is equivalent to MA Urdu and represents 16 years of education."
"How many years of education is BS Urdu?","degree_equivalence","Yes BS Urdu is equivalent to MA Urdu and represents 16 years of education."
"Is the BS Urdu degree at the Masters level?","degree_equivalence","Yes BS Urdu is equivalent to MA Urdu and represents 16 years of education."
"What is the status of BS Urdu compared to MA Urdu?","degree_equivalence","Yes BS Urdu is equivalent to MA Urdu and represents 16 years of education."
"Is a BS in Urdu the same as an MA in Urdu?","degree_equivalence","Yes BS Urdu is equivalent to MA Urdu and represents 16 years of education."
"Is 16 years of education represented by the BS Urdu degree?","degree_equivalence","Yes BS Urdu is equivalent to MA Urdu and represents 16 years of education."
"What is the level of education for BS Urdu?","degree_equivalence","Yes BS Urdu is equivalent to MA Urdu and represents 16 years of education."
"Are the two degrees considered equivalent?","degree_equivalence","Yes BS Urdu is equivalent to MA Urdu and represents 16 years of education."
"Does BS Urdu replace MA Urdu?","degree_equivalence","Yes BS Urdu is equivalent to MA Urdu and represents 16 years of education."
"Is the BS Urdu degree equivalent to a Masters degree?","degree_equivalence","Yes BS Urdu is equivalent to MA Urdu and represents 16 years of education."
"Which compulsory subjects are required at intermediate humanities level?","intermediate_humanities_compulsory","Compulsory subjects include English Urdu Islamic Education in Part I and Pakistan Studies in Part II."
"What are the compulsory subjects for intermediate humanities?","intermediate_humanities_compulsory","Compulsory subjects include English Urdu Islamic Education in Part I and Pakistan Studies in Part II."
"Are English and Urdu compulsory for intermediate humanities?","intermediate_humanities_compulsory","Compulsory subjects include English Urdu Islamic Education in Part I and Pakistan Studies in Part II."
"Which subjects are compulsory in Part I of intermediate humanities?","intermediate_humanities_compulsory","Compulsory subjects include English Urdu Islamic Education in Part I and Pakistan Studies in Part II."
"Is Pakistan Studies compulsory in Part II for humanities?","intermediate_humanities_compulsory","Compulsory subjects include English Urdu Islamic Education in Part I and Pakistan Studies in Part II."
"What subjects are mandatory for intermediate humanities students?","intermediate_humanities_compulsory","Compulsory subjects include English Urdu Islamic Education in Part I and Pakistan Studies in Part II."
"Are Islamic Education and Pakistan Studies compulsory?","intermediate_humanities_compulsory","Compulsory subjects include English Urdu Islamic Education in Part I and Pakistan Studies in Part II."
"What are the required compulsory subjects for humanities group?","intermediate_humanities_compulsory","Compulsory subjects include English Urdu Islamic Education in Part I and Pakistan Studies in Part II."
"Is Islamic Education a compulsory subject in Part I?","intermediate_humanities_compulsory","Compulsory subjects include English Urdu Islamic Education in Part I and Pakistan Studies in Part II."
"What subjects are compulsory for F.A. students?","intermediate_humanities_compulsory","Compulsory subjects include English Urdu Islamic Education in Part I and Pakistan Studies in Part II."
"Are there compulsory subjects in intermediate Part I and Part II for humanities?","intermediate_humanities_compulsory","Compulsory subjects include English Urdu Islamic Education in Part I and Pakistan Studies in Part II."
"What are the required subjects in intermediate humanities?","intermediate_humanities_compulsory","Compulsory subjects include English Urdu Islamic Education in Part I and Pakistan Studies in Part II."
"Are English and Urdu mandatory for humanities?","intermediate_humanities_compulsory","Compulsory subjects include English Urdu Islamic Education in Part I and Pakistan Studies in Part II."
"What subjects are compulsory at intermediate level for humanities?","intermediate_humanities_compulsory","Compulsory subjects include English Urdu Islamic Education in Part I and Pakistan Studies in Part II."
"Is Pakistan Studies a compulsory subject?","intermediate_humanities_compulsory","Compulsory subjects include English Urdu Islamic Education in Part I and Pakistan Studies in Part II."
"Which optional subjects are allowed in humanities group?","humanities_optional_subjects","Optional subjects include Islamiyat HPE Urdu Advance Civics History and Economics."
"What are the optional subjects for intermediate humanities?","humanities_optional_subjects","Optional subjects include Islamiyat HPE Urdu Advance Civics History and Economics."
"Can I take Islamiyat as an optional subject in humanities?","humanities_optional_subjects","Optional subjects include Islamiyat HPE Urdu Advance Civics History and Economics."
"Are Economics and History optional subjects?","humanities_optional_subjects","Optional subjects include Islamiyat HPE Urdu Advance Civics History and Economics."
"Which optional subjects are available in the humanities group?","humanities_optional_subjects","Optional subjects include Islamiyat HPE Urdu Advance Civics History and Economics."
"Can I choose Urdu Advance in the humanities group?","humanities_optional_subjects","Optional subjects include Islamiyat HPE Urdu Advance Civics History and Economics."
"What is HPE in the optional subjects list?","humanities_optional_subjects","Optional subjects include Islamiyat HPE Urdu Advance Civics History and Economics."
"Are Civics and History optional for humanities students?","humanities_optional_subjects","Optional subjects include Islamiyat HPE Urdu Advance Civics History and Economics."
"What are the optional subjects I can select?","humanities_optional_subjects","Optional subjects include Islamiyat HPE Urdu Advance Civics History and Economics."
"Can I select Civics as an optional subject?","humanities_optional_subjects","Optional subjects include Islamiyat HPE Urdu Advance Civics History and Economics."
"Which optional subjects are allowed for F.A. students?","humanities_optional_subjects","Optional subjects include Islamiyat HPE Urdu Advance Civics History and Economics."
"What are the non-compulsory subjects for humanities?","humanities_optional_subjects","Optional subjects include Islamiyat HPE Urdu Advance Civics History and Economics."
"Are optional subjects Islamiyat and HPE available?","humanities_optional_subjects","Optional subjects include Islamiyat HPE Urdu Advance Civics History and Economics."
"What optional subjects are offered in the humanities group?","humanities_optional_subjects","Optional subjects include Islamiyat HPE Urdu Advance Civics History and Economics."
"Which subjects are optional for intermediate humanities students?","humanities_optional_subjects","Optional subjects include Islamiyat HPE Urdu Advance Civics History and Economics."
"Which compulsory subjects are required at intermediate science level?","intermediate_science_compulsory","Compulsory subjects include English Urdu Islamic Education in Part I and Pakistan Studies in Part II."
"What are the compulsory subjects for intermediate science?","intermediate_science_compulsory","Compulsory subjects include English Urdu Islamic Education in Part I and Pakistan Studies in Part II."
"Are English and Urdu compulsory for intermediate science?","intermediate_science_compulsory","Compulsory subjects include English Urdu Islamic Education in Part I and Pakistan Studies in Part II."
"Which subjects are compulsory in Part I of intermediate science?","intermediate_science_compulsory","Compulsory subjects include English Urdu Islamic Education in Part I and Pakistan Studies in Part II."
"Is Pakistan Studies compulsory in Part II for science students?","intermediate_science_compulsory","Compulsory subjects include English Urdu Islamic Education in Part I and Pakistan Studies in Part II."
"What subjects are mandatory for intermediate science students?","intermediate_science_compulsory","Compulsory subjects include English Urdu Islamic Education in Part I and Pakistan Studies in Part II."
"Are Islamic Education and Pakistan Studies compulsory for science?","intermediate_science_compulsory","Compulsory subjects include English Urdu Islamic Education in Part I and Pakistan Studies in Part II."
"What are the required compulsory subjects for the science group?","intermediate_science_compulsory","Compulsory subjects include English Urdu Islamic Education in Part I and Pakistan Studies in Part II."
"Is Islamic Education a compulsory subject in intermediate Part I for science?","intermediate_science_compulsory","Compulsory subjects include English Urdu Islamic Education in Part I and Pakistan Studies in Part II."
"What subjects are compulsory for F.Sc. students?","intermediate_science_compulsory","Compulsory subjects include English Urdu Islamic Education in Part I and Pakistan Studies in Part II."
"Are there compulsory subjects in intermediate Part I and Part II for science?","intermediate_science_compulsory","Compulsory subjects include English Urdu Islamic Education in Part I and Pakistan Studies in Part II."
"What are the required subjects in intermediate science?","intermediate_science_compulsory","Compulsory subjects include English Urdu Islamic Education in Part I and Pakistan Studies in Part II."
"Are English and Urdu mandatory for science students?","intermediate_science_compulsory","Compulsory subjects include English Urdu Islamic Education in Part I and Pakistan Studies in Part II."
"What subjects are compulsory at intermediate level for science?","intermediate_science_compulsory","Compulsory subjects include English Urdu Islamic Education in Part I and Pakistan Studies in Part II."
"Is Islamic Education a compulsory subject for intermediate science?","intermediate_science_compulsory","Compulsory subjects include English Urdu Islamic Education in Part I and Pakistan Studies in Part II."
"What science groups are accepted for BS Urdu admission?","science_groups_accepted","Accepted groups include Pre Engineering Pre Medical and Computer Science groups."
"Which science groups are eligible for BS Urdu?","science_groups_accepted","Accepted groups include Pre Engineering Pre Medical and Computer Science groups."
"Can Pre Engineering students apply for BS Urdu?","science_groups_accepted","Accepted groups include Pre Engineering Pre Medical and Computer Science groups."
"Are Pre Medical students accepted for BS Urdu admission?","science_groups_accepted","Accepted groups include Pre Engineering Pre Medical and Computer Science groups."
"Is the Computer Science group accepted for BS Urdu?","science_groups_accepted","Accepted groups include Pre Engineering Pre Medical and Computer Science groups."
"What intermediate science groups are accepted?","science_groups_accepted","Accepted groups include Pre Engineering Pre Medical and Computer Science groups."
"Are all science groups accepted for BS Urdu?","science_groups_accepted","Accepted groups include Pre Engineering Pre Medical and Computer Science groups."
"Which science streams are eligible for admission?","science_groups_accepted","Accepted groups include Pre Engineering Pre Medical and Computer Science groups."
"Can Computer Science students apply for the Urdu program?","science_groups_accepted","Accepted groups include Pre Engineering Pre Medical and Computer Science groups."
"What science groups meet the eligibility criteria?","science_groups_accepted","Accepted groups include Pre Engineering Pre Medical and Computer Science groups."
"Are Pre Engineering and Pre Medical groups accepted?","science_groups_accepted","Accepted groups include Pre Engineering Pre Medical and Computer Science groups."
"What are the accepted science groups for admission to BS Urdu?","science_groups_accepted","Accepted groups include Pre Engineering Pre Medical and Computer Science groups."
"Which F.Sc. groups are eligible for BS Urdu?","science_groups_accepted","Accepted groups include Pre Engineering Pre Medical and Computer Science groups."
"Are these three science groups the accepted ones?","science_groups_accepted","Accepted groups include Pre Engineering Pre Medical and Computer Science groups."
"Which subjects are included in the Pre Engineering group?","pre_engineering_subjects","The Pre Engineering group includes Physics Chemistry and Mathematics."
"What subjects are in the Pre Engineering group?","pre_engineering_subjects","The Pre Engineering group includes Physics Chemistry and Mathematics."
"Does Pre Engineering include Physics and Chemistry?","pre_engineering_subjects","The Pre Engineering group includes Physics Chemistry and Mathematics."
"Is Mathematics part of the Pre Engineering group?","pre_engineering_subjects","The Pre Engineering group includes Physics Chemistry and Mathematics."
"What are the main subjects in the Pre Engineering stream?","pre_engineering_subjects","The Pre Engineering group includes Physics Chemistry and Mathematics."
"Are Physics, Chemistry, and Math the Pre Engineering subjects?","pre_engineering_subjects","The Pre Engineering group includes Physics Chemistry and Mathematics."
"What subjects define the Pre Engineering group?","pre_engineering_subjects","The Pre Engineering group includes Physics Chemistry and Mathematics."
"Which three subjects are in Pre Engineering?","pre_engineering_subjects","The Pre Engineering group includes Physics Chemistry and Mathematics."
"Is Physics a subject in the Pre Engineering group?","pre_engineering_subjects","The Pre Engineering group includes Physics Chemistry and Mathematics."
"What is the combination of subjects for Pre Engineering?","pre_engineering_subjects","The Pre Engineering group includes Physics Chemistry and Mathematics."
"Does the Pre Engineering group include these three subjects?","pre_engineering_subjects","The Pre Engineering group includes Physics Chemistry and Mathematics."
"What are the core subjects of Pre Engineering?","pre_engineering_subjects","The Pre Engineering group includes Physics Chemistry and Mathematics."
"Are Mathematics and Physics in the Pre Engineering group?","pre_engineering_subjects","The Pre Engineering group includes Physics Chemistry and Mathematics."
"What subjects are included in the FSc Pre Engineering group?","pre_engineering_subjects","The Pre Engineering group includes Physics Chemistry and Mathematics."
"Is Chemistry a subject in Pre Engineering?","pre_engineering_subjects","The Pre Engineering group includes Physics Chemistry and Mathematics."
"Which subjects are included in the Pre Medical group?","pre_medical_subjects","The Pre Medical group includes Physics Chemistry and Biology."
"What subjects are in the Pre Medical group?","pre_medical_subjects","The Pre Medical group includes Physics Chemistry and Biology."
"Does Pre Medical include Physics and Chemistry?","pre_medical_subjects","The Pre Medical group includes Physics Chemistry and Biology."
"Is Biology part of the Pre Medical group?","pre_medical_subjects","The Pre Medical group includes Physics Chemistry and Biology."
"What are the main subjects in the Pre Medical stream?","pre_medical_subjects","The Pre Medical group includes Physics Chemistry and Biology."
"Are Physics, Chemistry, and Biology the Pre Medical subjects?","pre_medical_subjects","The Pre Medical group includes Physics Chemistry and Biology."
"What subjects define the Pre Medical group?","pre_medical_subjects","The Pre Medical group includes Physics Chemistry and Biology."
"Which three subjects are in Pre Medical?","pre_medical_subjects","The Pre Medical group includes Physics Chemistry and Biology."
"Is Physics a subject in the Pre Medical group?","pre_medical_subjects","The Pre Medical group includes Physics Chemistry and Biology."
"What is the combination of subjects for Pre Medical?","pre_medical_subjects","The Pre Medical group includes Physics Chemistry and Biology."
"Does the Pre Medical group include these three subjects?","pre_medical_subjects","The Pre Medical group includes Physics Chemistry and Biology."
"What are the core subjects of Pre Medical?","pre_medical_subjects","The Pre Medical group includes Physics Chemistry and Biology."
"Are Biology and Chemistry in the Pre Medical group?","pre_medical_subjects","The Pre Medical group includes Physics Chemistry and Biology."
"What subjects are included in the FSc Pre Medical group?","pre_medical_subjects","The Pre Medical group includes Physics Chemistry and Biology."
"Is Chemistry a subject in Pre Medical?","pre_medical_subjects","The Pre Medical group includes Physics Chemistry and Biology."
"Is BS Urdu equivalent to MA Urdu?","degree_equivalence","Yes BS Urdu is equivalent to MA Urdu and represents 16 years of education."
"Does BS Urdu equal MA Urdu?","degree_equivalence","Yes BS Urdu is equivalent to MA Urdu and represents 16 years of education."
"Is BS Urdu considered a 16-year degree?","degree_equivalence","Yes BS Urdu is equivalent to MA Urdu and represents 16 years of education."
"What is the equivalency of BS Urdu?","degree_equivalence","Yes BS Urdu is equivalent to MA Urdu and represents 16 years of education."
"Does the BS Urdu degree represent 16 years of education?","degree_equivalence","Yes BS Urdu is equivalent to MA Urdu and represents 16 years of education."
"Are MA Urdu and BS Urdu equivalent?","degree_equivalence","Yes BS Urdu is equivalent to MA Urdu and represents 16 years of education."
"How many years of education is BS Urdu?","degree_equivalence","Yes BS Urdu is equivalent to MA Urdu and represents 16 years of education."
"Is the BS Urdu degree at the Masters level?","degree_equivalence","Yes BS Urdu is equivalent to MA Urdu and represents 16 years of education."
"What is the status of BS Urdu compared to MA Urdu?","degree_equivalence","Yes BS Urdu is equivalent to MA Urdu and represents 16 years of education."
"Is a BS in Urdu the same as an MA in Urdu?","degree_equivalence","Yes BS Urdu is equivalent to MA Urdu and represents 16 years of education."
"Is 16 years of education represented by the BS Urdu degree?","degree_equivalence","Yes BS Urdu is equivalent to MA Urdu and represents 16 years of education."
"What is the level of education for BS Urdu?","degree_equivalence","Yes BS Urdu is equivalent to MA Urdu and represents 16 years of education."
"Are the two degrees considered equivalent?","degree_equivalence","Yes BS Urdu is equivalent to MA Urdu and represents 16 years of education."
"Does BS Urdu replace MA Urdu?","degree_equivalence","Yes BS Urdu is equivalent to MA Urdu and represents 16 years of education."
"Is the BS Urdu degree equivalent to a Masters degree?","degree_equivalence","Yes BS Urdu is equivalent to MA Urdu and represents 16 years of education."
"Which compulsory subjects are required at intermediate humanities level?","intermediate_humanities_compulsory","Compulsory subjects include English Urdu Islamic Education in Part I and Pakistan Studies in Part II."
"What are the compulsory subjects for intermediate humanities?","intermediate_humanities_compulsory","Compulsory subjects include English Urdu Islamic Education in Part I and Pakistan Studies in Part II."
"Are English and Urdu compulsory for intermediate humanities?","intermediate_humanities_compulsory","Compulsory subjects include English Urdu Islamic Education in Part I and Pakistan Studies in Part II."
"Which subjects are compulsory in Part I of intermediate humanities?","intermediate_humanities_compulsory","Compulsory subjects include English Urdu Islamic Education in Part I and Pakistan Studies in Part II."
"Is Pakistan Studies compulsory in Part II for humanities?","intermediate_humanities_compulsory","Compulsory subjects include English Urdu Islamic Education in Part I and Pakistan Studies in Part II."
"What subjects are mandatory for intermediate humanities students?","intermediate_humanities_compulsory","Compulsory subjects include English Urdu Islamic Education in Part I and Pakistan Studies in Part II."
"Are Islamic Education and Pakistan Studies compulsory?","intermediate_humanities_compulsory","Compulsory subjects include English Urdu Islamic Education in Part I and Pakistan Studies in Part II."
"What are the required compulsory subjects for humanities group?","intermediate_humanities_compulsory","Compulsory subjects include English Urdu Islamic Education in Part I and Pakistan Studies in Part II."
"Is Islamic Education a compulsory subject in Part I?","intermediate_humanities_compulsory","Compulsory subjects include English Urdu Islamic Education in Part I and Pakistan Studies in Part II."
"What subjects are compulsory for F.A. students?","intermediate_humanities_compulsory","Compulsory subjects include English Urdu Islamic Education in Part I and Pakistan Studies in Part II."
"Are there compulsory subjects in intermediate Part I and Part II for humanities?","intermediate_humanities_compulsory","Compulsory subjects include English Urdu Islamic Education in Part I and Pakistan Studies in Part II."
"What are the required subjects in intermediate humanities?","intermediate_humanities_compulsory","Compulsory subjects include English Urdu Islamic Education in Part I and Pakistan Studies in Part II."
"Are English and Urdu mandatory for humanities?","intermediate_humanities_compulsory","Compulsory subjects include English Urdu Islamic Education in Part I and Pakistan Studies in Part II."
"What subjects are compulsory at intermediate level for humanities?","intermediate_humanities_compulsory","Compulsory subjects include English Urdu Islamic Education in Part I and Pakistan Studies in Part II."
"Is Pakistan Studies a compulsory subject?","intermediate_humanities_compulsory","Compulsory subjects include English Urdu Islamic Education in Part I and Pakistan Studies in Part II."
"Which optional subjects are allowed in humanities group?","humanities_optional_subjects","Optional subjects include Islamiyat HPE Urdu Advance Civics History and Economics."
"What are the optional subjects for intermediate humanities?","humanities_optional_subjects","Optional subjects include Islamiyat HPE Urdu Advance Civics History and Economics."
"Can I take Islamiyat as an optional subject in humanities?","humanities_optional_subjects","Optional subjects include Islamiyat HPE Urdu Advance Civics History and Economics."
"Are Economics and History optional subjects?","humanities_optional_subjects","Optional subjects include Islamiyat HPE Urdu Advance Civics History and Economics."
"Which optional subjects are available in the humanities group?","humanities_optional_subjects","Optional subjects include Islamiyat HPE Urdu Advance Civics History and Economics."
"Can I choose Urdu Advance in the humanities group?","humanities_optional_subjects","Optional subjects include Islamiyat HPE Urdu Advance Civics History and Economics."
"What is HPE in the optional subjects list?","humanities_optional_subjects","Optional subjects include Islamiyat HPE Urdu Advance Civics History and Economics."
"Are Civics and History optional for humanities students?","humanities_optional_subjects","Optional subjects include Islamiyat HPE Urdu Advance Civics History and Economics."
"What are the optional subjects I can select?","humanities_optional_subjects","Optional subjects include Islamiyat HPE Urdu Advance Civics History and Economics."
"Can I select Civics as an optional subject?","humanities_optional_subjects","Optional subjects include Islamiyat HPE Urdu Advance Civics History and Economics."
"Which optional subjects are allowed for F.A. students?","humanities_optional_subjects","Optional subjects include Islamiyat HPE Urdu Advance Civics History and Economics."
"What are the non-compulsory subjects for humanities?","humanities_optional_subjects","Optional subjects include Islamiyat HPE Urdu Advance Civics History and Economics."
"Are optional subjects Islamiyat and HPE available?","humanities_optional_subjects","Optional subjects include Islamiyat HPE Urdu Advance Civics History and Economics."
"What optional subjects are offered in the humanities group?","humanities_optional_subjects","Optional subjects include Islamiyat HPE Urdu Advance Civics History and Economics."
"Which subjects are optional for intermediate humanities students?","humanities_optional_subjects","Optional subjects include Islamiyat HPE Urdu Advance Civics History and Economics."
"Which compulsory subjects are required at intermediate science level?","intermediate_science_compulsory","Compulsory subjects include English Urdu Islamic Education in Part I and Pakistan Studies in Part II."
"What are the compulsory subjects for intermediate science?","intermediate_science_compulsory","Compulsory subjects include English Urdu Islamic Education in Part I and Pakistan Studies in Part II."
"Are English and Urdu compulsory for intermediate science?","intermediate_science_compulsory","Compulsory subjects include English Urdu Islamic Education in Part I and Pakistan Studies in Part II."
"Which subjects are compulsory in Part I of intermediate science?","intermediate_science_compulsory","Compulsory subjects include English Urdu Islamic Education in Part I and Pakistan Studies in Part II."
"Is Pakistan Studies compulsory in Part II for science students?","intermediate_science_compulsory","Compulsory subjects include English Urdu Islamic Education in Part I and Pakistan Studies in Part II."
"What subjects are mandatory for intermediate science students?","intermediate_science_compulsory","Compulsory subjects include English Urdu Islamic Education in Part I and Pakistan Studies in Part II."
"Are Islamic Education and Pakistan Studies compulsory for science?","intermediate_science_compulsory","Compulsory subjects include English Urdu Islamic Education in Part I and Pakistan Studies in Part II."
"What are the required compulsory subjects for the science group?","intermediate_science_compulsory","Compulsory subjects include English Urdu Islamic Education in Part I and Pakistan Studies in Part II."
"Is Islamic Education a compulsory subject in intermediate Part I for science?","intermediate_science_compulsory","Compulsory subjects include English Urdu Islamic Education in Part I and Pakistan Studies in Part II."
"What subjects are compulsory for F.Sc. students?","intermediate_science_compulsory","Compulsory subjects include English Urdu Islamic Education in Part I and Pakistan Studies in Part II."
"Are there compulsory subjects in intermediate Part I and Part II for science?","intermediate_science_compulsory","Compulsory subjects include English Urdu Islamic Education in Part I and Pakistan Studies in Part II."
"What are the required subjects in intermediate science?","intermediate_science_compulsory","Compulsory subjects include English Urdu Islamic Education in Part I and Pakistan Studies in Part II."
"Are English and Urdu mandatory for science students?","intermediate_science_compulsory","Compulsory subjects include English Urdu Islamic Education in Part I and Pakistan Studies in Part II."
"What subjects are compulsory at intermediate level for science?","intermediate_science_compulsory","Compulsory subjects include English Urdu Islamic Education in Part I and Pakistan Studies in Part II."
"Is Islamic Education a compulsory subject for intermediate science?","intermediate_science_compulsory","Compulsory subjects include English Urdu Islamic Education in Part I and Pakistan Studies in Part II."
"What science groups are accepted for BS Urdu admission?","science_groups_accepted","Accepted groups include Pre Engineering Pre Medical and Computer Science groups."
"Which science groups are eligible for BS Urdu?","science_groups_accepted","Accepted groups include Pre Engineering Pre Medical and Computer Science groups."
"Can Pre Engineering students apply for BS Urdu?","science_groups_accepted","Accepted groups include Pre Engineering Pre Medical and Computer Science groups."
"Are Pre Medical students accepted for BS Urdu admission?","science_groups_accepted","Accepted groups include Pre Engineering Pre Medical and Computer Science groups."
"Is the Computer Science group accepted for BS Urdu?","science_groups_accepted","Accepted groups include Pre Engineering Pre Medical and Computer Science groups."
"What intermediate science groups are accepted?","science_groups_accepted","Accepted groups include Pre Engineering Pre Medical and Computer Science groups."
"Are all science groups accepted for BS Urdu?","science_groups_accepted","Accepted groups include Pre Engineering Pre Medical and Computer Science groups."
"Which science streams are eligible for admission?","science_groups_accepted","Accepted groups include Pre Engineering Pre Medical and Computer Science groups."
"Can Computer Science students apply for the Urdu program?","science_groups_accepted","Accepted groups include Pre Engineering Pre Medical and Computer Science groups."
"What science groups meet the eligibility criteria?","science_groups_accepted","Accepted groups include Pre Engineering Pre Medical and Computer Science groups."
"Are Pre Engineering and Pre Medical groups accepted?","science_groups_accepted","Accepted groups include Pre Engineering Pre Medical and Computer Science groups."
"What are the accepted science groups for admission to BS Urdu?","science_groups_accepted","Accepted groups include Pre Engineering Pre Medical and Computer Science groups."
"Which F.Sc. groups are eligible for BS Urdu?","science_groups_accepted","Accepted groups include Pre Engineering Pre Medical and Computer Science groups."
"Are these three science groups the accepted ones?","science_groups_accepted","Accepted groups include Pre Engineering Pre Medical and Computer Science groups."
"Which subjects are included in the Pre Engineering group?","pre_engineering_subjects","The Pre Engineering group includes Physics Chemistry and Mathematics."
"What subjects are in the Pre Engineering group?","pre_engineering_subjects","The Pre Engineering group includes Physics Chemistry and Mathematics."
"Does Pre Engineering include Physics and Chemistry?","pre_engineering_subjects","The Pre Engineering group includes Physics Chemistry and Mathematics."
"Is Mathematics part of the Pre Engineering group?","pre_engineering_subjects","The Pre Engineering group includes Physics Chemistry and Mathematics."
"What are the main subjects in the Pre Engineering stream?","pre_engineering_subjects","The Pre Engineering group includes Physics Chemistry and Mathematics."
"Are Physics, Chemistry, and Math the Pre Engineering subjects?","pre_engineering_subjects","The Pre Engineering group includes Physics Chemistry and Mathematics."
"What subjects define the Pre Engineering group?","pre_engineering_subjects","The Pre Engineering group includes Physics Chemistry and Mathematics."
"Which three subjects are in Pre Engineering?","pre_engineering_subjects","The Pre Engineering group includes Physics Chemistry and Mathematics."
"Is Physics a subject in the Pre Engineering group?","pre_engineering_subjects","The Pre Engineering group includes Physics Chemistry and Mathematics."
"What is the combination of subjects for Pre Engineering?","pre_engineering_subjects","The Pre Engineering group includes Physics Chemistry and Mathematics."
"Does the Pre Engineering group include these three subjects?","pre_engineering_subjects","The Pre Engineering group includes Physics Chemistry and Mathematics."
"What are the core subjects of Pre Engineering?","pre_engineering_subjects","The Pre Engineering group includes Physics Chemistry and Mathematics."
"Are Mathematics and Physics in the Pre Engineering group?","pre_engineering_subjects","The Pre Engineering group includes Physics Chemistry and Mathematics."
"What subjects are included in the FSc Pre Engineering group?","pre_engineering_subjects","The Pre Engineering group includes Physics Chemistry and Mathematics."
"Is Chemistry a subject in Pre Engineering?","pre_engineering_subjects","The Pre Engineering group includes Physics Chemistry and Mathematics."
"Which subjects are included in the Pre Medical group?","pre_medical_subjects","The Pre Medical group includes Physics Chemistry and Biology."
"What subjects are in the Pre Medical group?","pre_medical_subjects","The Pre Medical group includes Physics Chemistry and Biology."
"Does Pre Medical include Physics and Chemistry?","pre_medical_subjects","The Pre Medical group includes Physics Chemistry and Biology."
"Is Biology part of the Pre Medical group?","pre_medical_subjects","The Pre Medical group includes Physics Chemistry and Biology."
"What are the main subjects in the Pre Medical stream?","pre_medical_subjects","The Pre Medical group includes Physics Chemistry and Biology."
"Are Physics, Chemistry, and Biology the Pre Medical subjects?","pre_medical_subjects","The Pre Medical group includes Physics Chemistry and Biology."
"What subjects define the Pre Medical group?","pre_medical_subjects","The Pre Medical group includes Physics Chemistry and Biology."
"Which three subjects are in Pre Medical?","pre_medical_subjects","The Pre Medical group includes Physics Chemistry and Biology."
"Is Physics a subject in the Pre Medical group?","pre_medical_subjects","The Pre Medical group includes Physics Chemistry and Biology."
"What is the combination of subjects for Pre Medical?","pre_medical_subjects","The Pre Medical group includes Physics Chemistry and Biology."
"Does the Pre Medical group include these three subjects?","pre_medical_subjects","The Pre Medical group includes Physics Chemistry and Biology."
"What are the core subjects of Pre Medical?","pre_medical_subjects","The Pre Medical group includes Physics Chemistry and Biology."
"Are Biology and Chemistry in the Pre Medical group?","pre_medical_subjects","The Pre Medical group includes Physics Chemistry and Biology."
"What subjects are included in the FSc Pre Medical group?","pre_medical_subjects","The Pre Medical group includes Physics Chemistry and Biology."
"Is Chemistry a subject in Pre Medical?","pre_medical_subjects","The Pre Medical group includes Physics Chemistry and Biology."
"Are candidates with grade E eligible for admission?","grade_e_eligibility","No candidates with grade E or third division are not eligible. Candidates with grade D from other institutions are generally not considered but GPGC students with grade D may be considered if seats are available."
"Can I apply with a grade E?","grade_e_eligibility","No candidates with grade E or third division are not eligible. Candidates with grade D from other institutions are generally not considered but GPGC students with grade D may be considered if seats are available."
"Are third division candidates eligible?","grade_e_eligibility","No candidates with grade E or third division are not eligible. Candidates with grade D from other institutions are generally not considered but GPGC students with grade D may be considered if seats are available."
"Are grade E students eligible for admission?","grade_e_eligibility","No candidates with grade E or third division are not eligible. Candidates with grade D from other institutions are generally not considered but GPGC students with grade D may be considered if seats are available."
"What is the eligibility for students with grade D?","grade_e_eligibility","No candidates with grade E or third division are not eligible. Candidates with grade D from other institutions are generally not considered but GPGC students with grade D may be considered if seats are available."
"Are candidates with third division allowed to apply?","grade_e_eligibility","No candidates with grade E or third division are not eligible. Candidates with grade D from other institutions are generally not considered but GPGC students with grade D may be considered if seats are available."
"Is a grade D from GPGC accepted?","grade_e_eligibility","No candidates with grade E or third division are not eligible. Candidates with grade D from other institutions are generally not considered but GPGC students with grade D may be considered if seats are available."
"What is the minimum grade for admission eligibility?","grade_e_eligibility","No candidates with grade E or third division are not eligible. Candidates with grade D from other institutions are generally not considered but GPGC students with grade D may be considered if seats are available."
"Are candidates with third division marks accepted?","grade_e_eligibility","No candidates with grade E or third division are not eligible. Candidates with grade D from other institutions are generally not considered but GPGC students with grade D may be considered if seats are available."
"Is grade D acceptable for admission from outside?","grade_e_eligibility","No candidates with grade E or third division are not eligible. Candidates with grade D from other institutions are generally not considered but GPGC students with grade D may be considered if seats are available."
"Can GPGC students with grade D apply?","grade_e_eligibility","No candidates with grade E or third division are not eligible. Candidates with grade D from other institutions are generally not considered but GPGC students with grade D may be considered if seats are available."
"Are candidates with grade E eligible?","grade_e_eligibility","No candidates with grade E or third division are not eligible. Candidates with grade D from other institutions are generally not considered but GPGC students with grade D may be considered if seats are available."
"What is the rule for grade D students from other colleges?","grade_e_eligibility","No candidates with grade E or third division are not eligible. Candidates with grade D from other institutions are generally not considered but GPGC students with grade D may be considered if seats are available."
"Are students with third division eligible for admission?","grade_e_eligibility","No candidates with grade E or third division are not eligible. Candidates with grade D from other institutions are generally not considered but GPGC students with grade D may be considered if seats are available."
"Are candidates with Grade E allowed?","grade_e_eligibility","No candidates with grade E or third division are not eligible. Candidates with grade D from other institutions are generally not considered but GPGC students with grade D may be considered if seats are available."
"Can students from other areas apply?","other_area_admission","Yes if their parents are posted in Abbottabad in government or semi-government service with supporting transfer orders or service certificates."
"Are non-local students eligible for admission?","other_area_admission","Yes if their parents are posted in Abbottabad in government or semi-government service with supporting transfer orders or service certificates."
"Can candidates whose parents are posted in Abbottabad apply?","other_area_admission","Yes if their parents are posted in Abbottabad in government or semi-government service with supporting transfer orders or service certificates."
"What are the criteria for students from outside the local area?","other_area_admission","Yes if their parents are posted in Abbottabad in government or semi-government service with supporting transfer orders or service certificates."
"Are children of government servants posted in Abbottabad eligible?","other_area_admission","Yes if their parents are posted in Abbottabad in government or semi-government service with supporting transfer orders or service certificates."
"Can students from other cities apply for admission?","other_area_admission","Yes if their parents are posted in Abbottabad in government or semi-government service with supporting transfer orders or service certificates."
"What documents are needed for non-local students?","other_area_admission","Yes if their parents are posted in Abbottabad in government or semi-government service with supporting transfer orders or service certificates."
"Are students whose parents are in semi-government service eligible?","other_area_admission","Yes if their parents are posted in Abbottabad in government or semi-government service with supporting transfer orders or service certificates."
"Can a student apply if their parents work in Abbottabad?","other_area_admission","Yes if their parents are posted in Abbottabad in government or semi-government service with supporting transfer orders or service certificates."
"Is a service certificate required for outside applicants?","other_area_admission","Yes if their parents are posted in Abbottabad in government or semi-government service with supporting transfer orders or service certificates."
"What is the condition for outside applicants whose parents are posted in Abbottabad?","other_area_admission","Yes if their parents are posted in Abbottabad in government or semi-government service with supporting transfer orders or service certificates."
"Are students from different areas allowed to apply?","other_area_admission","Yes if their parents are posted in Abbottabad in government or semi-government service with supporting transfer orders or service certificates."
"Do I need transfer orders to apply from another area?","other_area_admission","Yes if their parents are posted in Abbottabad in government or semi-government service with supporting transfer orders or service certificates."
"Are non-resident students eligible?","other_area_admission","Yes if their parents are posted in Abbottabad in government or semi-government service with supporting transfer orders or service certificates."
"What proves my parent's service in Abbottabad?","other_area_admission","Yes if their parents are posted in Abbottabad in government or semi-government service with supporting transfer orders or service certificates."
"How many application forms can a candidate submit?","application_limit","Candidates must apply separately for each faculty one form is valid for only one faculty."
"What is the limit on application forms?","application_limit","Candidates must apply separately for each faculty one form is valid for only one faculty."
"Can I submit one form for multiple faculties?","application_limit","Candidates must apply separately for each faculty one form is valid for only one faculty."
"How many forms do I need to apply to two different faculties?","application_limit","Candidates must apply separately for each faculty one form is valid for only one faculty."
"Is one application form valid for all faculties?","application_limit","Candidates must apply separately for each faculty one form is valid for only one faculty."
"What is the rule for submitting application forms?","application_limit","Candidates must apply separately for each faculty one form is valid for only one faculty."
"How many applications per faculty?","application_limit","Candidates must apply separately for each faculty one form is valid for only one faculty."
"Do I need a separate form for each faculty?","application_limit","Candidates must apply separately for each faculty one form is valid for only one faculty."
"Can a candidate apply to more than one faculty?","application_limit","Candidates must apply separately for each faculty one form is valid for only one faculty."
"Is one application form enough for admission?","application_limit","Candidates must apply separately for each faculty one form is valid for only one faculty."
"What is the process for applying to multiple faculties?","application_limit","Candidates must apply separately for each faculty one form is valid for only one faculty."
"How many forms can be submitted for admission?","application_limit","Candidates must apply separately for each faculty one form is valid for only one faculty."
"Is a single application form accepted for different faculties?","application_limit","Candidates must apply separately for each faculty one form is valid for only one faculty."
"What is the application submission rule?","application_limit","Candidates must apply separately for each faculty one form is valid for only one faculty."
"Do I have to apply separately for each department?","application_limit","Candidates must apply separately for each faculty one form is valid for only one faculty."
"Is there a sports quota?","sports_quota","Yes five percent of total seats at Intermediate level are allocated for sports. Candidates must apply separately for the sports quota and participate in trials."
"What percentage of seats is reserved for sports?","sports_quota","Yes five percent of total seats at Intermediate level are allocated for sports. Candidates must apply separately for the sports quota and participate in trials."
"Are there reserved seats for sports quota?","sports_quota","Yes five percent of total seats at Intermediate level are allocated for sports. Candidates must apply separately for the sports quota and participate in trials."
"Do I need to apply separately for the sports quota?","sports_quota","Yes five percent of total seats at Intermediate level are allocated for sports. Candidates must apply separately for the sports quota and participate in trials."
"Is there a quota for athletes at the Intermediate level?","sports_quota","Yes five percent of total seats at Intermediate level are allocated for sports. Candidates must apply separately for the sports quota and participate in trials."
"What is the percentage allocation for sports?","sports_quota","Yes five percent of total seats at Intermediate level are allocated for sports. Candidates must apply separately for the sports quota and participate in trials."
"Are trials required for the sports quota?","sports_quota","Yes five percent of total seats at Intermediate level are allocated for sports. Candidates must apply separately for the sports quota and participate in trials."
"How much is the sports quota?","sports_quota","Yes five percent of total seats at Intermediate level are allocated for sports. Candidates must apply separately for the sports quota and participate in trials."
"Is there a sports reserve for admission?","sports_quota","Yes five percent of total seats at Intermediate level are allocated for sports. Candidates must apply separately for the sports quota and participate in trials."
"Do I need to participate in trials for sports quota admission?","sports_quota","Yes five percent of total seats at Intermediate level are allocated for sports. Candidates must apply separately for the sports quota and participate in trials."
"What is the percentage of seats for sports at the intermediate level?","sports_quota","Yes five percent of total seats at Intermediate level are allocated for sports. Candidates must apply separately for the sports quota and participate in trials."
"Is there a separate application for sports seats?","sports_quota","Yes five percent of total seats at Intermediate level are allocated for sports. Candidates must apply separately for the sports quota and participate in trials."
"Are seats reserved for sports applicants?","sports_quota","Yes five percent of total seats at Intermediate level are allocated for sports. Candidates must apply separately for the sports quota and participate in trials."
"What is the procedure for sports quota admission?","sports_quota","Yes five percent of total seats at Intermediate level are allocated for sports. Candidates must apply separately for the sports quota and participate in trials."
"Is the sports quota 5 percent?","sports_quota","Yes five percent of total seats at Intermediate level are allocated for sports. Candidates must apply separately for the sports quota and participate in trials."
"Are there reserved seats for late applicants?","late_merit_quota","Yes five percent of seats may be kept for two weeks for meritorious candidates who missed the initial deadline."
"Is there a quota for meritorious students who apply late?","late_merit_quota","Yes five percent of seats may be kept for two weeks for meritorious candidates who missed the initial deadline."
"How long are the seats reserved for late applicants?","late_merit_quota","Yes five percent of seats may be kept for two weeks for meritorious candidates who missed the initial deadline."
"What percentage of seats are reserved for late meritorious candidates?","late_merit_quota","Yes five percent of seats may be kept for two weeks for meritorious candidates who missed the initial deadline."
"Is there a quota for students who missed the deadline?","late_merit_quota","Yes five percent of seats may be kept for two weeks for meritorious candidates who missed the initial deadline."
"How much time is reserved for late merit students?","late_merit_quota","Yes five percent of seats may be kept for two weeks for meritorious candidates who missed the initial deadline."
"Are meritorious candidates who missed the deadline still considered?","late_merit_quota","Yes five percent of seats may be kept for two weeks for meritorious candidates who missed the initial deadline."
"What is the late merit quota percentage?","late_merit_quota","Yes five percent of seats may be kept for two weeks for meritorious candidates who missed the initial deadline."
"Are seats kept aside for late applicants?","late_merit_quota","Yes five percent of seats may be kept for two weeks for meritorious candidates who missed the initial deadline."
"What is the duration of the late merit quota reservation?","late_merit_quota","Yes five percent of seats may be kept for two weeks for meritorious candidates who missed the initial deadline."
"Is the late merit quota 5 percent?","late_merit_quota","Yes five percent of seats may be kept for two weeks for meritorious candidates who missed the initial deadline."
"Are seats reserved for two weeks for late applicants?","late_merit_quota","Yes five percent of seats may be kept for two weeks for meritorious candidates who missed the initial deadline."
"What is the provision for highly qualified late applicants?","late_merit_quota","Yes five percent of seats may be kept for two weeks for meritorious candidates who missed the initial deadline."
"Can students apply after the initial deadline?","late_merit_quota","Yes five percent of seats may be kept for two weeks for meritorious candidates who missed the initial deadline."
"What is the quota for late applicants?","late_merit_quota","Yes five percent of seats may be kept for two weeks for meritorious candidates who missed the initial deadline."
"Can employed candidates apply?","employment_eligibility","No candidates employed or enrolled in another institution or who have already passed the relevant examination are not eligible."
"Are employed students eligible for admission?","employment_eligibility","No candidates employed or enrolled in another institution or who have already passed the relevant examination are not eligible."
"Can I apply if I am already enrolled in another institution?","employment_eligibility","No candidates employed or enrolled in another institution or who have already passed the relevant examination are not eligible."
"Are candidates who have already passed the exam eligible?","employment_eligibility","No candidates employed or enrolled in another institution or who have already passed the relevant examination are not eligible."
"What is the eligibility for employed candidates?","employment_eligibility","No candidates employed or enrolled in another institution or who have already passed the relevant examination are not eligible."
"Am I eligible if I am already a student elsewhere?","employment_eligibility","No candidates employed or enrolled in another institution or who have already passed the relevant examination are not eligible."
"Is previous passing of the relevant examination a disqualification?","employment_eligibility","No candidates employed or enrolled in another institution or who have already passed the relevant examination are not eligible."
"Can a working person apply for admission?","employment_eligibility","No candidates employed or enrolled in another institution or who have already passed the relevant examination are not eligible."
"Is being enrolled in another institution a bar to admission?","employment_eligibility","No candidates employed or enrolled in another institution or who have already passed the relevant examination are not eligible."
"What makes a candidate ineligible based on previous status?","employment_eligibility","No candidates employed or enrolled in another institution or who have already passed the relevant examination are not eligible."
"Can I apply if I already hold the degree?","employment_eligibility","No candidates employed or enrolled in another institution or who have already passed the relevant examination are not eligible."
"Are candidates who are employed eligible to apply?","employment_eligibility","No candidates employed or enrolled in another institution or who have already passed the relevant examination are not eligible."
"What is the rule for candidates who are already studying?","employment_eligibility","No candidates employed or enrolled in another institution or who have already passed the relevant examination are not eligible."
"Are employed people eligible for admission?","employment_eligibility","No candidates employed or enrolled in another institution or who have already passed the relevant examination are not eligible."
"Does enrollment elsewhere make me ineligible?","employment_eligibility","No candidates employed or enrolled in another institution or who have already passed the relevant examination are not eligible."
"What are the upper age limits for admission?","admission_age_limits","Nineteen years for Inter Part I twenty five years for Degree Part I and thirty years for MSc Computer Science."
"What is the maximum age for Inter Part I admission?","admission_age_limits","Nineteen years for Inter Part I twenty five years for Degree Part I and thirty years for MSc Computer Science."
"What is the age limit for admission to Degree Part I?","admission_age_limits","Nineteen years for Inter Part I twenty five years for Degree Part I and thirty years for MSc Computer Science."
"What is the upper age limit for MSc Computer Science?","admission_age_limits","Nineteen years for Inter Part I twenty five years for Degree Part I and thirty years for MSc Computer Science."
"What are the age restrictions for different levels of admission?","admission_age_limits","Nineteen years for Inter Part I twenty five years for Degree Part I and thirty years for MSc Computer Science."
"Is the age limit 19 for Inter Part I?","admission_age_limits","Nineteen years for Inter Part I twenty five years for Degree Part I and thirty years for MSc Computer Science."
"What is the highest age for admission to Degree Part I?","admission_age_limits","Nineteen years for Inter Part I twenty five years for Degree Part I and thirty years for MSc Computer Science."
"Is the age limit 30 for MSc Computer Science?","admission_age_limits","Nineteen years for Inter Part I twenty five years for Degree Part I and thirty years for MSc Computer Science."
"What is the maximum age for admission to the college?","admission_age_limits","Nineteen years for Inter Part I twenty five years for Degree Part I and thirty years for MSc Computer Science."
"Is the upper age limit 25 for Degree Part I?","admission_age_limits","Nineteen years for Inter Part I twenty five years for Degree Part I and thirty years for MSc Computer Science."
"What is the minimum qualification for postgraduate admission?","postgraduate_eligibility","Second Division in degree examination and Second Division in the subject applied for."
"What are the eligibility requirements for postgraduate admission?","postgraduate_eligibility","Second Division in degree examination and Second Division in the subject applied for."
"Do I need a Second Division for postgraduate admission?","postgraduate_eligibility","Second Division in degree examination and Second Division in the subject applied for."
"Is a Second Division required in both the degree and the subject?","postgraduate_eligibility","Second Division in degree examination and Second Division in the subject applied for."
"What is the minimum division for admission to a postgraduate program?","postgraduate_eligibility","Second Division in degree examination and Second Division in the subject applied for."
"Is a Second Division in the degree examination mandatory?","postgraduate_eligibility","Second Division in degree examination and Second Division in the subject applied for."
"What qualification is needed for Masters admission?","postgraduate_eligibility","Second Division in degree examination and Second Division in the subject applied for."
"Is a Second Division required in the subject applied for?","postgraduate_eligibility","Second Division in degree examination and Second Division in the subject applied for."
"What is the eligibility criterion for postgraduate programs?","postgraduate_eligibility","Second Division in degree examination and Second Division in the subject applied for."
"Is a second division in the relevant subject necessary for postgraduate studies?","postgraduate_eligibility","Second Division in degree examination and Second Division in the subject applied for."
"Do I need a second division for admission?","postgraduate_eligibility","Second Division in degree examination and Second Division in the subject applied for."
"Is an affidavit required?","affidavit_requirement","Yes a Supreme Court mandated affidavit attested by a Notary Public must be submitted at the time of payment of dues."
"Is an attested affidavit necessary for admission?","affidavit_requirement","Yes a Supreme Court mandated affidavit attested by a Notary Public must be submitted at the time of payment of dues."
"When must the affidavit be submitted?","affidavit_requirement","Yes a Supreme Court mandated affidavit attested by a Notary Public must be submitted at the time of payment of dues."
"Does the affidavit need to be attested by a Notary Public?","affidavit_requirement","Yes a Supreme Court mandated affidavit attested by a Notary Public must be submitted at the time of payment of dues."
"Is an affidavit required by the Supreme Court?","affidavit_requirement","Yes a Supreme Court mandated affidavit attested by a Notary Public must be submitted at the time of payment of dues."
"Do I need to submit a legal affidavit?","affidavit_requirement","Yes a Supreme Court mandated affidavit attested by a Notary Public must be submitted at the time of payment of dues."
"Is the submission of an affidavit mandatory?","affidavit_requirement","Yes a Supreme Court mandated affidavit attested by a Notary Public must be submitted at the time of payment of dues."
"What document is required at the time of fee payment?","affidavit_requirement","Yes a Supreme Court mandated affidavit attested by a Notary Public must be submitted at the time of payment of dues."
"Is a Notary Public attested affidavit required?","affidavit_requirement","Yes a Supreme Court mandated affidavit attested by a Notary Public must be submitted at the time of payment of dues."
"Are attested copies of documents required?","documents_required","Yes all relevant documents listed in the application form must be attached."
"Do I need to attach attested copies of documents?","documents_required","Yes all relevant documents listed in the application form must be attached."
"Are all documents in the application form required to be attached?","documents_required","Yes all relevant documents listed in the application form must be attached."
"Do I need to attach all relevant documents?","documents_required","Yes all relevant documents listed in the application form must be attached."
"What documents need to be submitted with the application?","documents_required","Yes all relevant documents listed in the application form must be attached."
"Is it necessary to attest copies of documents?","documents_required","Yes all relevant documents listed in the application form must be attached."
"Are all the documents listed in the application form required?","documents_required","Yes all relevant documents listed in the application form must be attached."
"Can students who failed Part I apply for Part II?","part_i_failures","Yes if they passed papers totaling at least three hundred marks."
"Can a student who failed Part I still apply for Part II?","part_i_failures","Yes if they passed papers totaling at least three hundred marks."
"What is the condition for Part I failures to apply for Part II?","part_i_failures","Yes if they passed papers totaling at least three hundred marks."
"Is a Part I failure allowed to apply for Part II?","part_i_failures","Yes if they passed papers totaling at least three hundred marks."
"What is the minimum marks required for a Part I failure to apply for Part II?","part_i_failures","Yes if they passed papers totaling at least three hundred marks."
"Can students who failed Part I be admitted to Part II?","part_i_failures","Yes if they passed papers totaling at least three hundred marks."
"Is there an exception for Part I failures?","part_i_failures","Yes if they passed papers totaling at least three hundred marks."
"Do Part I failures need 300 marks to apply for Part II?","part_i_failures","Yes if they passed papers totaling at least three hundred marks."
"Are students who passed supplementary exams eligible?","supplementary_eligibility","No students who passed supplementary exams cannot apply for admission in the same academic session."
"Are supplementary pass students eligible for admission in the same session?","supplementary_eligibility","No students who passed supplementary exams cannot apply for admission in the same academic session."
"Can students who cleared the supplementary exam apply for admission?","supplementary_eligibility","No students who passed supplementary exams cannot apply for admission in the same academic session."
"Is admission allowed after a supplementary exam pass in the same session?","supplementary_eligibility","No students who passed supplementary exams cannot apply for admission in the same academic session."
"Does a supplementary exam pass disqualify a student for same session admission?","supplementary_eligibility","No students who passed supplementary exams cannot apply for admission in the same academic session."
"Can students re-admit to the same class?","re_admission_policy","No re-admission to the same class previously registered is not allowed."
"Is re-admission to the same class allowed?","re_admission_policy","No re-admission to the same class previously registered is not allowed."
"Can I be admitted again to a class I was previously registered in?","re_admission_policy","No re-admission to the same class previously registered is not allowed."
"What is the policy on re-admission to the same course?","re_admission_policy","No re-admission to the same class previously registered is not allowed."
"Can a student take the same class twice?","re_admission_policy","No re-admission to the same class previously registered is not allowed."
"What happens if a student withdraws from the college?","withdrawal_refund_policy","Only the college security is refundable. Private funds are refunded only if the student has not attended a single class."
"Is the college security refundable upon withdrawal?","withdrawal_refund_policy","Only the college security is refundable. Private funds are refunded only if the student has not attended a single class."
"Are private funds refundable upon withdrawal?","withdrawal_refund_policy","Only the college security is refundable. Private funds are refunded only if the student has not attended a single class."
"Under what condition are private funds refunded?","withdrawal_refund_policy","Only the college security is refundable. Private funds are refunded only if the student has not attended a single class."
"What is the refund policy after withdrawal?","withdrawal_refund_policy","Only the college security is refundable. Private funds are refunded only if the student has not attended a single class."
"If I withdraw, do I get my money back?","withdrawal_refund_policy","Only the college security is refundable. Private funds are refunded only if the student has not attended a single class."
"Is only college security refundable?","withdrawal_refund_policy","Only the college security is refundable. Private funds are refunded only if the student has not attended a single class."
"Can admission be cancelled?","admission_cancellation","Yes for misstatement or suppression of information in the application form."
"Can my admission be cancelled?","admission_cancellation","Yes for misstatement or suppression of information in the application form."
"What can lead to admission cancellation?","admission_cancellation","Yes for misstatement or suppression of information in the application form."
"Is misstatement a reason for admission cancellation?","admission_cancellation","Yes for misstatement or suppression of information in the application form."
"Can withholding information result in admission cancellation?","admission_cancellation","Yes for misstatement or suppression of information in the application form."
"Does false information in the application lead to cancellation?","admission_cancellation","Yes for misstatement or suppression of information in the application form."
"Is GPGC co-educational?","co_education","Yes but girls can only apply to programs not offered in girls degree colleges such as Maths Computer Science AI Pakistan Studies and Statistics."
"Is GPGC a co-educational college?","co_education","Yes but girls can only apply to programs not offered in girls degree colleges such as Maths Computer Science AI Pakistan Studies and Statistics."
"Can girls apply to GPGC Mansehra?","co_education","Yes but girls can only apply to programs not offered in girls degree colleges such as Maths Computer Science AI Pakistan Studies and Statistics."
"What programs can girls apply for at GPGC?","co_education","Yes but girls can only apply to programs not offered in girls degree colleges such as Maths Computer Science AI Pakistan Studies and Statistics."
"Are there limitations on which programs girls can apply to?","co_education","Yes but girls can only apply to programs not offered in girls degree colleges such as Maths Computer Science AI Pakistan Studies and Statistics."
"Is GPGC co-ed?","co_education","Yes but girls can only apply to programs not offered in girls degree colleges such as Maths Computer Science AI Pakistan Studies and Statistics."
"What is the co-education policy at GPGC Mansehra?","co_education","Yes but girls can only apply to programs not offered in girls degree colleges such as Maths Computer Science AI Pakistan Studies and Statistics."
"Can girls apply to programs like Maths and Computer Science?","co_education","Yes but girls can only apply to programs not offered in girls degree colleges such as Maths Computer Science AI Pakistan Studies and Statistics."
"What is the rule for girls' admission at GPGC?","co_education","Yes but girls can only apply to programs not offered in girls degree colleges such as Maths Computer Science AI Pakistan Studies and Statistics."
"Are admission tests required?","admission_test","Yes from Fall 2025 for departments such as English Computer Science Math AI and some others. Only students who pass the test can apply."
"Are there any entrance exams required?","admission_test","Yes from Fall 2025 for departments such as English Computer Science Math AI and some others. Only students who pass the test can apply."
"When will admission tests be required?","admission_test","Yes from Fall 2025 for departments such as English Computer Science Math AI and some others. Only students who pass the test can apply."
"Do I need to pass an admission test to apply?","admission_test","Yes from Fall 2025 for departments such as English Computer Science Math AI and some others. Only students who pass the test can apply."
"Which departments require an admission test?","admission_test","Yes from Fall 2025 for departments such as English Computer Science Math AI and some others. Only students who pass the test can apply."
"Is an admission test mandatory from Fall 2025?","admission_test","Yes from Fall 2025 for departments such as English Computer Science Math AI and some others. Only students who pass the test can apply."
"Are students required to take an entrance test?","admission_test","Yes from Fall 2025 for departments such as English Computer Science Math AI and some others. Only students who pass the test can apply."
"What is the admission test policy?","admission_test","Yes from Fall 2025 for departments such as English Computer Science Math AI and some others. Only students who pass the test can apply."
"How many students are selected in one batch?","batch_size","Only forty students are selected per batch."
"What is the batch size for admission?","batch_size","Only forty students are selected per batch."
"How many students are selected per batch?","batch_size","Only forty students are selected per batch."
"Is the batch size limited to forty students?","batch_size","Only forty students are selected per batch."
"What is the intake size per batch?","batch_size","Only forty students are selected per batch."
"How many students are in one admission batch?","batch_size","Only forty students are selected per batch."
"What is the maximum number of students in a batch?","batch_size","Only forty students are selected per batch."
"What quotas are available?","admission_quotas","Open merit district local sports and one seat reserved for a college student."
"What are the available admission quotas?","admission_quotas","Open merit district local sports and one seat reserved for a college student."
"Are there reserved seats for college students?","admission_quotas","Open merit district local sports and one seat reserved for a college student."
"What types of quotas are available for admission?","admission_quotas","Open merit district local sports and one seat reserved for a college student."
"Is there an open merit quota?","admission_quotas","Open merit district local sports and one seat reserved for a college student."
"Are there district local and sports quotas?","admission_quotas","Open merit district local sports and one seat reserved for a college student."
"What quotas exist besides open merit?","admission_quotas","Open merit district local sports and one seat reserved for a college student."
"Is one seat reserved for a college student?","admission_quotas","Open merit district local sports and one seat reserved for a college student."
"What is the breakdown of admission quotas?","admission_quotas","Open merit district local sports and one seat reserved for a college student."
"Can students migrate from other institutions?","migration_policy","Yes migration is allowed for both BS and Intermediate students."
"Is migration allowed from other institutions?","migration_policy","Yes migration is allowed for both BS and Intermediate students."
"Can BS students migrate to GPGC Mansehra?","migration_policy","Yes migration is allowed for both BS and Intermediate students."
"Is there a migration policy for Intermediate students?","migration_policy","Yes migration is allowed for both BS and Intermediate students."
"Is migration possible for both BS and Intermediate students?","migration_policy","Yes migration is allowed for both BS and Intermediate students."
"Can I transfer from another institution?","migration_policy","Yes migration is allowed for both BS and Intermediate students."
"What is the policy on student migration?","migration_policy","Yes migration is allowed for both BS and Intermediate students."
"Can students freeze or rejoin semesters?","semester_freeze_rejoin","Yes students can freeze or rejoin a semester. The college provides guidance if students are unaware."
"Is semester freeze allowed?","semester_freeze_rejoin","Yes students can freeze or rejoin a semester. The college provides guidance if students are unaware."
"Can a student rejoin a semester?","semester_freeze_rejoin","Yes students can freeze or rejoin a semester. The college provides guidance if students are unaware."
"Is there guidance for semester freeze/rejoin?","semester_freeze_rejoin","Yes students can freeze or rejoin a semester. The college provides guidance if students are unaware."
"What is the policy for freezing a semester?","semester_freeze_rejoin","Yes students can freeze or rejoin a semester. The college provides guidance if students are unaware."
"Are students allowed to freeze and rejoin semesters?","semester_freeze_rejoin","Yes students can freeze or rejoin a semester. The college provides guidance if students are unaware."
"Is there any provision for a break in studies?","semester_freeze_rejoin","Yes students can freeze or rejoin a semester. The college provides guidance if students are unaware."
"What are the BS program fees for Science students?","bs_fees_science","BS Science students pay semester-wise total dues ranging from Rs 9692 to Rs 11792 per semester including all prescribed charges."
"What is the semester fee for BS Science students?","bs_fees_science","BS Science students pay semester-wise total dues ranging from Rs 9692 to Rs 11792 per semester including all prescribed charges."
"What is the fee range for BS Science per semester?","bs_fees_science","BS Science students pay semester-wise total dues ranging from Rs 9692 to Rs 11792 per semester including all prescribed charges."
"What are the total dues for BS Science students per semester?","bs_fees_science","BS Science students pay semester-wise total dues ranging from Rs 9692 to Rs 11792 per semester including all prescribed charges."
"Are there prescribed charges in the BS Science fees?","bs_fees_science","BS Science students pay semester-wise total dues ranging from Rs 9692 to Rs 11792 per semester including all prescribed charges."
"What is the semester fee for Science students?","bs_fees_science","BS Science students pay semester-wise total dues ranging from Rs 9692 to Rs 11792 per semester including all prescribed charges."
"What are the BS program fees for Arts students?","bs_fees_arts","BS Arts students pay semester-wise total dues ranging from Rs 9442 to Rs 11542 per semester including all prescribed charges."
"What is the semester fee for BS Arts students?","bs_fees_arts","BS Arts students pay semester-wise total dues ranging from Rs 9442 to Rs 11542 per semester including all prescribed charges."
"What is the fee range for BS Arts per semester?","bs_fees_arts","BS Arts students pay semester-wise total dues ranging from Rs 9442 to Rs 11542 per semester including all prescribed charges."
"What are the total dues for BS Arts students per semester?","bs_fees_arts","BS Arts students pay semester-wise total dues ranging from Rs 9442 to Rs 11542 per semester including all prescribed charges."
"Are there prescribed charges in the BS Arts fees?","bs_fees_arts","BS Arts students pay semester-wise total dues ranging from Rs 9442 to Rs 11542 per semester including all prescribed charges."
"What is the semester fee for Arts students?","bs_fees_arts","BS Arts students pay semester-wise total dues ranging from Rs 9442 to Rs 11542 per semester including all prescribed charges."
"What are the total dues for BS Science for two semesters?","bs_total_dues_science_2sem","The total for two semesters of BS Science ranges from Rs 19384 to Rs 22584."
"What is the total fee for two semesters of BS Science?","bs_total_dues_science_2sem","The total for two semesters of BS Science ranges from Rs 19384 to Rs 22584."
"What is the two-semester fee range for BS Science?","bs_total_dues_science_2sem","The total for two semesters of BS Science ranges from Rs 19384 to Rs 22584."
"How much is the total due for two semesters of BS Science?","bs_total_dues_science_2sem","The total for two semesters of BS Science ranges from Rs 19384 to Rs 22584."
"What is the fee for one year of BS Science?","bs_total_dues_science_2sem","The total for two semesters of BS Science ranges from Rs 19384 to Rs 22584."
"What are the total dues for BS Arts for two semesters?","bs_total_dues_arts_2sem","The total for two semesters of BS Arts ranges from Rs 18884 to Rs 20984."
"What is the total fee for two semesters of BS Arts?","bs_total_dues_arts_2sem","The total for two semesters of BS Arts ranges from Rs 18884 to Rs 20984."
"What is the two-semester fee range for BS Arts?","bs_total_dues_arts_2sem","The total for two semesters of BS Arts ranges from Rs 18884 to Rs 20984."
"How much is the total due for two semesters of BS Arts?","bs_total_dues_arts_2sem","The total for two semesters of BS Arts ranges from Rs 18884 to Rs 20984."
"What is the fee for one year of BS Arts?","bs_total_dues_arts_2sem","The total for two semesters of BS Arts ranges from Rs 18884 to Rs 20984."
"Is there a project or thesis fee for BS?","bs_project_fee","Yes a project or thesis fee of Rs 500 is charged in Semester Eight."
"What is the fee for the BS project or thesis?","bs_project_fee","Yes a project or thesis fee of Rs 500 is charged in Semester Eight."
"How much is the BS thesis fee?","bs_project_fee","Yes a project or thesis fee of Rs 500 is charged in Semester Eight."
"When is the project/thesis fee charged for BS?","bs_project_fee","Yes a project or thesis fee of Rs 500 is charged in Semester Eight."
"Is there a charge for the final project in BS?","bs_project_fee","Yes a project or thesis fee of Rs 500 is charged in Semester Eight."
"How much is the project fee in Semester Eight?","bs_project_fee","Yes a project or thesis fee of Rs 500 is charged in Semester Eight."
"Are computer charges included in BS fees?","bs_computer_charges","Yes Rs 500 per semester is added as computer charges from Semester Five to Eight for Computer Science students."
"Are there separate computer charges for BS Computer Science students?","bs_computer_charges","Yes Rs 500 per semester is added as computer charges from Semester Five to Eight for Computer Science students."
"How much are the computer charges per semester?","bs_computer_charges","Yes Rs 500 per semester is added as computer charges from Semester Five to Eight for Computer Science students."
"Which semesters have computer charges for Computer Science students?","bs_computer_charges","Yes Rs 500 per semester is added as computer charges from Semester Five to Eight for Computer Science students."
"Is a Rs 500 computer charge added to the fees?","bs_computer_charges","Yes Rs 500 per semester is added as computer charges from Semester Five to Eight for Computer Science students."
"Do all BS students pay computer charges?","bs_computer_charges","Yes Rs 500 per semester is added as computer charges from Semester Five to Eight for Computer Science students."
"What are the fees for BS Pashto students?","bs_pashto_fees","BS Pashto students total dues range from Rs 10250 to Rs 14960 per semester."
"What is the fee range for BS Pashto per semester?","bs_pashto_fees","BS Pashto students total dues range from Rs 10250 to Rs 14960 per semester."
"What are the total dues for BS Pashto students?","bs_pashto_fees","BS Pashto students total dues range from Rs 10250 to Rs 14960 per semester."
"How much do BS Pashto students pay per semester?","bs_pashto_fees","BS Pashto students total dues range from Rs 10250 to Rs 14960 per semester."
"What is the total fee for BS Pashto?","bs_pashto_fees","BS Pashto students total dues range from Rs 10250 to Rs 14960 per semester."
"What are the FA FSc fees for Science students?","fa_fsc_science_fees","FA FSc Science students pay Rs 4900 for first year and Rs 2900 for second year."
"What is the first year fee for FA FSc Science students?","fa_fsc_science_fees","FA FSc Science students pay Rs 4900 for first year and Rs 2900 for second year."
"How much do FA FSc Science students pay for the second year?","fa_fsc_science_fees","FA FSc Science students pay Rs 4900 for first year and Rs 2900 for second year."
"What are the fees for FSc Science students?","fa_fsc_science_fees","FA FSc Science students pay Rs 4900 for first year and Rs 2900 for second year."
"What is the total annual fee for FA FSc Science?","fa_fsc_science_fees","FA FSc Science students pay Rs 4900 for first year and Rs 2900 for second year."
"How much is the fee for the first year of FSc Science?","fa_fsc_science_fees","FA FSc Science students pay Rs 4900 for first year and Rs 2900 for second year."
"What are the FA FSc fees for Arts students?","fa_fsc_arts_fees","FA FSc Arts students pay Rs 4400 for first year and Rs 2400 for second year."
"What is the first year fee for FA FSc Arts students?","fa_fsc_arts_fees","FA FSc Arts students pay Rs 4400 for first year and Rs 2400 for second year."
"How much do FA FSc Arts students pay for the second year?","fa_fsc_arts_fees","FA FSc Arts students pay Rs 4400 for first year and Rs 2400 for second year."
"What are the fees for FA Arts students?","fa_fsc_arts_fees","FA FSc Arts students pay Rs 4400 for first year and Rs 2400 for second year."
"What is the total annual fee for FA FSc Arts?","fa_fsc_arts_fees","FA FSc Arts students pay Rs 4400 for first year and Rs 2400 for second year."
"How much is the fee for the first year of FA Arts?","fa_fsc_arts_fees","FA FSc Arts students pay Rs 4400 for first year and Rs 2400 for second year."
"What are the FA FSc fees for Computer Science students?","fa_fsc_cs_fees","FA FSc Computer Science students pay Rs 6900 for first year and Rs 3900 for second year."
"What is the first year fee for FA FSc Computer Science students?","fa_fsc_cs_fees","FA FSc Computer Science students pay Rs 6900 for first year and Rs 3900 for second year."
"How much do FA FSc Computer Science students pay for the second year?","fa_fsc_cs_fees","FA FSc Computer Science students pay Rs 6900 for first year and Rs 3900 for second year."
"What are the fees for FSc Computer Science students?","fa_fsc_cs_fees","FA FSc Computer Science students pay Rs 6900 for first year and Rs 3900 for second year."
"What is the total annual fee for FA FSc Computer Science?","fa_fsc_cs_fees","FA FSc Computer Science students pay Rs 6900 for first year and Rs 3900 for second year."
"How much is the fee for the first year of FSc Computer Science?","fa_fsc_cs_fees","FA FSc Computer Science students pay Rs 6900 for first year and Rs 3900 for second year."
"What are the hostel fees?","hostel_fees","Hostel fees total Rs 3000 for first year and Rs 2500 for second year."
"What is the first year hostel fee?","hostel_fees","Hostel fees total Rs 3000 for first year and Rs 2500 for second year."
"How much is the second year hostel fee?","hostel_fees","Hostel fees total Rs 3000 for first year and Rs 2500 for second year."
"What are the total hostel charges?","hostel_fees","Hostel fees total Rs 3000 for first year and Rs 2500 for second year."
"Is the hostel fee Rs 3000 for the first year?","hostel_fees","Hostel fees total Rs 3000 for first year and Rs 2500 for second year."
"What is the annual hostel fee for the second year?","hostel_fees","Hostel fees total Rs 3000 for first year and Rs 2500 for second year."
"Are there fees for students admitted on sports quota?","sports_quota_fees","Yes sports quota students pay separate prescribed fees including a refundable security amount."
"Do sports quota students pay separate fees?","sports_quota_fees","Yes sports quota students pay separate prescribed fees including a refundable security amount."
"Is a refundable security amount included in sports quota fees?","sports_quota_fees","Yes sports quota students pay separate prescribed fees including a refundable security amount."
"Do students admitted through the sports quota have to pay extra fees?","sports_quota_fees","Yes sports quota students pay separate prescribed fees including a refundable security amount."
"What are the fees for sports quota admission?","sports_quota_fees","Yes sports quota students pay separate prescribed fees including a refundable security amount."
"Is a security amount refundable for sports quota students?","sports_quota_fees","Yes sports quota students pay separate prescribed fees including a refundable security amount."
"What is the readmission fee?","readmission_fee","Readmission fee is Rs 500 for Arts and Rs 700 for Science students."
"How much is the readmission fee for Arts students?","readmission_fee","Readmission fee is Rs 500 for Arts and Rs 700 for Science students."
"What is the readmission fee for Science students?","readmission_fee","Readmission fee is Rs 500 for Arts and Rs 700 for Science students."
"Is the readmission fee different for Arts and Science?","readmission_fee","Readmission fee is Rs 500 for Arts and Rs 700 for Science students."
"How much is the fee to readmit?","readmission_fee","Readmission fee is Rs 500 for Arts and Rs 700 for Science students."
"What is the university fee for BS students?","university_fee_bs","University fee for BS students is Rs 6292 per semester."
"How much is the university fee per semester for BS students?","university_fee_bs","University fee for BS students is Rs 6292 per semester."
"Is the university fee Rs 6292 per semester?","university_fee_bs","University fee for BS students is Rs 6292 per semester."
"What is the semester university fee for BS?","university_fee_bs","University fee for BS students is Rs 6292 per semester."
"What is the internal evaluation fund?","internal_evaluation_fund","Internal evaluation fund is Rs 500 per semester."
"How much is the internal evaluation fund per semester?","internal_evaluation_fund","Internal evaluation fund is Rs 500 per semester."
"Is the internal evaluation fund Rs 500 per semester?","internal_evaluation_fund","Internal evaluation fund is Rs 500 per semester."
"What is the charge for the internal evaluation fund?","internal_evaluation_fund","Internal evaluation fund is Rs 500 per semester."
"What is the BS four year charges?","bs_four_year_charges","BS four year charges are Rs 800 per semester."
"How much are the BS four-year charges per semester?","bs_four_year_charges","BS four year charges are Rs 800 per semester."
"Is the BS four year charge Rs 800 per semester?","bs_four_year_charges","BS four year charges are Rs 800 per semester."
"What is the semester charge for the four-year BS program?","bs_four_year_charges","BS four year charges are Rs 800 per semester."
"What is the college security fee?","college_security_fee","College security is Rs 1000 paid once."
"How much is the college security fee?","college_security_fee","College security is Rs 1000 paid once."
"Is the college security fee Rs 1000?","college_security_fee","College security is Rs 1000 paid once."
"Is the college security fee a one-time payment?","college_security_fee","College security is Rs 1000 paid once."
"How often is the college security fee paid?","college_security_fee","College security is Rs 1000 paid once."
"What is the fee for college security?","college_security_fee","College security is Rs 1000 paid once."
"Is Rs 1000 the college security charge?","college_security_fee","College security is Rs 1000 paid once."
"What is the computer security fee?","computer_security_fee","Computer security is Rs 1000 paid once."
"How much is the computer security fee?","computer_security_fee","Computer security is Rs 1000 paid once."
"Is the computer security fee Rs 1000?","computer_security_fee","Computer security is Rs 1000 paid once."
"Is the computer security fee a one-time payment?","computer_security_fee","Computer security is Rs 1000 paid once."
"How often is the computer security fee paid?","computer_security_fee","Computer security is Rs 1000 paid once."
"What is the fee for computer security?","computer_security_fee","Computer security is Rs 1000 paid once."
"Is Rs 1000 the computer security charge?","computer_security_fee","Computer security is Rs 1000 paid once."
"Are tuition fees different for Arts and Science?","tuition_fee_difference","Yes tuition fees for Science are higher than Arts."
"Are Science tuition fees higher than Arts?","tuition_fee_difference","Yes tuition fees for Science are higher than Arts."
"Is there a difference in tuition fees between Arts and Science students?","tuition_fee_difference","Yes tuition fees for Science are higher than Arts."
"Are Arts tuition fees lower than Science?","tuition_fee_difference","Yes tuition fees for Science are higher than Arts."
"Do Science students pay more for tuition?","tuition_fee_difference","Yes tuition fees for Science are higher than Arts."
"Is the tuition fee for Science and Arts the same?","tuition_fee_difference","Yes tuition fees for Science are higher than Arts."
"Is there a difference between general fund for Arts and Science?","general_fund_difference","Yes Science students pay higher general fund than Arts."
"Do Science students pay more general fund than Arts?","general_fund_difference","Yes Science students pay higher general fund than Arts."
"Is the general fund higher for Science students?","general_fund_difference","Yes Science students pay higher general fund than Arts."
"Is the general fund the same for Arts and Science?","general_fund_difference","Yes Science students pay higher general fund than Arts."
"What is the difference in the general fund?","general_fund_difference","Yes Science students pay higher general fund than Arts."
"What fee concessions are available at GPGC Mansehra?","fee_concession","Deserving students up to ten percent of total strength are given fee concession."
"What percentage of students receive fee concession?","fee_concession","Deserving students up to ten percent of total strength are given fee concession."
"Are there fee concessions for deserving students?","fee_concession","Deserving students up to ten percent of total strength are given fee concession."
"How many students get a fee concession?","fee_concession","Deserving students up to ten percent of total strength are given fee concession."
"Is a 10% fee concession available?","fee_concession","Deserving students up to ten percent of total strength are given fee concession."
"What is the policy on fee concession?","fee_concession","Deserving students up to ten percent of total strength are given fee concession."
"Are scholarships available for students?","scholarships","Yes scholarships such as MORA Fauji Foundation and FATA are available."
"Which scholarships are available?","scholarships","Yes scholarships such as MORA Fauji Foundation and FATA are available."
"Is the MORA scholarship available?","scholarships","Yes scholarships such as MORA Fauji Foundation and FATA are available."
"Are FATA scholarships available?","scholarships","Yes scholarships such as MORA Fauji Foundation and FATA are available."
"Does the college offer Fauji Foundation scholarships?","scholarships","Yes scholarships such as MORA Fauji Foundation and FATA are available."
"What types of scholarships can students apply for?","scholarships","Yes scholarships such as MORA Fauji Foundation and FATA are available."
"Can a student with low attendance get financial assistance?","financial_assistance_conditions","No financial assistance is withheld if attendance is low or conduct is poor."
"Is financial assistance given to students with low attendance?","financial_assistance_conditions","No financial assistance is withheld if attendance is low or conduct is poor."
"Does poor conduct affect financial assistance?","financial_assistance_conditions","No financial assistance is withheld if attendance is low or conduct is poor."
"Under what conditions is financial assistance withheld?","financial_assistance_conditions","No financial assistance is withheld if attendance is low or conduct is poor."
"Is financial aid denied for low attendance?","financial_assistance_conditions","No financial assistance is withheld if attendance is low or conduct is poor."
"What is the rule about conduct and financial assistance?","financial_assistance_conditions","No financial assistance is withheld if attendance is low or conduct is poor."
"What is the purpose of the Alumni Association?","alumni_purpose","The Alumni Association maintains alumni engagement and supports the college vision."
"Why was the Alumni Association created?","alumni_purpose","The Alumni Association maintains alumni engagement and supports the college vision."
"Does the Alumni Association support the college vision?","alumni_purpose","The Alumni Association maintains alumni engagement and supports the college vision."
"What is the function of the Alumni Association?","alumni_purpose","The Alumni Association maintains alumni engagement and supports the college vision."
"What does the Alumni Association do?","alumni_purpose","The Alumni Association maintains alumni engagement and supports the college vision."
"Does the Alumni Association maintain alumni engagement?","alumni_purpose","The Alumni Association maintains alumni engagement and supports the college vision."
"Who can join the Alumni Association?","alumni_membership","All former students of GPGC Mansehra can register as members."
"Who is eligible for Alumni Association membership?","alumni_membership","All former students of GPGC Mansehra can register as members."
"Can former students join the Alumni Association?","alumni_membership","All former students of GPGC Mansehra can register as members."
"Is membership open to all former students?","alumni_membership","All former students of GPGC Mansehra can register as members."
"Who can register as a member of the Alumni Association?","alumni_membership","All former students of GPGC Mansehra can register as members."
"Are there awards for alumni?","alumni_awards","Yes achievement and service awards are given to alumni."
"What facilities does the central library have?","library_facilities","The central library has books journals magazines theses newspapers and a multilingual lab."
"Who can become a library member?","library_membership","Regular staff students postgraduate students and researchers are eligible."
"How many books can faculty borrow from the library?","library_faculty_books","Faculty can borrow up to ten books for three months."
"How many books can BS students borrow?","library_bs_books","BS students can borrow five books for two weeks renewable once."
"How many books can intermediate students borrow?","library_intermediate_books","Intermediate students can borrow three books for two weeks renewable once."
"Can reference materials be taken out of the library?","library_reference_materials","No reference materials and periodicals cannot be issued."
"What are the library timings?","library_timings","Monday to Saturday from eight am to two pm."
"Are there rules for using the library?","library_rules","Yes silence must be maintained and books must not be damaged."
"What happens if a student damages library materials?","library_damage_penalty","Students are referred to the Disciplinary Committee."
"What is the penalty for damaging library materials?","library_damage_penalty","Students are referred to the Disciplinary Committee."
"Where are students referred if they damage library materials?","library_damage_penalty","Students are referred to the Disciplinary Committee."
"What is the consequence of damaging library books?","library_damage_penalty","Students are referred to the Disciplinary Committee."
"Who handles cases of library material damage?","library_damage_penalty","Students are referred to the Disciplinary Committee."
"What happens to a student who damages a library book?","library_damage_penalty","Students are referred to the Disciplinary Committee."
"What is the punishment for damaging library material?","library_damage_penalty","Students are referred to the Disciplinary Committee."
"Who is the librarian of GPGC Mansehra?","librarian_name","Zulfiqar Ali Master in Library Sciences."
"What is the name of the librarian?","librarian_name","Zulfiqar Ali Master in Library Sciences."
"What is Zulfiqar Ali's qualification?","librarian_name","Zulfiqar Ali Master in Library Sciences."
"Who holds the position of librarian at GPGC Mansehra?","librarian_name","Zulfiqar Ali Master in Library Sciences."
"What is the qualification of the librarian?","librarian_name","Zulfiqar Ali Master in Library Sciences."
"Who is the Institutional Representative for the Digital Library?","digital_library_contact","Mr Muhammad Abid Lecturer."
"What is the name of the Digital Library Institutional Representative?","digital_library_contact","Mr Muhammad Abid Lecturer."
"Who is Mr Muhammad Abid?","digital_library_contact","Mr Muhammad Abid Lecturer."
"What is the contact person for the Digital Library?","digital_library_contact","Mr Muhammad Abid Lecturer."
"What is the email of the Institutional Representative?","digital_library_contact","mabid.msse@gmail.com"
"What is Mr Muhammad Abid's email address?","digital_library_contact","mabid.msse@gmail.com"
"What is the email for Digital Library inquiries?","digital_library_contact","mabid.msse@gmail.com"
"What is the phone number for Digital Library inquiries?","digital_library_contact","0997-380325"
"What is the phone number of the Institutional Representative?","digital_library_contact","0997-380325"
"What is the contact number for the Digital Library?","digital_library_contact","0997-380325"
"What is the official website of GPGC Mansehra?","digital_library_website","http://www.gcmansehra.edu.pk/"
"What is the official college website?","digital_library_website","http://www.gcmansehra.edu.pk/"
"Where can I find GPGC Mansehra's official website?","digital_library_website","http://www.gcmansehra.edu.pk/"
"What is the college website address?","digital_library_website","http://www.gcmansehra.edu.pk/"
"Where can I find admissions information online?","digital_library_website","http://www.admission.hed.gkp.pk/college.php?college_id=50"
"What is the link for admissions information?","digital_library_website","http://www.admission.hed.gkp.pk/college.php?college_id=50"
"Where is the online admissions information located?","digital_library_website","http://www.admission.hed.gkp.pk/college.php?college_id=50"
"What is the website for college admissions?","digital_library_website","http://www.admission.hed.gkp.pk/college.php?college_id=50"
"Which journals are available through Brill?","digital_library_resources","Brill publishes 200 journal titles including 16 e-only titles and 6 open access titles focused on Humanities Social Sciences International Law and selected Science areas."
"How many journal titles does Brill publish?","digital_library_resources","Brill publishes 200 journal titles including 16 e-only titles and 6 open access titles focused on Humanities Social Sciences International Law and selected Science areas."
"What is the focus of Brill's journals?","digital_library_resources","Brill publishes 200 journal titles including 16 e-only titles and 6 open access titles focused on Humanities Social Sciences International Law and selected Science areas."
"How many e-only titles does Brill have?","digital_library_resources","Brill publishes 200 journal titles including 16 e-only titles and 6 open access titles focused on Humanities Social Sciences International Law and selected Science areas."
"Are Brill journals focused on International Law?","digital_library_resources","Brill publishes 200 journal titles including 16 e-only titles and 6 open access titles focused on Humanities Social Sciences International Law and selected Science areas."
"What is IMF eLibrary?","digital_library_resources","IMF eLibrary provides comprehensive economic data original analysis and statistics on almost every economy with special focus on developing and emerging economies."
"What kind of data does IMF eLibrary provide?","digital_library_resources","IMF eLibrary provides comprehensive economic data original analysis and statistics on almost every economy with special focus on developing and emerging economies."
"Does IMF eLibrary focus on developing economies?","digital_library_resources","IMF eLibrary provides comprehensive economic data original analysis and statistics on almost every economy with special focus on developing and emerging economies."
"What is the main function of the IMF eLibrary?","digital_library_resources","IMF eLibrary provides comprehensive economic data original analysis and statistics on almost every economy with special focus on developing and emerging economies."
"What does IMF eLibrary contain?","digital_library_resources","IMF eLibrary provides comprehensive economic data original analysis and statistics on almost every economy with special focus on developing and emerging economies."
"What is INFORMS and what does it provide?","digital_library_resources","INFORMS is the largest professional society for Operations Research professionals publishing 12 scholarly journals and a membership magazine with updates on OR methods and applications."
"Tell me about INFORMS and its offerings.","digital_library_resources","INFORMS is the largest professional society for Operations Research professionals publishing 12 scholarly journals and a membership magazine with updates on OR methods and applications."
"What is the function of INFORMS?","digital_library_resources","INFORMS is the largest professional society for Operations Research professionals publishing 12 scholarly journals and a membership magazine with updates on OR methods and applications."
"What does INFORMS publish?","digital_library_resources","INFORMS is the largest professional society for Operations Research professionals publishing 12 scholarly journals and a membership magazine with updates on OR methods and applications."
"Is INFORMS the largest society for Operations Research?","digital_library_resources","INFORMS is the largest professional society for Operations Research professionals publishing 12 scholarly journals and a membership magazine with updates on OR methods and applications."
"How many scholarly journals does INFORMS publish?","digital_library_resources","INFORMS is the largest professional society for Operations Research professionals publishing 12 scholarly journals and a membership magazine with updates on OR methods and applications."
"Does INFORMS provide updates on Operations Research methods?","digital_library_resources","INFORMS is the largest professional society for Operations Research professionals publishing 12 scholarly journals and a membership magazine with updates on OR methods and applications."
"What kind of society is INFORMS?","digital_library_resources","INFORMS is the largest professional society for Operations Research professionals publishing 12 scholarly journals and a membership magazine with updates on OR methods and applications."
"Which journals are available through NRC Research Press?","digital_library_resources","NRC Research Press provides 16 online journals in a broad range of research areas with back files dating back to 2001."
"How many online journals can I access through NRC Research Press?","digital_library_resources","NRC Research Press provides 16 online journals in a broad range of research areas with back files dating back to 2001."
"What is the earliest back file date for NRC Research Press journals?","digital_library_resources","NRC Research Press provides 16 online journals in a broad range of research areas with back files dating back to 2001."
"Does NRC Research Press cover a broad range of research areas?","digital_library_resources","NRC Research Press provides 16 online journals in a broad range of research areas with back files dating back to 2001."
"What is the journal count for NRC Research Press?","digital_library_resources","NRC Research Press provides 16 online journals in a broad range of research areas with back files dating back to 2001."
"Can I access journals dating back to 2001 via NRC Research Press?","digital_library_resources","NRC Research Press provides 16 online journals in a broad range of research areas with back files dating back to 2001."
"Which resource offers 16 online journals with back files to 2001?","digital_library_resources","NRC Research Press provides 16 online journals in a broad range of research areas with back files dating back to 2001."
"What is SIAM and what does it focus on?","digital_library_resources","SIAM fosters applied mathematical and computational methodologies building cooperation between mathematics science and technology through publications and research."
"What are the main objectives of SIAM?","digital_library_resources","SIAM fosters applied mathematical and computational methodologies building cooperation between mathematics science and technology through publications and research."
"What does SIAM foster?","digital_library_resources","SIAM fosters applied mathematical and computational methodologies building cooperation between mathematics science and technology through publications and research."
"Does SIAM focus on applied mathematics?","digital_library_resources","SIAM fosters applied mathematical and computational methodologies building cooperation between mathematics science and technology through publications and research."
"How does SIAM build cooperation between math, science, and technology?","digital_library_resources","SIAM fosters applied mathematical and computational methodologies building cooperation between mathematics science and technology through publications and research."
"What are SIAM's areas of focus?","digital_library_resources","SIAM fosters applied mathematical and computational methodologies building cooperation between mathematics science and technology through publications and research."
"What is SpringerLink?","digital_library_resources","SpringerLink provides access to 503 full-text Springer-Verlag journals and 738 journals formerly published by Kluwer Academic Publishing covering Science Technical and Medical fields."
"How many journals does SpringerLink give access to?","digital_library_resources","SpringerLink provides access to 503 full-text Springer-Verlag journals and 738 journals formerly published by Kluwer Academic Publishing covering Science Technical and Medical fields."
"What fields are covered by SpringerLink?","digital_library_resources","SpringerLink provides access to 503 full-text Springer-Verlag journals and 738 journals formerly published by Kluwer Academic Publishing covering Science Technical and Medical fields."
"Does SpringerLink include full-text access to Springer-Verlag journals?","digital_library_resources","SpringerLink provides access to 503 full-text Springer-Verlag journals and 738 journals formerly published by Kluwer Academic Publishing covering Science Technical and Medical fields."
"How many Kluwer Academic Publishing journals are on SpringerLink?","digital_library_resources","SpringerLink provides access to 503 full-text Springer-Verlag journals and 738 journals formerly published by Kluwer Academic Publishing covering Science Technical and Medical fields."
"What is the journal count on SpringerLink?","digital_library_resources","SpringerLink provides access to 503 full-text Springer-Verlag journals and 738 journals formerly published by Kluwer Academic Publishing covering Science Technical and Medical fields."
"Which journals are available through Taylor & Francis?","digital_library_resources","Taylor & Francis offers more than 1000 journal titles in a wide range of disciplines."
"How many journal titles are available from Taylor & Francis?","digital_library_resources","Taylor & Francis offers more than 1000 journal titles in a wide range of disciplines."
"Does Taylor & Francis offer journals across various disciplines?","digital_library_resources","Taylor & Francis offers more than 1000 journal titles in a wide range of disciplines."
"What is the number of journal titles offered by Taylor & Francis?","digital_library_resources","Taylor & Francis offers more than 1000 journal titles in a wide range of disciplines."
"What is the University of Chicago Press Journals Division?","digital_library_resources","It distributes nearly 50 journals and serials presenting original research from international scholars in social sciences humanities education biological medical and physical sciences."
"How many journals does the University of Chicago Press Journals Division distribute?","digital_library_resources","It distributes nearly 50 journals and serials presenting original research from international scholars in social sciences humanities education biological medical and physical sciences."
"What subjects does the University of Chicago Press Journals Division cover?","digital_library_resources","It distributes nearly 50 journals and serials presenting original research from international scholars in social sciences humanities education biological medical and physical sciences."
"Are there journals on biological sciences from the University of Chicago Press?","digital_library_resources","It distributes nearly 50 journals and serials presenting original research from international scholars in social sciences humanities education biological medical and physical sciences."
"Does GPGC Mansehra provide hostel facilities?","hostel_facilities","Yes accommodation is provided to deserving students based on merit."
"Is hostel accommodation available at GPGC Mansehra?","hostel_facilities","Yes accommodation is provided to deserving students based on merit."
"Who is eligible for accommodation in the hostel?","hostel_facilities","Yes accommodation is provided to deserving students based on merit."
"Are hostel facilities available only for deserving students?","hostel_facilities","Yes accommodation is provided to deserving students based on merit."
"Is merit the basis for hostel accommodation?","hostel_facilities","Yes accommodation is provided to deserving students based on merit."
"Who supervises the hostels at GPGC Mansehra?","hostel_facilities","Hostels are supervised by a committee of resident wardens and a senior warden."
"What is the supervisory structure for the hostels?","hostel_facilities","Hostels are supervised by a committee of resident wardens and a senior warden."
"Is there a committee that supervises the hostels?","hostel_facilities","Hostels are supervised by a committee of resident wardens and a senior warden."
"Who is in charge of hostel supervision?","hostel_facilities","Hostels are supervised by a committee of resident wardens and a senior warden."
"Are hostels supervised by wardens?","hostel_facilities","Hostels are supervised by a committee of resident wardens and a senior warden."
"Is a senior warden part of the hostel supervision?","hostel_facilities","Hostels are supervised by a committee of resident wardens and a senior warden."
"Who is responsible for overseeing the hostels?","hostel_facilities","Hostels are supervised by a committee of resident wardens and a senior warden."
"Does a committee of resident wardens supervise the hostels?","hostel_facilities","Hostels are supervised by a committee of resident wardens and a senior warden."
"What is the role of the resident wardens?","hostel_facilities","Hostels are supervised by a committee of resident wardens and a senior warden."
"What aspects of student life do hostel wardens monitor?","hostel_facilities","They monitor academic religious moral physical and social development of students."
"What do hostel wardens supervise regarding students?","hostel_facilities","They monitor academic religious moral physical and social development of students."
"Do hostel wardens monitor the moral development of students?","hostel_facilities","They monitor academic religious moral physical and social development of students."
"What areas of student development are monitored by wardens?","hostel_facilities","They monitor academic religious moral physical and social development of students."
"Do wardens check the academic development of students?","hostel_facilities","They monitor academic religious moral physical and social development of students."
"Are religious and social aspects monitored by hostel wardens?","hostel_facilities","They monitor academic religious moral physical and social development of students."
"What is the scope of monitoring by hostel wardens?","hostel_facilities","They monitor academic religious moral physical and social development of students."
"Do the wardens look after the physical development of students?","hostel_facilities","They monitor academic religious moral physical and social development of students."
"Are religious activities part of the hostel routine?","hostel_facilities","Yes prayers and religious teachings are compulsory with religious teachers employed in the hostels."
"Are prayers and religious teachings mandatory in the hostel?","hostel_facilities","Yes prayers and religious teachings are compulsory with religious teachers employed in the hostels."
"Are there religious teachers in the hostels?","hostel_facilities","Yes prayers and religious teachings are compulsory with religious teachers employed in the hostels."
"Is religious education compulsory in the hostel?","hostel_facilities","Yes prayers and religious teachings are compulsory with religious teachers employed in the hostels."
"Do the hostels have a compulsory religious routine?","hostel_facilities","Yes prayers and religious teachings are compulsory with religious teachers employed in the hostels."
"What religious activities are compulsory for residents?","hostel_facilities","Yes prayers and religious teachings are compulsory with religious teachers employed in the hostels."
"Are games and recreation included in the hostel program?","hostel_facilities","Yes evening games are compulsory and other recreation facilities like indoor games are also provided."
"Is there a provision for games and recreation in the hostel?","hostel_facilities","Yes evening games are compulsory and other recreation facilities like indoor games are also provided."
"Are evening games compulsory for hostel residents?","hostel_facilities","Yes evening games are compulsory and other recreation facilities like indoor games are also provided."
"Are indoor games provided as recreation in the hostel?","hostel_facilities","Yes evening games are compulsory and other recreation facilities like indoor games are also provided."
"Is recreation a part of the hostel program?","hostel_facilities","Yes evening games are compulsory and other recreation facilities like indoor games are also provided."
"What recreational facilities are available in the hostel?","hostel_facilities","Yes evening games are compulsory and other recreation facilities like indoor games are also provided."
"Is there a study routine in the hostel?","hostel_facilities","Yes study hours are a permanent and regularly observed feature of the hostel program."
"Are there mandatory study hours in the hostel?","hostel_facilities","Yes study hours are a permanent and regularly observed feature of the hostel program."
"Is the study routine regularly observed in the hostel?","hostel_facilities","Yes study hours are a permanent and regularly observed feature of the hostel program."
"Are study hours a permanent feature of the hostel program?","hostel_facilities","Yes study hours are a permanent and regularly observed feature of the hostel program."
"Is a study routine implemented in the hostel?","hostel_facilities","Yes study hours are a permanent and regularly observed feature of the hostel program."
"What kind of food is provided in the hostel mess?","hostel_mess","Resident students are provided a well-balanced diet with occasional seasonal fruits following a carefully designed menu."
"What type of diet is provided in the hostel mess?","hostel_mess","Resident students are provided a well-balanced diet with occasional seasonal fruits following a carefully designed menu."
"Is the hostel food a well-balanced diet?","hostel_mess","Resident students are provided a well-balanced diet with occasional seasonal fruits following a carefully designed menu."
"Does the hostel mess include seasonal fruits?","hostel_mess","Resident students are provided a well-balanced diet with occasional seasonal fruits following a carefully designed menu."
"Is the menu for the hostel mess carefully designed?","hostel_mess","Resident students are provided a well-balanced diet with occasional seasonal fruits following a carefully designed menu."
"Who checks the quality of food in the hostel?","hostel_mess","Senior college staff and hostel wardens with the help of hostel monitors regularly check the quality of food."
"How is the food quality in the hostel checked?","hostel_mess","Senior college staff and hostel wardens with the help of hostel monitors regularly check the quality of food."
"Does senior college staff check the hostel food quality?","hostel_mess","Senior college staff and hostel wardens with the help of hostel monitors regularly check the quality of food."
"Are hostel monitors involved in checking food quality?","hostel_mess","Senior college staff and hostel wardens with the help of hostel monitors regularly check the quality of food."
"Is the quality of food in the hostel regularly checked?","hostel_mess","Senior college staff and hostel wardens with the help of hostel monitors regularly check the quality of food."
"Who is responsible for checking the food quality?","hostel_mess","Senior college staff and hostel wardens with the help of hostel monitors regularly check the quality of food."
"Are dining facilities available in the hostel?","hostel_mess","Yes well-furnished dining halls are available in every hostel for serving meals."
"Is there a mess facility in the hostel?","hostel_mess","Yes well-furnished dining halls are available in every hostel for serving meals."
"Do hostels have dining halls?","hostel_mess","Yes well-furnished dining halls are available in every hostel for serving meals."
"Are meals provided in the hostel?","hostel_mess","Yes well-furnished dining halls are available in every hostel for serving meals."
"Does the hostel provide food facilities?","hostel_mess","Yes well-furnished dining halls are available in every hostel for serving meals."
"Is food arrangement available in college hostels?","hostel_mess","Yes well-furnished dining halls are available in every hostel for serving meals."
"Are dining services offered in the hostel?","hostel_mess","Yes well-furnished dining halls are available in every hostel for serving meals."
"Does each hostel have a dining hall?","hostel_mess","Yes well-furnished dining halls are available in every hostel for serving meals."
"Is hostel mess available for students?","hostel_mess","Yes well-furnished dining halls are available in every hostel for serving meals."
"Do students get meals in the hostel?","hostel_mess","Yes well-furnished dining halls are available in every hostel for serving meals."
"Are eating facilities available in the hostel?","hostel_mess","Yes well-furnished dining halls are available in every hostel for serving meals."
"Does the college hostel include a mess?","hostel_mess","Yes well-furnished dining halls are available in every hostel for serving meals."
"Is there a proper dining setup in hostels?","hostel_mess","Yes well-furnished dining halls are available in every hostel for serving meals."
"Are hostel dining halls well maintained?","hostel_mess","Yes well-furnished dining halls are available in every hostel for serving meals."
"Can hostel residents eat meals inside the hostel?","hostel_mess","Yes well-furnished dining halls are available in every hostel for serving meals."
"What is the Entry Test registration process?","entry_test","Students must download the registration form for the Entry Test 2025 and submit it as instructed by the college."
"How can I register for the Entry Test?","entry_test","Students must download the registration form for the Entry Test 2025 and submit it as instructed by the college."
"What are the steps to apply for the Entry Test?","entry_test","Students must download the registration form for the Entry Test 2025 and submit it as instructed by the college."
"How do students apply for the entry test?","entry_test","Students must download the registration form for the Entry Test 2025 and submit it as instructed by the college."
"What is the procedure for Entry Test registration?","entry_test","Students must download the registration form for the Entry Test 2025 and submit it as instructed by the college."
"How do I submit my Entry Test form?","entry_test","Students must download the registration form for the Entry Test 2025 and submit it as instructed by the college."
"What is the Entry Test application process?","entry_test","Students must download the registration form for the Entry Test 2025 and submit it as instructed by the college."
"How can candidates register for Entry Test 2025?","entry_test","Students must download the registration form for the Entry Test 2025 and submit it as instructed by the college."
"What are the registration requirements for Entry Test?","entry_test","Students must download the registration form for the Entry Test 2025 and submit it as instructed by the college."
"How to complete Entry Test registration?","entry_test","Students must download the registration form for the Entry Test 2025 and submit it as instructed by the college."
"Is there a form for Entry Test registration?","entry_test","Students must download the registration form for the Entry Test 2025 and submit it as instructed by the college."
"What is the official method for Entry Test registration?","entry_test","Students must download the registration form for the Entry Test 2025 and submit it as instructed by the college."
"How do students register for college entry test?","entry_test","Students must download the registration form for the Entry Test 2025 and submit it as instructed by the college."
"What is the Entry Test signup process?","entry_test","Students must download the registration form for the Entry Test 2025 and submit it as instructed by the college."
"Where do I start Entry Test registration?","entry_test","Students must download the registration form for the Entry Test 2025 and submit it as instructed by the college."
"Where can I download the Entry Test form?","entry_test","Download from the college website or the links provided in the announcements."
"From where can the Entry Test form be downloaded?","entry_test","Download from the college website or the links provided in the announcements."
"How can I get the Entry Test registration form?","entry_test","Download from the college website or the links provided in the announcements."
"Is the Entry Test form available online?","entry_test","Download from the college website or the links provided in the announcements."
"Where is the Entry Test form available?","entry_test","Download from the college website or the links provided in the announcements."
"Can I download the Entry Test form from the website?","entry_test","Download from the college website or the links provided in the announcements."
"Where should I download the entry test form from?","entry_test","Download from the college website or the links provided in the announcements."
"Is there an online link for Entry Test form?","entry_test","Download from the college website or the links provided in the announcements."
"How to access the Entry Test application form?","entry_test","Download from the college website or the links provided in the announcements."
"Where is the Entry Test registration link?","entry_test","Download from the college website or the links provided in the announcements."
"Can candidates download the Entry Test form online?","entry_test","Download from the college website or the links provided in the announcements."
"Where can students find the Entry Test form?","entry_test","Download from the college website or the links provided in the announcements."
"Is the Entry Test form provided on the college website?","entry_test","Download from the college website or the links provided in the announcements."
"How do I obtain the Entry Test form?","entry_test","Download from the college website or the links provided in the announcements."
"Where do I download the Entry Test application?","entry_test","Download from the college website or the links provided in the announcements."
"When was the new academic block inaugurated?","campus_events","The new academic block was inaugurated by Mr Kamal Saleem Swati exact date mentioned in the news announcement."
"When did the college inaugurate the new academic block?","campus_events","The new academic block was inaugurated by Mr Kamal Saleem Swati exact date mentioned in the news announcement."
"What is the inauguration date of the new academic block?","campus_events","The new academic block was inaugurated by Mr Kamal Saleem Swati exact date mentioned in the news announcement."
"Who inaugurated the new academic block and when?","campus_events","The new academic block was inaugurated by Mr Kamal Saleem Swati exact date mentioned in the news announcement."
"When was the academic block officially opened?","campus_events","The new academic block was inaugurated by Mr Kamal Saleem Swati exact date mentioned in the news announcement."
"Has the new academic block been inaugurated?","campus_events","The new academic block was inaugurated by Mr Kamal Saleem Swati exact date mentioned in the news announcement."
"When did the inauguration ceremony of the new block take place?","campus_events","The new academic block was inaugurated by Mr Kamal Saleem Swati exact date mentioned in the news announcement."
"On what date was the new block inaugurated?","campus_events","The new academic block was inaugurated by Mr Kamal Saleem Swati exact date mentioned in the news announcement."
"When was the academic building inaugurated?","campus_events","The new academic block was inaugurated by Mr Kamal Saleem Swati exact date mentioned in the news announcement."
"Who inaugurated the new college block?","campus_events","The new academic block was inaugurated by Mr Kamal Saleem Swati exact date mentioned in the news announcement."
"When did the new academic facility open?","campus_events","The new academic block was inaugurated by Mr Kamal Saleem Swati exact date mentioned in the news announcement."
"What is the inauguration detail of the new block?","campus_events","The new academic block was inaugurated by Mr Kamal Saleem Swati exact date mentioned in the news announcement."
"When was the latest academic block inaugurated?","campus_events","The new academic block was inaugurated by Mr Kamal Saleem Swati exact date mentioned in the news announcement."
"Has the new block inauguration taken place?","campus_events","The new academic block was inaugurated by Mr Kamal Saleem Swati exact date mentioned in the news announcement."
"Who officially opened the new academic block?","campus_events","The new academic block was inaugurated by Mr Kamal Saleem Swati exact date mentioned in the news announcement."
"What facilities are available in the new academic block?","campus_events","The new block includes modern academic facilities details are announced during inauguration."
"What does the new academic block include?","campus_events","The new block includes modern academic facilities details are announced during inauguration."
"What features are provided in the new academic building?","campus_events","The new block includes modern academic facilities details are announced during inauguration."
"What kind of facilities does the new block offer?","campus_events","The new block includes modern academic facilities details are announced during inauguration."
"What infrastructure is available in the new academic block?","campus_events","The new block includes modern academic facilities details are announced during inauguration."
"What facilities were announced for the new block?","campus_events","The new block includes modern academic facilities details are announced during inauguration."
"What amenities are included in the new academic block?","campus_events","The new block includes modern academic facilities details are announced during inauguration."
"Does the new academic block have modern facilities?","campus_events","The new block includes modern academic facilities details are announced during inauguration."
"What resources are available in the newly built block?","campus_events","The new block includes modern academic facilities details are announced during inauguration."
"What academic facilities does the new block provide?","campus_events","The new block includes modern academic facilities details are announced during inauguration."
"What was introduced in the new academic block?","campus_events","The new block includes modern academic facilities details are announced during inauguration."
"What learning facilities are in the new block?","campus_events","The new block includes modern academic facilities details are announced during inauguration."
"Does the new block include advanced facilities?","campus_events","The new block includes modern academic facilities details are announced during inauguration."
"What facilities were inaugurated with the new block?","campus_events","The new block includes modern academic facilities details are announced during inauguration."
"What facilities are part of the academic block expansion?","campus_events","The new block includes modern academic facilities details are announced during inauguration."
"What is the rehearsal schedule for convocation participants?","convocation","All registered students for the 3rd Convocation on April 17 2025 must attend a compulsory full dress rehearsal on April 16 2025 at 11:00 am."
"When is the convocation rehearsal scheduled?","convocation","All registered students for the 3rd Convocation on April 17 2025 must attend a compulsory full dress rehearsal on April 16 2025 at 11:00 am."
"What is the rehearsal timing for convocation?","convocation","All registered students for the 3rd Convocation on April 17 2025 must attend a compulsory full dress rehearsal on April 16 2025 at 11:00 am."
"When should convocation participants attend rehearsal?","convocation","All registered students for the 3rd Convocation on April 17 2025 must attend a compulsory full dress rehearsal on April 16 2025 at 11:00 am."
"What is the rehearsal date for 3rd Convocation?","convocation","All registered students for the 3rd Convocation on April 17 2025 must attend a compulsory full dress rehearsal on April 16 2025 at 11:00 am."
"Is rehearsal compulsory for convocation?","convocation","All registered students for the 3rd Convocation on April 17 2025 must attend a compulsory full dress rehearsal on April 16 2025 at 11:00 am."
"When is the full dress rehearsal for convocation?","convocation","All registered students for the 3rd Convocation on April 17 2025 must attend a compulsory full dress rehearsal on April 16 2025 at 11:00 am."
"What is the convocation rehearsal schedule?","convocation","All registered students for the 3rd Convocation on April 17 2025 must attend a compulsory full dress rehearsal on April 16 2025 at 11:00 am."
"When do registered students attend rehearsal?","convocation","All registered students for the 3rd Convocation on April 17 2025 must attend a compulsory full dress rehearsal on April 16 2025 at 11:00 am."
"What time is the convocation rehearsal?","convocation","All registered students for the 3rd Convocation on April 17 2025 must attend a compulsory full dress rehearsal on April 16 2025 at 11:00 am."
"When is rehearsal for convocation ceremony?","convocation","All registered students for the 3rd Convocation on April 17 2025 must attend a compulsory full dress rehearsal on April 16 2025 at 11:00 am."
"Is there a rehearsal before convocation?","convocation","All registered students for the 3rd Convocation on April 17 2025 must attend a compulsory full dress rehearsal on April 16 2025 at 11:00 am."
"What are rehearsal instructions for convocation?","convocation","All registered students for the 3rd Convocation on April 17 2025 must attend a compulsory full dress rehearsal on April 16 2025 at 11:00 am."
"When must convocation students report for rehearsal?","convocation","All registered students for the 3rd Convocation on April 17 2025 must attend a compulsory full dress rehearsal on April 16 2025 at 11:00 am."
"What is the rehearsal requirement for convocation?","convocation","All registered students for the 3rd Convocation on April 17 2025 must attend a compulsory full dress rehearsal on April 16 2025 at 11:00 am."
"Who is eligible to participate in departmental competitions?","department_competitions","Students enrolled in the relevant departments for example competitions by the Society of Computer Technology."
"Who can take part in departmental competitions?","department_competitions","Students enrolled in the relevant departments for example competitions by the Society of Computer Technology."
"Which students are eligible for departmental competitions?","department_competitions","Students enrolled in the relevant departments for example competitions by the Society of Computer Technology."
"Who can participate in department level competitions?","department_competitions","Students enrolled in the relevant departments for example competitions by the Society of Computer Technology."
"Are all students eligible for departmental competitions?","department_competitions","Students enrolled in the relevant departments for example competitions by the Society of Computer Technology."
"Can students from relevant departments join competitions?","department_competitions","Students enrolled in the relevant departments for example competitions by the Society of Computer Technology."
"Who is allowed to compete in departmental events?","department_competitions","Students enrolled in the relevant departments for example competitions by the Society of Computer Technology."
"Who can join Society of Computer Technology competitions?","department_competitions","Students enrolled in the relevant departments for example competitions by the Society of Computer Technology."
"Are competitions open to department students only?","department_competitions","Students enrolled in the relevant departments for example competitions by the Society of Computer Technology."
"What is the eligibility criteria for departmental competitions?","department_competitions","Students enrolled in the relevant departments for example competitions by the Society of Computer Technology."
"Who qualifies for departmental level competitions?","department_competitions","Students enrolled in the relevant departments for example competitions by the Society of Computer Technology."
"Can enrolled students participate in department competitions?","department_competitions","Students enrolled in the relevant departments for example competitions by the Society of Computer Technology."
"Who can take part in computer society competitions?","department_competitions","Students enrolled in the relevant departments for example competitions by the Society of Computer Technology."
"Are departmental competitions limited to enrolled students?","department_competitions","Students enrolled in the relevant departments for example competitions by the Society of Computer Technology."
"Who is eligible for department-based competitions?","department_competitions","Students enrolled in the relevant departments for example competitions by the Society of Computer Technology."
"Are dining facilities available in the hostel?","hostel_mess","Yes well-furnished dining halls are available in every hostel for serving meals."
"Do the hostels have dining halls?","hostel_mess","Yes well-furnished dining halls are available in every hostel for serving meals."
"Are meals served in well-furnished dining halls in the hostel?","hostel_mess","Yes well-furnished dining halls are available in every hostel for serving meals."
"Is there a dining area in the hostel?","hostel_mess","Yes well-furnished dining halls are available in every hostel for serving meals."
"What kind of dining facilities are in the hostel?","hostel_mess","Yes well-furnished dining halls are available in every hostel for serving meals."
"Is a dining hall available in every hostel?","hostel_mess","Yes well-furnished dining halls are available in every hostel for serving meals."
"Are the hostel dining halls furnished?","hostel_mess","Yes well-furnished dining halls are available in every hostel for serving meals."
"How are meals served in the hostel?","hostel_mess","Yes well-furnished dining halls are available in every hostel for serving meals."
"Are there designated meal serving areas in the hostel?","hostel_mess","Yes well-furnished dining halls are available in every hostel for serving meals."
"What is the Entry Test registration process?","entry_test","Students must download the registration form for the Entry Test 2025 and submit it as instructed by the college."
"How do I register for the Entry Test?","entry_test","Students must download the registration form for the Entry Test 2025 and submit it as instructed by the college."
"Is a registration form required for the Entry Test 2025?","entry_test","Students must download the registration form for the Entry Test 2025 and submit it as instructed by the college."
"What steps are involved in the Entry Test registration?","entry_test","Students must download the registration form for the Entry Test 2025 and submit it as instructed by the college."
"Do I have to submit the downloaded Entry Test form?","entry_test","Students must download the registration form for the Entry Test 2025 and submit it as instructed by the college."
"What is the procedure for Entry Test 2025 registration?","entry_test","Students must download the registration form for the Entry Test 2025 and submit it as instructed by the college."
"Where can I download the Entry Test form?","entry_test","Download from the college website or the links provided in the announcements."
"Is the Entry Test form available on the college website?","entry_test","Download from the college website or the links provided in the announcements."
"Can I find the Entry Test form through the announcements?","entry_test","Download from the college website or the links provided in the announcements."
"Where are the download links for the Entry Test form?","entry_test","Download from the college website or the links provided in the announcements."
"Can I download the Entry Test registration form online?","entry_test","Download from the college website or the links provided in the announcements."
"When was the new academic block inaugurated?","campus_events","The new academic block was inaugurated by Mr Kamal Saleem Swati exact date mentioned in the news announcement."
"Who inaugurated the new academic block?","campus_events","The new academic block was inaugurated by Mr Kamal Saleem Swati exact date mentioned in the news announcement."
"Did Mr Kamal Saleem Swati inaugurate the new academic block?","campus_events","The new academic block was inaugurated by Mr Kamal Saleem Swati exact date mentioned in the news announcement."
"Where can I find the exact date of the new academic block inauguration?","campus_events","The new academic block was inaugurated by Mr Kamal Saleem Swati exact date mentioned in the news announcement."
"What facilities are available in the new academic block?","campus_events","The new block includes modern academic facilities details are announced during inauguration."
"Does the new academic block have modern academic facilities?","campus_events","The new block includes modern academic facilities details are announced during inauguration."
"Where can I find the details of the new academic block facilities?","campus_events","The new block includes modern academic facilities details are announced during inauguration."
"What kind of facilities does the new academic block offer?","campus_events","The new block includes modern academic facilities details are announced during inauguration."
"What is the rehearsal schedule for convocation participants?","convocation","All registered students for the 3rd Convocation on April 17 2025 must attend a compulsory full dress rehearsal on April 16 2025 at 11:00 am."
"Is the full dress rehearsal for the 3rd Convocation compulsory?","convocation","All registered students for the 3rd Convocation on April 17 2025 must attend a compulsory full dress rehearsal on April 16 2025 at 11:00 am."
"When is the compulsory rehearsal for the 3rd Convocation?","convocation","All registered students for the 3rd Convocation on April 17 2025 must attend a compulsory full dress rehearsal on April 16 2025 at 11:00 am."
"What time is the full dress rehearsal on April 16, 2025?","convocation","All registered students for the 3rd Convocation on April 17 2025 must attend a compulsory full dress rehearsal on April 16 2025 at 11:00 am."
"Who must attend the convocation rehearsal?","convocation","All registered students for the 3rd Convocation on April 17 2025 must attend a compulsory full dress rehearsal on April 16 2025 at 11:00 am."
"When is the 3rd Convocation scheduled?","convocation","All registered students for the 3rd Convocation on April 17 2025 must attend a compulsory full dress rehearsal on April 16 2025 at 11:00 am."
"Is the rehearsal for the 3rd Convocation mandatory?","convocation","All registered students for the 3rd Convocation on April 17 2025 must attend a compulsory full dress rehearsal on April 16 2025 at 11:00 am."
"Who is eligible to participate in departmental competitions?","department_competitions","Students enrolled in the relevant departments for example competitions by the Society of Computer Technology."
"Which students can participate in departmental competitions?","department_competitions","Students enrolled in the relevant departments for example competitions by the Society of Computer Technology."
"Do I have to be enrolled in the relevant department to participate in competitions?","department_competitions","Students enrolled in the relevant departments for example competitions by the Society of Computer Technology."
"Can only students of the Society of Computer Technology participate in their competitions?","department_competitions","Students enrolled in the relevant departments for example competitions by the Society of Computer Technology."
"Who is eligible for competitions organized by a department?","department_competitions","Students enrolled in the relevant departments for example competitions by the Society of Computer Technology."
"Are there sessions to improve communication skills?","events","Yes sessions like Enhancing Communication Skills and Embracing Chinese are organized by the Readers Club."
"Does the Readers Club organize sessions on communication skills?","events","Yes sessions like Enhancing Communication Skills and Embracing Chinese are organized by the Readers Club."
"Is there a session named 'Enhancing Communication Skills'?","events","Yes sessions like Enhancing Communication Skills and Embracing Chinese are organized by the Readers Club."
"What sessions are organized by the Readers Club?","events","Yes sessions like Enhancing Communication Skills and Embracing Chinese are organized by the Readers Club."
"Are there 'Embracing Chinese' sessions?","events","Yes sessions like Enhancing Communication Skills and Embracing Chinese are organized by the Readers Club."
"Are sessions available for improving communication abilities?","events","Yes sessions like Enhancing Communication Skills and Embracing Chinese are organized by the Readers Club."
"Which club is responsible for communication skills sessions?","events","Yes sessions like Enhancing Communication Skills and Embracing Chinese are organized by the Readers Club."
"Which departments participated in plantation drives?","events","Departments such as Pakistan Studies Heritage Society and Environmental Protection Society participated in 2025 plantation drives."
"Did the Pakistan Studies and Heritage Society participate in plantation drives?","events","Departments such as Pakistan Studies Heritage Society and Environmental Protection Society participated in 2025 plantation drives."
"Which societies were involved in the 2025 plantation drives?","events","Departments such as Pakistan Studies Heritage Society and Environmental Protection Society participated in 2025 plantation drives."
"Was the Environmental Protection Society involved in plantation drives?","events","Departments such as Pakistan Studies Heritage Society and Environmental Protection Society participated in 2025 plantation drives."
"Which departments took part in the plantation drives?","events","Departments such as Pakistan Studies Heritage Society and Environmental Protection Society participated in 2025 plantation drives."
"Who retired recently after 34 years of service?","events","Professor Abdul Majid retired after 34 years of academic service."
"Which professor recently retired?","events","Professor Abdul Majid retired after 34 years of academic service."
"How long was Professor Abdul Majid's service?","events","Professor Abdul Majid retired after 34 years of academic service."
"Did Professor Abdul Majid retire recently?","events","Professor Abdul Majid retired after 34 years of academic service."
"Who completed 34 years of academic service before retirement?","events","Professor Abdul Majid retired after 34 years of academic service."
"What is the Environmental Protection Society doing?","events","They launched the Plantation Drive 2025 to promote environmental awareness and go green."
"What is the goal of the Plantation Drive 2025 by the Environmental Protection Society?","events","They launched the Plantation Drive 2025 to promote environmental awareness and go green."
"Which society launched the Plantation Drive 2025?","events","They launched the Plantation Drive 2025 to promote environmental awareness and go green."
"Is the Environmental Protection Society promoting environmental awareness?","events","They launched the Plantation Drive 2025 to promote environmental awareness and go green."
"What is the Environmental Protection Society's 2025 initiative?","events","They launched the Plantation Drive 2025 to promote environmental awareness and go green."
"When was the Research Projects Expo 2024 held?","events","December 17 2024 at JMC Mansehra showcasing innovative student projects."
"Where was the Research Projects Expo 2024 held?","events","December 17 2024 at JMC Mansehra showcasing innovative student projects."
"What was the date of the Research Projects Expo 2024?","events","December 17 2024 at JMC Mansehra showcasing innovative student projects."
"What was showcased at the Research Projects Expo 2024?","events","December 17 2024 at JMC Mansehra showcasing innovative student projects."
"Was the Research Projects Expo 2024 held at JMC Mansehra?","events","December 17 2024 at JMC Mansehra showcasing innovative student projects."
"What is the purpose of seminars on anti-corruption?","events","Seminars and awareness walks are organized to educate students about International Anti-Corruption Week."
"Why are anti-corruption seminars organized?","events","Seminars and awareness walks are organized to educate students about International Anti-Corruption Week."
"Are awareness walks organized for International Anti-Corruption Week?","events","Seminars and awareness walks are organized to educate students about International Anti-Corruption Week."
"What is the aim of the anti-corruption events?","events","Seminars and awareness walks are organized to educate students about International Anti-Corruption Week."
"Are students educated about International Anti-Corruption Week?","events","Seminars and awareness walks are organized to educate students about International Anti-Corruption Week."
"When is the Intermediate Sports Gala held?","events","Intermediate Sports Gala 2024 was organized for students sports competitions and achievements."
"When was the Intermediate Sports Gala 2024 organized?","events","Intermediate Sports Gala 2024 was organized for students sports competitions and achievements."
"What event was organized for student sports competitions and achievements?","events","Intermediate Sports Gala 2024 was organized for students sports competitions and achievements."
"What is the Intermediate Sports Gala?","events","Intermediate Sports Gala 2024 was organized for students sports competitions and achievements."
"Was the Intermediate Sports Gala held in 2024?","events","Intermediate Sports Gala 2024 was organized for students sports competitions and achievements."
"What is the purpose of the Intermediate Sports Gala?","events","Intermediate Sports Gala 2024 was organized for students sports competitions and achievements."
"What are the dates for the 2nd Entrepreneur Expo?","events","October 23rd boys and 24th girls 2024 students and staff participate in entrepreneurial activities."
"When was the 2nd Entrepreneur Expo held for boys?","events","October 23rd boys and 24th girls 2024 students and staff participate in entrepreneurial activities."
"What are the dates for the 2nd Entrepreneur Expo for girls?","events","October 23rd boys and 24th girls 2024 students and staff participate in entrepreneurial activities."
"Did students and staff participate in the 2nd Entrepreneur Expo?","events","October 23rd boys and 24th girls 2024 students and staff participate in entrepreneurial activities."
"What kind of activities were held during the 2nd Entrepreneur Expo?","events","October 23rd boys and 24th girls 2024 students and staff participate in entrepreneurial activities."
"When did the 2nd Entrepreneur Expo take place?","events","October 23rd boys and 24th girls 2024 students and staff participate in entrepreneurial activities."
"How can I register for the 3rd convocation?","convocation","Registration is open through the college announcement links the convocation is held in the last week of October."
"Where is the registration link for the 3rd convocation?","convocation","Registration is open through the college announcement links the convocation is held in the last week of October."
"When is the 3rd convocation generally held?","convocation","Registration is open through the college announcement links the convocation is held in the last week of October."
"Is registration open for the 3rd convocation?","convocation","Registration is open through the college announcement links the convocation is held in the last week of October."
"What is the convocation registration process?","convocation","Registration is open through the college announcement links the convocation is held in the last week of October."
"Is the 3rd convocation held in the last week of October?","convocation","Registration is open through the college announcement links the convocation is held in the last week of October."
"Who is Dr Shoaib Akhtar?","alumni_news","Dr Shoaib Akhtar Lecturer in Physics and alumnus successfully defended his PhD on Radionuclide Cross-Section Data."
"What is Dr Shoaib Akhtar's position at the college?","alumni_news","Dr Shoaib Akhtar Lecturer in Physics and alumnus successfully defended his PhD on Radionuclide Cross-Section Data."
"What was the topic of Dr Shoaib Akhtar's PhD?","alumni_news","Dr Shoaib Akhtar Lecturer in Physics and alumnus successfully defended his PhD on Radionuclide Cross-Section Data."
"Is Dr Shoaib Akhtar an alumnus of the college?","alumni_news","Dr Shoaib Akhtar Lecturer in Physics and alumnus successfully defended his PhD on Radionuclide Cross-Section Data."
"What subject does Dr Shoaib Akhtar teach?","alumni_news","Dr Shoaib Akhtar Lecturer in Physics and alumnus successfully defended his PhD on Radionuclide Cross-Section Data."
"Where can I check merit lists for BS programs?","merit_lists","Merit lists for BS Zoology CS AI English and Political Science are published on the official HED website and Google Drive links provided."
"Are merit lists for BS programs available online?","merit_lists","Merit lists for BS Zoology CS AI English and Political Science are published on the official HED website and Google Drive links provided."
"Which BS programs have merit lists published?","merit_lists","Merit lists for BS Zoology CS AI English and Political Science are published on the official HED website and Google Drive links provided."
"Is the HED website used to publish BS merit lists?","merit_lists","Merit lists for BS Zoology CS AI English and Political Science are published on the official HED website and Google Drive links provided."
"What is the source for BS merit lists?","merit_lists","Merit lists for BS Zoology CS AI English and Political Science are published on the official HED website and Google Drive links provided."
"When was the BS Entry Test result announced?","entry_test","August 27 2025 results for Computer Science English and Zoology were released."
"What was the date of the BS Entry Test result announcement?","entry_test","August 27 2025 results for Computer Science English and Zoology were released."
"Which subjects' results were announced for the BS Entry Test on August 27, 2025?","entry_test","August 27 2025 results for Computer Science English and Zoology were released."
"Were the results for Computer Science Entry Test released on August 27, 2025?","entry_test","August 27 2025 results for Computer Science English and Zoology were released."
"What are the quotas in merit lists for intermediate programs?","merit_lists","Quotas include P Medical Engineering Science CS Sports Open Merit Local Afghan and special persons."
"What types of quotas are available for intermediate merit lists?","merit_lists","Quotas include P Medical Engineering Science CS Sports Open Merit Local Afghan and special persons."
"Are there quotas for special persons in intermediate merit lists?","merit_lists","Quotas include P Medical Engineering Science CS Sports Open Merit Local Afghan and special persons."
"Is there a quota for Afghan students in intermediate programs?","merit_lists","Quotas include P Medical Engineering Science CS Sports Open Merit Local Afghan and special persons."
"Are there P Medical and Engineering quotas for intermediate students?","merit_lists","Quotas include P Medical Engineering Science CS Sports Open Merit Local Afghan and special persons."
"When do intermediate 2nd shift admissions start?","admissions","Announcements were made on August 14 2025 apply via https://admission.hed.gkp.pk/"
"When did the intermediate second shift admissions open?","admissions","Announcements were made on August 14 2025 apply via https://admission.hed.gkp.pk/"
"What is the starting date for 2nd shift intermediate admissions?","admissions","Announcements were made on August 14 2025 apply via https://admission.hed.gkp.pk/"
"On what date were the 2nd shift intermediate admissions announced?","admissions","Announcements were made on August 14 2025 apply via https://admission.hed.gkp.pk/"
"Where can I submit my application for intermediate 2nd shift?","admissions","Announcements were made on August 14 2025 apply via https://admission.hed.gkp.pk/"
"What is the application link for 2nd shift intermediate admissions?","admissions","Announcements were made on August 14 2025 apply via https://admission.hed.gkp.pk/"
"How to apply for 2nd shift admissions for intermediate programs?","admissions","Announcements were made on August 14 2025 apply via https://admission.hed.gkp.pk/"
"Is the intermediate evening shift admission open?","admissions","Announcements were made on August 14 2025 apply via https://admission.hed.gkp.pk/"
"Where is the admission portal for 2nd shift intermediate?","admissions","Announcements were made on August 14 2025 apply via https://admission.hed.gkp.pk/"
"Were announcements for 2nd shift intermediate admissions made on August 14 2025?","admissions","Announcements were made on August 14 2025 apply via https://admission.hed.gkp.pk/"
"What is the URL for applying to the intermediate 2nd shift?","admissions","Announcements were made on August 14 2025 apply via https://admission.hed.gkp.pk/"
"How can students participate in AI department events?","ai_department","Students can apply for BS AI and attend events like research expos affiliation inspections conducted by Hazara University team."
"What are the requirements for students to join AI department events?","ai_department","Students can apply for BS AI and attend events like research expos affiliation inspections conducted by Hazara University team."
"Which students are eligible to attend AI department events?","ai_department","Students can apply for BS AI and attend events like research expos affiliation inspections conducted by Hazara University team."
"Can BS AI applicants attend the department's research expos?","ai_department","Students can apply for BS AI and attend events like research expos affiliation inspections conducted by Hazara University team."
"How can one get involved in the AI department's activities?","ai_department","Students can apply for BS AI and attend events like research expos affiliation inspections conducted by Hazara University team."
"Is applying for BS AI a prerequisite for participating in AI events?","ai_department","Students can apply for BS AI and attend events like research expos affiliation inspections conducted by Hazara University team."
"Are affiliation inspections by Hazara University considered AI department events?","ai_department","Students can apply for BS AI and attend events like research expos affiliation inspections conducted by Hazara University team."
"Who visited GPGC Mansehra from Hazara University?","official_visits","Regional Director Hazara Division QAC HED team and Pro Vice Chancellor visited for inspections and affiliations."
"Which officials from Hazara University visited the college?","official_visits","Regional Director Hazara Division QAC HED team and Pro Vice Chancellor visited for inspections and affiliations."
"Did the Pro Vice Chancellor of Hazara University visit the college?","official_visits","Regional Director Hazara Division QAC HED team and Pro Vice Chancellor visited for inspections and affiliations."
"Who from Hazara University came to GPGC Mansehra for inspections?","official_visits","Regional Director Hazara Division QAC HED team and Pro Vice Chancellor visited for inspections and affiliations."
"What was the purpose of the visit by the Hazara University team?","official_visits","Regional Director Hazara Division QAC HED team and Pro Vice Chancellor visited for inspections and affiliations."
"Did the Regional Director Hazara Division QAC HED team visit?","official_visits","Regional Director Hazara Division QAC HED team and Pro Vice Chancellor visited for inspections and affiliations."
"Where can I find registration forms for FA/FSc admissions?","admissions","Available on the HED online admission portal http://www.admission.hed.gkp.pk/"
"What is the link to the FA/FSc admission registration forms?","admissions","Available on the HED online admission portal http://www.admission.hed.gkp.pk/"
"Where is the FA/FSc admission form located online?","admissions","Available on the HED online admission portal http://www.admission.hed.gkp.pk/"
"Is the FA/FSc registration form on the HED admission portal?","admissions","Available on the HED online admission portal http://www.admission.hed.gkp.pk/"
"What is the website for FA/FSc registration forms?","admissions","Available on the HED online admission portal http://www.admission.hed.gkp.pk/"
"Where are the FA/FSc admission forms accessible?","admissions","Available on the HED online admission portal http://www.admission.hed.gkp.pk/"
"Who received UGRAD scholarship from English department?","alumni_news","Javeria Javed semester VII awarded UGRAD Exchange Program Scholarship to study in the USA."
"Which English department student got the UGRAD scholarship?","alumni_news","Javeria Javed semester VII awarded UGRAD Exchange Program Scholarship to study in the USA."
"What is the name of the student awarded the UGRAD Exchange Program Scholarship?","alumni_news","Javeria Javed semester VII awarded UGRAD Exchange Program Scholarship to study in the USA."
"Which student was awarded the UGRAD scholarship for study in the USA?","alumni_news","Javeria Javed semester VII awarded UGRAD Exchange Program Scholarship to study in the USA."
"What semester was Javeria Javed in when she received the UGRAD scholarship?","alumni_news","Javeria Javed semester VII awarded UGRAD Exchange Program Scholarship to study in the USA."
"Did a student from the English department get a scholarship to the USA?","alumni_news","Javeria Javed semester VII awarded UGRAD Exchange Program Scholarship to study in the USA."
"What are the deadlines for merit list fee submission?","admissions","As per the merit list notice for example Fall 2023 1st merit list fee submission deadline was September 13 2023."
"Where are the fee submission deadlines published for the merit list?","admissions","As per the merit list notice for example Fall 2023 1st merit list fee submission deadline was September 13 2023."
"What is the fee payment deadline mentioned in the merit list notice?","admissions","As per the merit list notice for example Fall 2023 1st merit list fee submission deadline was September 13 2023."
"Do I check the merit list notice for the fee submission date?","admissions","As per the merit list notice for example Fall 2023 1st merit list fee submission deadline was September 13 2023."
"Was the deadline for the Fall 2023 1st merit list fee submission September 13 2023?","admissions","As per the merit list notice for example Fall 2023 1st merit list fee submission deadline was September 13 2023."
"How do students know about upcoming seminars and workshops?","events","Notices are posted on the college website announcements and social media regarding seminars workshops and expos."
"How are students notified of upcoming seminars and workshops?","events","Notices are posted on the college website announcements and social media regarding seminars workshops and expos."
"Where are announcements for college seminars made?","events","Notices are posted on the college website announcements and social media regarding seminars workshops and expos."
"What methods are used to communicate information about workshops?","events","Notices are posted on the college website announcements and social media regarding seminars workshops and expos."
"Do I check the college website for seminar and workshop updates?","events","Notices are posted on the college website announcements and social media regarding seminars workshops and expos."
"Are notices for expos posted on social media?","events","Notices are posted on the college website announcements and social media regarding seminars workshops and expos."
"What is the communication channel for college events like seminars?","events","Notices are posted on the college website announcements and social media regarding seminars workshops and expos."
"Where are the official announcements for workshops posted?","events","Notices are posted on the college website announcements and social media regarding seminars workshops and expos."
"How does the college make event announcements to students?","events","Notices are posted on the college website announcements and social media regarding seminars workshops and expos."
"Are seminar and workshop notices available on the website?","events","Notices are posted on the college website announcements and social media regarding seminars workshops and expos."
"Do I need to follow social media for college event information?","events","Notices are posted on the college website announcements and social media regarding seminars workshops and expos."
"Where is the FSc Block located?","campus_building","FSc Block is located in College Doraha and hosts intermediate classes with morning and evening shifts."
"What is the exact location of the FSc Block?","campus_building","FSc Block is located in College Doraha and hosts intermediate classes with morning and evening shifts."
"Which classes are housed in the FSc Block?","campus_building","FSc Block is located in College Doraha and hosts intermediate classes with morning and evening shifts."
"Does the FSc Block offer both morning and evening shifts?","campus_building","FSc Block is located in College Doraha and hosts intermediate classes with morning and evening shifts."
"Where can I find the FSc Block on the campus?","campus_building","FSc Block is located in College Doraha and hosts intermediate classes with morning and evening shifts."
"Is the FSc Block at College Doraha?","campus_building","FSc Block is located in College Doraha and hosts intermediate classes with morning and evening shifts."
"Does the FSc Block cater to intermediate students?","campus_building","FSc Block is located in College Doraha and hosts intermediate classes with morning and evening shifts."
"What is the address of the FSc Block?","campus_building","FSc Block is located in College Doraha and hosts intermediate classes with morning and evening shifts."
"Are both shifts for intermediate classes held in the FSc Block?","campus_building","FSc Block is located in College Doraha and hosts intermediate classes with morning and evening shifts."
"Which block is responsible for intermediate classes?","campus_building","FSc Block is located in College Doraha and hosts intermediate classes with morning and evening shifts."
"Which departments are in the Administration/Main Block?","campus_building","Administration Block hosts offices English Political Science and Economics departments."
"What departments are situated in the Main Block?","campus_building","Administration Block hosts offices English Political Science and Economics departments."
"Are the English and Economics departments in the Administration Block?","campus_building","Administration Block hosts offices English Political Science and Economics departments."
"Which departments share space with the administrative offices?","campus_building","Administration Block hosts offices English Political Science and Economics departments."
"What is housed in the Administration/Main Block?","campus_building","Administration Block hosts offices English Political Science and Economics departments."
"Where is the Political Science department located?","campus_building","Administration Block hosts offices English Political Science and Economics departments."
"Is the Administration Block also known as the Main Block?","campus_building","Administration Block hosts offices English Political Science and Economics departments."
"Which departments are located in the Main Block?","campus_building","Administration Block hosts offices English Political Science and Economics departments."
"Which departments are in other blocks?","campus_building","Statistics Pakistan Studies Islamic Studies Zoology Botany Pashto Urdu Computer Science AI Maths Chemistry and Physics are in different dedicated blocks."
"Are the Chemistry and Physics departments in separate blocks?","campus_building","Statistics Pakistan Studies Islamic Studies Zoology Botany Pashto Urdu Computer Science AI Maths Chemistry and Physics are in different dedicated blocks."
"Which departments are not located in the Administration Block?","campus_building","Statistics Pakistan Studies Islamic Studies Zoology Botany Pashto Urdu Computer Science AI Maths Chemistry and Physics are in different dedicated blocks."
"Are Pashto and Urdu departments in dedicated blocks?","campus_building","Statistics Pakistan Studies Islamic Studies Zoology Botany Pashto Urdu Computer Science AI Maths Chemistry and Physics are in different dedicated blocks."
"Which blocks house the Statistics, Botany, and Zoology departments?","campus_building","Statistics Pakistan Studies Islamic Studies Zoology Botany Pashto Urdu Computer Science AI Maths Chemistry and Physics are in different dedicated blocks."
"Are Computer Science and AI departments in dedicated blocks?","campus_building","Statistics Pakistan Studies Islamic Studies Zoology Botany Pashto Urdu Computer Science AI Maths Chemistry and Physics are in different dedicated blocks."
"Which labs are available in the college?","campus_labs","Labs for Physics Chemistry AI CS Botany Zoology and Statistics are available."
"Are there laboratory facilities for Physics and Chemistry?","campus_labs","Labs for Physics Chemistry AI CS Botany Zoology and Statistics are available."
"Which subjects have dedicated laboratory facilities?","campus_labs","Labs for Physics Chemistry AI CS Botany Zoology and Statistics are available."
"Does the college provide labs for AI and Computer Science?","campus_labs","Labs for Physics Chemistry AI CS Botany Zoology and Statistics are available."
"Are there labs for all science subjects?","campus_labs","Labs for Physics Chemistry AI CS Botany Zoology and Statistics are available."
"What laboratory facilities are offered by the college?","campus_labs","Labs for Physics Chemistry AI CS Botany Zoology and Statistics are available."
"Is a Statistics lab available for students?","campus_labs","Labs for Physics Chemistry AI CS Botany Zoology and Statistics are available."
"What is the list of available labs in the college?","campus_labs","Labs for Physics Chemistry AI CS Botany Zoology and Statistics are available."
"Does the college have a library?","campus_facilities","Yes the college has a central library with resources for students and faculty."
"Is there a library in the college?","campus_facilities","Yes the college has a central library with resources for students and faculty."
"Are there library facilities available?","campus_facilities","Yes the college has a central library with resources for students and faculty."
"Where is the central library located?","campus_facilities","Yes the college has a central library with resources for students and faculty."
"Does the college provide a central library?","campus_facilities","Yes the college has a central library with resources for students and faculty."
"What resources are available in the college library?","campus_facilities","Yes the college has a central library with resources for students and faculty."
"Is the library for both students and faculty?","campus_facilities","Yes the college has a central library with resources for students and faculty."
"What other facilities are available in the college?","campus_facilities","Canteen stationary parking parks and gardens and grounds for cricket football basketball and badminton."
"What non-academic facilities are available?","campus_facilities","Canteen stationary parking parks and gardens and grounds for cricket football basketball and badminton."
"Are there sports grounds in the college?","campus_facilities","Canteen stationary parking parks and gardens and grounds for cricket football basketball and badminton."
"Does the college have a canteen and stationary shop?","campus_facilities","Canteen stationary parking parks and gardens and grounds for cricket football basketball and badminton."
"Are there parking facilities on campus?","campus_facilities","Canteen stationary parking parks and gardens and grounds for cricket football basketball and badminton."
"What is QEC?","campus_facilities","QEC Quality Enhancement Cell collects feedback from students about teachers and courses every semester via MCQs on forms."
"What does QEC stand for?","campus_facilities","QEC Quality Enhancement Cell collects feedback from students about teachers and courses every semester via MCQs on forms."
"What is the function of the Quality Enhancement Cell?","campus_facilities","QEC Quality Enhancement Cell collects feedback from students about teachers and courses every semester via MCQs on forms."
"Does QEC collect student feedback via MCQs?","campus_facilities","QEC Quality Enhancement Cell collects feedback from students about teachers and courses every semester via MCQs on forms."
"How often does QEC collect feedback?","campus_facilities","QEC Quality Enhancement Cell collects feedback from students about teachers and courses every semester via MCQs on forms."
"How are students evaluated in BS programs?","examinations","Evaluation is based on theory and lab exams mid exams 30 marks sessional work 20 marks final exams 50 marks."
"What is the evaluation breakdown for BS students?","examinations","Evaluation is based on theory and lab exams mid exams 30 marks sessional work 20 marks final exams 50 marks."
"How many marks are allocated to the final exams in BS programs?","examinations","Evaluation is based on theory and lab exams mid exams 30 marks sessional work 20 marks final exams 50 marks."
"What percentage of marks is for mid exams?","examinations","Evaluation is based on theory and lab exams mid exams 30 marks sessional work 20 marks final exams 50 marks."
"How are credit hours calculated?","examinations","One credit hour equals one class per week Courses with n plus m credit hours have n theory classes per week and m lab credit hours One lab credit hour equals three hours class."
"What is the calculation for credit hours?","examinations","One credit hour equals one class per week Courses with n plus m credit hours have n theory classes per week and m lab credit hours One lab credit hour equals three hours class."
"How many classes per week is one credit hour?","examinations","One credit hour equals one class per week Courses with n plus m credit hours have n theory classes per week and m lab credit hours One lab credit hour equals three hours class."
"What is the equivalent time for one lab credit hour?","examinations","One credit hour equals one class per week Courses with n plus m credit hours have n theory classes per week and m lab credit hours One lab credit hour equals three hours class."
"How are lab courses evaluated?","examinations","Labs have projects lab classes and assignments Lab exams are 100 marks separate from theory."
"What is the evaluation method for lab courses?","examinations","Labs have projects lab classes and assignments Lab exams are 100 marks separate from theory."
"Do lab courses have projects and assignments?","examinations","Labs have projects lab classes and assignments Lab exams are 100 marks separate from theory."
"How many marks are the lab exams worth?","examinations","Labs have projects lab classes and assignments Lab exams are 100 marks separate from theory."
"Are lab exam marks separate from theory marks?","examinations","Labs have projects lab classes and assignments Lab exams are 100 marks separate from theory."
"What makes up the grade for lab courses?","examinations","Labs have projects lab classes and assignments Lab exams are 100 marks separate from theory."
"How much weight do lab exams carry?","examinations","Labs have projects lab classes and assignments Lab exams are 100 marks separate from theory."
"Are lab exams 100 marks and separate from the theory portion?","examinations","Labs have projects lab classes and assignments Lab exams are 100 marks separate from theory."
"What is the GPA system?","gpa","Grades are converted into GPA Students must maintain minimum GPA of 2.0 to remain in good standing."
"How are grades converted to GPA?","gpa","Grades are converted into GPA Students must maintain minimum GPA of 2.0 to remain in good standing."
"What is the minimum required GPA to be in good standing?","gpa","Grades are converted into GPA Students must maintain minimum GPA of 2.0 to remain in good standing."
"Do students need a GPA of 2.0 for good standing?","gpa","Grades are converted into GPA Students must maintain minimum GPA of 2.0 to remain in good standing."
"What happens if GPA is below 2.0?","gpa","If GPA is below 2.0 the student is on probation If GPA is below 2.0 for two consecutive semesters the student may be expelled."
"What is the consequence of a GPA below 2.0?","gpa","If GPA is below 2.0 the student is on probation If GPA is below 2.0 for two consecutive semesters the student may be expelled."
"When is a student put on probation regarding GPA?","gpa","If GPA is below 2.0 the student is on probation If GPA is below 2.0 for two consecutive semesters the student may be expelled."
"Can a student be expelled due to low GPA?","gpa","If GPA is below 2.0 the student is on probation If GPA is below 2.0 for two consecutive semesters the student may be expelled."
"What leads to expulsion based on GPA?","gpa","If GPA is below 2.0 the student is on probation If GPA is below 2.0 for two consecutive semesters the student may be expelled."
"Can a failed subject be repeated?","gpa","Yes a failed subject can be repeated in the college next year or in Hazara University in a condensed semester if overall GPA is at least 2.0."
"Can I repeat a subject I failed?","gpa","Yes a failed subject can be repeated in the college next year or in Hazara University in a condensed semester if overall GPA is at least 2.0."
"What is the condition for repeating a failed subject?","gpa","Yes a failed subject can be repeated in the college next year or in Hazara University in a condensed semester if overall GPA is at least 2.0."
"Can a failed subject be repeated at Hazara University?","gpa","Yes a failed subject can be repeated in the college next year or in Hazara University in a condensed semester if overall GPA is at least 2.0."
"Do I need a minimum GPA of 2.0 to repeat a failed course?","gpa","Yes a failed subject can be repeated in the college next year or in Hazara University in a condensed semester if overall GPA is at least 2.0."
"Can a passed subject be improved?","gpa","Yes a subject can be improved except for marks in the range sixty to seventy which cannot be improved."
"Can I retake a subject I already passed to improve the grade?","gpa","Yes a subject can be improved except for marks in the range sixty to seventy which cannot be improved."
"What is the exception for improving a passed subject?","gpa","Yes a subject can be improved except for marks in the range sixty to seventy which cannot be improved."
"Can a subject with marks between sixty and seventy be improved?","gpa","Yes a subject can be improved except for marks in the range sixty to seventy which cannot be improved."
"How can a student earn a gold medal?","gpa","Gold medal requires high GPA without repeating or improving any subject."
"What are the requirements for a gold medal?","gpa","Gold medal requires high GPA without repeating or improving any subject."
"Do I need a high GPA to get a gold medal?","gpa","Gold medal requires high GPA without repeating or improving any subject."
"Can a gold medal be awarded if a subject was repeated or improved?","gpa","Gold medal requires high GPA without repeating or improving any subject."
"Do courses with labs have semester projects?","examinations","Yes four credit hour courses with labs require semester projects."
"Are semester projects required for courses with labs?","examinations","Yes four credit hour courses with labs require semester projects."
"Which courses require a semester project?","examinations","Yes four credit hour courses with labs require semester projects."
"Do four credit hour courses with labs need semester projects?","examinations","Yes four credit hour courses with labs require semester projects."
"Is final year project or internship required?","examinations","Yes, a final year project, research, or internship is required for all departments. From 2025, a two to four month internship with three credit hours is mandatory."
"Is a Final Year Project (FYP) compulsory for all departments?","examinations","Yes, a final year project, research, or internship is required for all departments. From 2025, a two to four month internship with three credit hours is mandatory."
"Do I have to complete an internship or final year project?","examinations","Yes, a final year project, research, or internship is required for all departments. From 2025, a two to four month internship with three credit hours is mandatory."
"What is the requirement for the final year of study?","examinations","Yes, a final year project, research, or internship is required for all departments. From 2025, a two to four month internship with three credit hours is mandatory."
"Is a research project mandatory in the final year?","examinations","Yes, a final year project, research, or internship is required for all departments. From 2025, a two to four month internship with three credit hours is mandatory."
"How long must the mandatory internship be?","examinations","Yes, a final year project, research, or internship is required for all departments. From 2025, a two to four month internship with three credit hours is mandatory."
"How many credit hours is the mandatory internship worth?","examinations","Yes, a final year project, research, or internship is required for all departments. From 2025, a two to four month internship with three credit hours is mandatory."
"Since when is the two to four month internship compulsory?","examinations","Yes, a final year project, research, or internship is required for all departments. From 2025, a two to four month internship with three credit hours is mandatory."
"Do all degree programs have a final year project requirement?","examinations","Yes, a final year project, research, or internship is required for all departments. From 2025, a two to four month internship with three credit hours is mandatory."
"Is an internship an alternative to a final year project?","examinations","Yes, a final year project, research, or internship is required for all departments. From 2025, a two to four month internship with three credit hours is mandatory."
"Can you give an example of GPA calculation?","gpa","Example: If a student gets A (4.0) in a three credit course, B (3.0) in a three credit course, and C (2.0) in a four credit course, GPA equals (3 * 4) + (3 * 3) + (4 * 2) / 10, which equals 2.9."
"Illustrate the calculation of the Grade Point Average (GPA).","gpa","Example: If a student gets A (4.0) in a three credit course, B (3.0) in a three credit course, and C (2.0) in a four credit course, GPA equals (3 * 4) + (3 * 3) + (4 * 2) / 10, which equals 2.9."
"How is the GPA of 2.9 derived in the example given?","gpa","Example: If a student gets A (4.0) in a three credit course, B (3.0) in a three credit course, and C (2.0) in a four credit course, GPA equals (3 * 4) + (3 * 3) + (4 * 2) / 10, which equals 2.9."
"What is the mathematical process for the GPA calculation example?","gpa","Example: If a student gets A (4.0) in a three credit course, B (3.0) in a three credit course, and C (2.0) in a four credit course, GPA equals (3 * 4) + (3 * 3) + (4 * 2) / 10, which equals 2.9."
"Show me the steps to calculate the GPA.","gpa","Example: If a student gets A (4.0) in a three credit course, B (3.0) in a three credit course, and C (2.0) in a four credit course, GPA equals (3 * 4) + (3 * 3) + (4 * 2) / 10, which equals 2.9."
"Does the college provide transportation?","transport","Yes, three buses are available for daily pick and drop. Students using bus service have a bus card."
"Are college buses available for students?","transport","Yes, three buses are available for daily pick and drop. Students using bus service have a bus card."
"How many buses are there for the student pick and drop service?","transport","Yes, three buses are available for daily pick and drop. Students using bus service have a bus card."
"Do students need a bus card to use the transportation service?","transport","Yes, three buses are available for daily pick and drop. Students using bus service have a bus card."
"What is the provision for student transport at the college?","transport","Yes, three buses are available for daily pick and drop. Students using bus service have a bus card."
"Is a bus service provided for daily commute?","transport","Yes, three buses are available for daily pick and drop. Students using bus service have a bus card."
"What co-curricular activities are available?","activities","Expo stalls, seminars, workshops, Urdu Mushaira, debates, essay writing, poster competitions, Quranic competitions, visits to institutes and conferences, gardening, study tours and interdepartmental cricket leagues."
"List the co-curricular activities offered by the college.","activities","Expo stalls, seminars, workshops, Urdu Mushaira, debates, essay writing, poster competitions, Quranic competitions, visits to institutes and conferences, gardening, study tours and interdepartmental cricket leagues."
"Are there opportunities for debates and essay writing competitions?","activities","Expo stalls, seminars, workshops, Urdu Mushaira, debates, essay writing, poster competitions, Quranic competitions, visits to institutes and conferences, gardening, study tours and interdepartmental cricket leagues."
"Does the college organize Quranic competitions and Urdu Mushaira?","activities","Expo stalls, seminars, workshops, Urdu Mushaira, debates, essay writing, poster competitions, Quranic competitions, visits to institutes and conferences, gardening, study tours and interdepartmental cricket leagues."
"What extracurricular activities are available?","activities","Expo stalls, seminars, workshops, Urdu Mushaira, debates, essay writing, poster competitions, Quranic competitions, visits to institutes and conferences, gardening, study tours and interdepartmental cricket leagues."
"Are there any interdepartmental sports or leagues?","activities","Expo stalls, seminars, workshops, Urdu Mushaira, debates, essay writing, poster competitions, Quranic competitions, visits to institutes and conferences, gardening, study tours and interdepartmental cricket leagues."
"What sports facilities are available?","activities","Grounds for cricket, football, basketball, badminton and other sports activities."
"What sports grounds are provided by the college?","activities","Grounds for cricket, football, basketball, badminton and other sports activities."
"Does the college have fields for major sports like cricket and football?","activities","Grounds for cricket, football, basketball, badminton and other sports activities."
"What kind of facilities are there for basketball and badminton?","activities","Grounds for cricket, football, basketball, badminton and other sports activities."
"Are there dedicated grounds for sports activities?","activities","Grounds for cricket, football, basketball, badminton and other sports activities."
"List the sports facilities the college offers.","activities","Grounds for cricket, football, basketball, badminton and other sports activities."
"Do students have to fill feedback forms?","qec","Yes, students must fill feedback forms at the end of each semester for every subject and teacher."
"Is it mandatory for students to complete feedback forms?","qec","Yes, students must fill feedback forms at the end of each semester for every subject and teacher."
"When do students submit feedback forms?","qec","Yes, students must fill feedback forms at the end of each semester for every subject and teacher."
"Are feedback forms required for every teacher and subject?","qec","Yes, students must fill feedback forms at the end of each semester for every subject and teacher."
"Must students fill out feedback forms at the close of the semester?","qec","Yes, students must fill feedback forms at the end of each semester for every subject and teacher."
"How often are students required to fill feedback forms?","qec","Yes, students must fill feedback forms at the end of each semester for every subject and teacher."
"How are feedback forms conducted?","qec","Feedback forms are MCQ style and evaluate the course and teacher."
"What style are the feedback forms?","qec","Feedback forms are MCQ style and evaluate the course and teacher."
"Are the feedback forms multiple-choice questions (MCQ) style?","qec","Feedback forms are MCQ style and evaluate the course and teacher."
"Do the feedback forms assess both the course and the teacher?","qec","Feedback forms are MCQ style and evaluate the course and teacher."
"What is evaluated using the MCQ feedback forms?","qec","Feedback forms are MCQ style and evaluate the course and teacher."
"What are the college timings?","college_timing","College starts at nine am. Students can leave from twelve pm depending on their schedule and classes."
"When does the college day begin?","college_timing","College starts at nine am. Students can leave from twelve pm depending on their schedule and classes."
"What is the starting time of the college?","college_timing","College starts at nine am. Students can leave from twelve pm depending on their schedule and classes."
"What time can students depart from the college?","college_timing","College starts at nine am. Students can leave from twelve pm depending on their schedule and classes."
"Does the college close at twelve pm?","college_timing","College starts at nine am. Students can leave from twelve pm depending on their schedule and classes."
"Is the student leaving time dependent on their class schedule?","college_timing","College starts at nine am. Students can leave from twelve pm depending on their schedule and classes."
"Can students use the canteen?","campus_facilities","Yes, the college has a canteen available for students during college hours."
"Is the college canteen accessible to students?","campus_facilities","Yes, the college has a canteen available for students during college hours."
"When can students access the college canteen?","campus_facilities","Yes, the college has a canteen available for students during college hours."
"Is there a canteen on campus for student use?","campus_facilities","Yes, the college has a canteen available for students during college hours."
"Can students visit the library anytime?","campus_facilities","Students can visit the library according to their schedule during library hours."
"When are students allowed to visit the library?","campus_facilities","Students can visit the library according to their schedule during library hours."
"Can I use the library based on my class schedule?","campus_facilities","Students can visit the library according to their schedule during library hours."
"What are the library visiting hours for students?","campus_facilities","Students can visit the library according to their schedule during library hours."
"What academic programs are offered at GPGC Mansehra?","program_list","GPGC Mansehra offers a wide range of Bachelor of Science programs including Artificial Intelligence, Botany, Computer Science, Chemistry, Mathematics, Physics, Statistics, Zoology, English, Economics, Islamic Studies, Political Science, Pashto, Pakistan Studies and Urdu."
"List the BS programs available at GPGC Mansehra.","program_list","GPGC Mansehra offers a wide range of Bachelor of Science programs including Artificial Intelligence, Botany, Computer Science, Chemistry, Mathematics, Physics, Statistics, Zoology, English, Economics, Islamic Studies, Political Science, Pashto, Pakistan Studies and Urdu."
"Does GPGC Mansehra offer BS programs in Arts and Sciences?","program_list","GPGC Mansehra offers a wide range of Bachelor of Science programs including Artificial Intelligence, Botany, Computer Science, Chemistry, Mathematics, Physics, Statistics, Zoology, English, Economics, Islamic Studies, Political Science, Pashto, Pakistan Studies and Urdu."
"Are there BS programs in Computer Science and Physics?","program_list","GPGC Mansehra offers a wide range of Bachelor of Science programs including Artificial Intelligence, Botany, Computer Science, Chemistry, Mathematics, Physics, Statistics, Zoology, English, Economics, Islamic Studies, Political Science, Pashto, Pakistan Studies and Urdu."
"Which social science programs does GPGC Mansehra offer?","program_list","GPGC Mansehra offers a wide range of Bachelor of Science programs including Artificial Intelligence, Botany, Computer Science, Chemistry, Mathematics, Physics, Statistics, Zoology, English, Economics, Islamic Studies, Political Science, Pashto, Pakistan Studies and Urdu."
"Where can students find the latest news and announcements from the college?","college_news","Students can find news and announcements like merit lists, event notices, and admission forms on the official college website under the Announcements and News Highlights sections."
"How can I access the college's latest announcements?","college_news","Students can find news and announcements like merit lists, event notices, and admission forms on the official college website under the Announcements and News Highlights sections."
"Where are the merit lists and event notices published?","college_news","Students can find news and announcements like merit lists, event notices, and admission forms on the official college website under the Announcements and News Highlights sections."
"Does the official college website have a section for news?","college_news","Students can find news and announcements like merit lists, event notices, and admission forms on the official college website under the Announcements and News Highlights sections."
"Which sections of the college website contain admission forms and news?","college_news","Students can find news and announcements like merit lists, event notices, and admission forms on the official college website under the Announcements and News Highlights sections."
"What message does the principal convey on the college website?","principal_message","The principal message emphasizes quality education, creative teaching and learning methods, continuous improvement, and preparation of students to be globally competent thinkers and professionals."
"What is the focus of the message from the principal?","principal_message","The principal message emphasizes quality education, creative teaching and learning methods, continuous improvement, and preparation of students to be globally competent thinkers and professionals."
"What does the principal's message stress regarding education?","principal_message","The principal message emphasizes quality education, creative teaching and learning methods, continuous improvement, and preparation of students to be globally competent thinkers and professionals."
"Does the principal's message mention continuous improvement?","principal_message","The principal message emphasizes quality education, creative teaching and learning methods, continuous improvement, and preparation of students to be globally competent thinkers and professionals."
"What is the goal of student preparation according to the principal?","principal_message","The principal message emphasizes quality education, creative teaching and learning methods, continuous improvement, and preparation of students to be globally competent thinkers and professionals."
"What does the principal say about teaching methods?","principal_message","The principal message emphasizes quality education, creative teaching and learning methods, continuous improvement, and preparation of students to be globally competent thinkers and professionals."
"What are the key points in the principal's address on the website?","principal_message","The principal message emphasizes quality education, creative teaching and learning methods, continuous improvement, and preparation of students to be globally competent thinkers and professionals."
"What is the college's philosophy on student readiness for the world?","principal_message","The principal message emphasizes quality education, creative teaching and learning methods, continuous improvement, and preparation of students to be globally competent thinkers and professionals."
"How does the college describe its role in student development?","student_development_focus","According to the website, the college strives to help students reach their full potential, develop self-confidence, ambition, and respect for values such as integrity, honesty, and discipline."
"What is the college's focus regarding student potential?","student_development_focus","According to the website, the college strives to help students reach their full potential, develop self-confidence, ambition, and respect for values such as integrity, honesty, and discipline."
"Which values does the college aim to instill in students?","student_development_focus","According to the website, the college strives to help students reach their full potential, develop self-confidence, ambition, and respect for values such as integrity, honesty, and discipline."
"Does the college emphasize integrity and discipline?","student_development_focus","According to the website, the college strives to help students reach their full potential, develop self-confidence, ambition, and respect for values such as integrity, honesty, and discipline."
"What does the college website state about developing student self-confidence?","student_development_focus","According to the website, the college strives to help students reach their full potential, develop self-confidence, ambition, and respect for values such as integrity, honesty, and discipline."
"What are the developmental goals for students mentioned on the website?","student_development_focus","According to the website, the college strives to help students reach their full potential, develop self-confidence, ambition, and respect for values such as integrity, honesty, and discipline."
"What types of content are featured on the college homepage announcements?","homepage_announcements","GPGC Mansehra homepage features announcements for merit lists, entry tests, convocation notices, and news highlights about academic achievements and events."
"What kind of announcements can be found on the GPGC Mansehra homepage?","homepage_announcements","GPGC Mansehra homepage features announcements for merit lists, entry tests, convocation notices, and news highlights about academic achievements and events."
"Are merit lists featured on the college homepage?","homepage_announcements","GPGC Mansehra homepage features announcements for merit lists, entry tests, convocation notices, and news highlights about academic achievements and events."
"Where are entry test and convocation notices displayed on the website?","homepage_announcements","GPGC Mansehra homepage features announcements for merit lists, entry tests, convocation notices, and news highlights about academic achievements and events."
"Does the college display news about academic events on its homepage?","homepage_announcements","GPGC Mansehra homepage features announcements for merit lists, entry tests, convocation notices, and news highlights about academic achievements and events."
"What information is highlighted in the news section of the college homepage?","homepage_announcements","GPGC Mansehra homepage features announcements for merit lists, entry tests, convocation notices, and news highlights about academic achievements and events."
"Does the college use its website for entry test resources?","entry_test_online","Yes, the college website provides downloadable resources like the Entry Test registration form and related announcements."
"Can I find Entry Test resources on the college website?","entry_test_online","Yes, the college website provides downloadable resources like the Entry Test registration form and related announcements."
"Are there downloadable forms for the Entry Test available online?","entry_test_online","Yes, the college website provides downloadable resources like the Entry Test registration form and related announcements."
"Does the website offer announcements related to the Entry Test?","entry_test_online","Yes, the college website provides downloadable resources like the Entry Test registration form and related announcements."
"Where can I download the registration form for the Entry Test?","entry_test_online","Yes, the college website provides downloadable resources like the Entry Test registration form and related announcements."
"How does the college present its educational philosophy online?","education_philosophy_online","The college website highlights that education at GPGC Mansehra is not just about qualifications but also about gaining lifelong skills, discipline, and holistic development."
"What is the college's philosophy on education as stated on its website?","education_philosophy_online","The college website highlights that education at GPGC Mansehra is not just about qualifications but also about gaining lifelong skills, discipline, and holistic development."
"Does the college's website emphasize holistic development?","education_philosophy_online","The college website highlights that education at GPGC Mansehra is not just about qualifications but also about gaining lifelong skills, discipline, and holistic development."
"Is education at GPGC Mansehra focused solely on academic qualifications?","education_philosophy_online","The college website highlights that education at GPGC Mansehra is not just about qualifications but also about gaining lifelong skills, discipline, and holistic development."
"What kind of skills does the college emphasize besides qualifications?","education_philosophy_online","The college website highlights that education at GPGC Mansehra is not just about qualifications but also about gaining lifelong skills, discipline, and holistic development."
"Where can students find links for HED admissions?","online_admissions_info","The college website includes links to the Higher Education Department admission portal where students can apply online for intermediate and degree programs."
"Does the college website provide a link to the HED admission portal?","online_admissions_info","The college website includes links to the Higher Education Department admission portal where students can apply online for intermediate and degree programs."
"How can I access the Higher Education Department admission portal?","online_admissions_info","The college website includes links to the Higher Education Department admission portal where students can apply online for intermediate and degree programs."
"Where are the links for online admissions to intermediate and degree programs?","online_admissions_info","The college website includes links to the Higher Education Department admission portal where students can apply online for intermediate and degree programs."
"Can I apply online for college programs through the HED portal link on the website?","online_admissions_info","The college website includes links to the Higher Education Department admission portal where students can apply online for intermediate and degree programs."
"What kind of environment does the college homepage promote?","campus_environment_online","The website promotes a vibrant, engaging, and student-friendly environment that supports both academic and extracurricular growth."
"How does the college website describe the campus environment?","campus_environment_online","The website promotes a vibrant, engaging, and student-friendly environment that supports both academic and extracurricular growth."
"What kind of environment does the homepage suggest the college has?","campus_environment_online","The website promotes a vibrant, engaging, and student-friendly environment that supports both academic and extracurricular growth."
"Is the college environment promoted as student-friendly?","campus_environment_online","The website promotes a vibrant, engaging, and student-friendly environment that supports both academic and extracurricular growth."
"Does the college website mention support for extracurricular growth?","campus_environment_online","The website promotes a vibrant, engaging, and student-friendly environment that supports both academic and extracurricular growth."
"Is there a section for student achievements or highlights on the website?","student_achievements_online","Yes, the news highlights on the homepage include accomplishments such as merit list releases and faculty and student achievements."
"Where are student achievements published on the website?","student_achievements_online","Yes, the news highlights on the homepage include accomplishments such as merit list releases and faculty and student achievements."
"Does the homepage's news highlight section feature faculty accomplishments?","student_achievements_online","Yes, the news highlights on the homepage include accomplishments such as merit list releases and faculty and student achievements."
"Are merit list releases considered student highlights on the website?","student_achievements_online","Yes, the news highlights on the homepage include accomplishments such as merit list releases and faculty and student achievements."
"I don’t understand your question","fallback_intent","I am sorry, I could not understand that. Please ask about admissions, departments, fees, or facilities of GPGC Mansehra."
"I don't know what to ask about","fallback_intent","I am sorry, I could not understand that. Please ask about admissions, departments, fees, or facilities of GPGC Mansehra."
"I don't get the answer","fallback_intent","I am sorry, I could not understand that. Please ask about admissions, departments, fees, or facilities of GPGC Mansehra."
"What can I ask you about?","fallback_intent","I am sorry, I could not understand that. Please ask about admissions, departments, fees, or facilities of GPGC Mansehra."
"Can you help me with college information?","fallback_intent","I am sorry, I could not understand that. Please ask about admissions, departments, fees, or facilities of GPGC Mansehra."
"Can you tell me about the college?","fallback_intent","I am sorry, I could not understand that. Please ask about admissions, departments, fees, or facilities of GPGC Mansehra."
"What are the relevant topics to ask?","fallback_intent","I am sorry, I could not understand that. Please ask about admissions, departments, fees, or facilities of GPGC Mansehra."
"I need information but I'm unsure of the question","fallback_intent","I am sorry, I could not understand that. Please ask about admissions, departments, fees, or facilities of GPGC Mansehra."
"What are the core areas you cover for GPGC Mansehra?","fallback_intent","I am sorry, I could not understand that. Please ask about admissions, departments, fees, or facilities of GPGC Mansehra."
"What should I ask about GPGC Mansehra?","fallback_intent","I am sorry, I could not understand that. Please ask about admissions, departments, fees, or facilities of GPGC Mansehra."